-- phpMyAdmin SQL Dump
-- version 4.6.6
-- https://www.phpmyadmin.net/
--
-- Хост: localhost
-- Время создания: Фев 15 2018 г., 10:34
-- Версия сервера: 5.5.52-38.3
-- Версия PHP: 5.6.30

SET SQL_MODE = "NO_AUTO_VALUE_ON_ZERO";
SET time_zone = "+00:00";


/*!40101 SET @OLD_CHARACTER_SET_CLIENT=@@CHARACTER_SET_CLIENT */;
/*!40101 SET @OLD_CHARACTER_SET_RESULTS=@@CHARACTER_SET_RESULTS */;
/*!40101 SET @OLD_COLLATION_CONNECTION=@@COLLATION_CONNECTION */;
/*!40101 SET NAMES utf8mb4 */;

--
-- База данных: `ca03222_tlt`
--

-- --------------------------------------------------------

--
-- Структура таблицы `board`
--

CREATE TABLE IF NOT EXISTS `board` (
  `id` int(10) UNSIGNED NOT NULL AUTO_INCREMENT,
  `date` timestamp NOT NULL DEFAULT CURRENT_TIMESTAMP,
  `plant_id` tinyint(3) UNSIGNED NOT NULL,
  PRIMARY KEY (`id`)
) ENGINE=InnoDB AUTO_INCREMENT=120 DEFAULT CHARSET=utf8;

--
-- Дамп данных таблицы `board`
--

INSERT INTO `board` (`id`, `date`, `plant_id`) VALUES
(31, '2018-01-31 21:00:00', 2),
(32, '2018-01-31 21:00:00', 2),
(33, '2018-01-31 21:00:00', 3),
(34, '2018-01-31 21:00:00', 2),
(35, '2018-01-31 21:00:00', 3),
(36, '2018-02-01 21:00:00', 2),
(37, '2018-02-01 21:00:00', 3),
(38, '2018-02-01 21:00:00', 2),
(39, '2018-02-01 21:00:00', 2),
(40, '2018-02-01 21:00:00', 3),
(41, '2018-02-01 21:00:00', 2),
(42, '2018-02-01 21:00:00', 3),
(43, '2018-02-01 21:00:00', 2),
(44, '2018-02-01 21:00:00', 2),
(45, '2018-02-02 21:00:00', 2),
(46, '2018-02-02 21:00:00', 2),
(47, '2018-02-02 21:00:00', 2),
(48, '2018-02-02 21:00:00', 2),
(49, '2018-02-02 21:00:00', 3),
(50, '2018-02-02 21:00:00', 2),
(51, '2018-02-03 21:00:00', 2),
(52, '2018-02-03 21:00:00', 3),
(53, '2018-02-03 21:00:00', 2),
(54, '2018-02-03 21:00:00', 2),
(55, '2018-02-03 21:00:00', 3),
(56, '2018-02-04 21:00:00', 2),
(57, '2018-02-04 21:00:00', 2),
(58, '2018-02-04 21:00:00', 3),
(59, '2018-02-04 21:00:00', 3),
(60, '2018-02-04 21:00:00', 2),
(61, '2018-02-05 21:00:00', 2),
(62, '2018-02-05 21:00:00', 2),
(63, '2018-02-05 21:00:00', 3),
(64, '2018-02-05 21:00:00', 3),
(65, '2018-02-06 21:00:00', 2),
(66, '2018-02-06 21:00:00', 2),
(67, '2018-02-06 21:00:00', 2),
(68, '2018-02-06 21:00:00', 3),
(69, '2018-02-06 21:00:00', 4),
(70, '2018-02-06 21:00:00', 2),
(71, '2018-02-06 21:00:00', 2),
(72, '2018-02-06 21:00:00', 2),
(73, '2018-02-07 21:00:00', 2),
(74, '2018-02-07 21:00:00', 2),
(75, '2018-02-07 21:00:00', 2),
(76, '2018-02-07 21:00:00', 3),
(77, '2018-02-07 21:00:00', 3),
(78, '2018-02-08 21:00:00', 4),
(79, '2018-02-07 21:00:00', 3),
(80, '2018-02-08 21:00:00', 2),
(81, '2018-02-08 21:00:00', 2),
(82, '2018-02-08 21:00:00', 3),
(83, '2018-02-09 21:00:00', 4),
(84, '2018-02-10 21:00:00', 4),
(85, '2018-02-10 21:00:00', 4),
(86, '2018-02-08 21:00:00', 2),
(87, '2018-02-08 21:00:00', 3),
(88, '2018-02-08 21:00:00', 3),
(89, '2018-02-09 21:00:00', 2),
(90, '2018-02-09 21:00:00', 2),
(91, '2018-02-09 21:00:00', 3),
(92, '2018-02-09 21:00:00', 2),
(93, '2018-02-09 21:00:00', 2),
(94, '2018-02-09 21:00:00', 3),
(95, '2018-02-10 21:00:00', 2),
(96, '2018-02-10 21:00:00', 2),
(97, '2018-02-10 21:00:00', 3),
(98, '2018-02-10 21:00:00', 3),
(99, '2018-02-10 21:00:00', 2),
(100, '2018-02-10 21:00:00', 2),
(101, '2018-02-10 21:00:00', 3),
(102, '2018-02-11 21:00:00', 2),
(103, '2018-02-11 21:00:00', 2),
(104, '2018-02-11 21:00:00', 3),
(105, '2018-02-11 21:00:00', 2),
(106, '2018-02-11 21:00:00', 2),
(107, '2018-02-11 21:00:00', 3),
(108, '2018-02-12 21:00:00', 2),
(109, '2018-02-12 21:00:00', 2),
(110, '2018-02-12 21:00:00', 3),
(111, '2018-02-12 21:00:00', 2),
(112, '2018-02-12 21:00:00', 3),
(113, '2018-02-12 21:00:00', 3),
(114, '2018-02-12 21:00:00', 2),
(115, '2018-02-13 21:00:00', 2),
(116, '2018-02-11 21:00:00', 4),
(117, '2018-02-12 21:00:00', 4),
(118, '2018-02-13 21:00:00', 2),
(119, '2018-02-13 21:00:00', 3);

-- --------------------------------------------------------

--
-- Структура таблицы `board_item`
--

CREATE TABLE IF NOT EXISTS `board_item` (
  `id` int(10) UNSIGNED NOT NULL AUTO_INCREMENT,
  `board_id` int(10) UNSIGNED NOT NULL,
  `thickness` float NOT NULL,
  `width` float NOT NULL,
  `length` float NOT NULL,
  `count` float NOT NULL,
  `price` int(11) DEFAULT NULL,
  PRIMARY KEY (`id`)
) ENGINE=InnoDB AUTO_INCREMENT=935 DEFAULT CHARSET=utf8;

--
-- Дамп данных таблицы `board_item`
--

INSERT INTO `board_item` (`id`, `board_id`, `thickness`, `width`, `length`, `count`, `price`) VALUES
(9, 13, 2.3, 123.213, 2, 2, NULL),
(23, 12, 2.2, 2.2, 2.2, 1.1, NULL),
(24, 12, 1, 1, 1, 50, NULL),
(25, 12, 2, 2.123, 0.23, 60, NULL),
(26, 12, 3, 0.1, 3, 70, NULL),
(27, 12, 4, 4, 4, 4, NULL),
(28, 1, 2.2, 0.26, 2.6, 63, NULL),
(29, 1, 2, 0.15, 3.5, 40, NULL),
(30, 1, 1.5, 0.5, 5, 20, NULL),
(31, 1, 3.7, 0.3, 4, 50, NULL),
(32, 10, 2.4, 0.21, 2.5, 50, NULL),
(33, 10, 2.1, 0.5, 5, 30, NULL),
(34, 10, 1.8, 0.3, 3, 40, NULL),
(39, 14, 1.8, 0.4, 4, 67, NULL),
(40, 14, 1.1, 0.3, 3.78, 87, NULL),
(44, 11, 2.3, 2.1, 1, 89, NULL),
(45, 11, 2.1, 0.3, 3, 12, NULL),
(46, 11, 4.3, 1, 2, 30, NULL),
(60, 16, 1, 2, 3, 5, 1800),
(61, 16, 2, 1.5, 2.3, 10, 2300),
(62, 15, 12, 2, 2.3, 10, 320),
(63, 15, 2.1, 6, 3, 20, 1900),
(64, 17, 12, 323, 323, 3, 232),
(65, 18, 2, 3, 4, 10, NULL),
(66, 19, 0.033, 0.103, 3.6, 300, NULL),
(67, 19, 0.033, 1, 3.6, 30, NULL),
(68, 19, 0.033, 0.178, 3.6, 180, NULL),
(69, 19, 0.033, 0.178, 3.6, 180, NULL),
(70, 19, 0.019, 0.078, 2.4, 520, NULL),
(71, 19, 0.019, 0.095, 3.6, 440, NULL),
(72, 19, 0.033, 0.153, 3.6, 210, NULL),
(80, 20, 0.019, 0.103, 3.6, 400, NULL),
(81, 20, 0.033, 0.103, 3.6, 300, NULL),
(82, 20, 0.033, 0.128, 3.6, 240, NULL),
(83, 20, 0.033, 0.128, 2.4, 240, NULL),
(84, 20, 0.033, 0.153, 3.6, 210, NULL),
(85, 20, 0.033, 0.128, 3.6, 240, NULL),
(86, 20, 0.019, 0.078, 3.6, 520, NULL),
(92, 21, 0.033, 0.153, 3.6, 210, NULL),
(93, 21, 0.033, 1, 3.6, 30, NULL),
(94, 21, 0.033, 0.103, 2, 300, NULL),
(95, 21, 0.033, 0.103, 2, 300, NULL),
(96, 21, 0.033, 0.178, 3.6, 180, NULL),
(97, 21, 0.033, 0.128, 2.4, 240, NULL),
(98, 21, 0.033, 0.178, 2.4, 180, NULL),
(99, 21, 0.033, 0.178, 3.6, 180, NULL),
(105, 22, 0.019, 0.103, 3.6, 400, NULL),
(106, 22, 0.033, 0.103, 3.6, 300, NULL),
(107, 22, 0.033, 0.128, 3.6, 240, NULL),
(108, 22, 0.033, 0.128, 2.4, 240, NULL),
(109, 22, 0.033, 0.153, 3.6, 210, NULL),
(110, 22, 0.033, 0.128, 3.6, 240, NULL),
(111, 22, 0.019, 0.078, 3.6, 520, NULL),
(128, 23, 0.033, 0.178, 3.6, 180, NULL),
(129, 23, 0.033, 0.103, 3.6, 300, NULL),
(130, 23, 0.033, 0.103, 2.4, 300, NULL),
(131, 23, 0.019, 0.095, 2.4, 440, NULL),
(132, 23, 0.019, 1, 3.6, 40, NULL),
(133, 23, 0.033, 0.153, 3.6, 210, NULL),
(134, 23, 0.033, 0.153, 2.4, 210, NULL),
(135, 23, 0.033, 0.178, 2.4, 180, NULL),
(136, 24, 0.033, 0.103, 3.6, 300, NULL),
(137, 24, 0.033, 1, 3.6, 30, NULL),
(138, 24, 0.033, 0.178, 3.6, 180, NULL),
(139, 24, 0.033, 0.178, 3.6, 180, NULL),
(140, 24, 0.019, 0.078, 2.4, 520, NULL),
(141, 24, 0.019, 0.095, 3.6, 440, NULL),
(142, 24, 0.033, 0.153, 3.6, 210, NULL),
(150, 25, 0.033, 0.153, 3.6, 210, NULL),
(151, 25, 0.033, 0.178, 3.6, 180, NULL),
(152, 25, 0.033, 0.128, 3.6, 240, NULL),
(153, 25, 0.033, 0.178, 2.4, 180, NULL),
(154, 25, 0.033, 0.103, 3.6, 300, NULL),
(155, 25, 0.033, 0.103, 3.6, 300, NULL),
(156, 25, 0.033, 0.178, 3.6, 180, NULL),
(157, 26, 0.033, 0.178, 3.6, 180, NULL),
(158, 26, 0.033, 1, 3.6, 31, NULL),
(159, 26, 0.019, 1, 3.6, 41, NULL),
(160, 26, 0.033, 0.153, 2.4, 210, NULL),
(161, 26, 0.033, 0.103, 3.6, 300, NULL),
(162, 26, 0.033, 0.103, 3.6, 300, NULL),
(163, 26, 0.019, 1, 3.6, 45, NULL),
(164, 27, 0.033, 0.103, 3.6, 300, NULL),
(165, 27, 0.033, 0.153, 3.6, 210, NULL),
(166, 27, 0.033, 0.153, 3.6, 210, NULL),
(167, 27, 0.033, 0.178, 3.6, 180, NULL),
(168, 27, 0.033, 0.128, 3.6, 240, NULL),
(169, 27, 0.019, 0.095, 3.6, 440, NULL),
(170, 27, 0.033, 0.178, 2.4, 180, NULL),
(171, 28, 0.033, 0.178, 3.6, 180, NULL),
(172, 28, 0.033, 0.128, 3.6, 240, NULL),
(173, 28, 0.019, 1, 2.4, 40, NULL),
(174, 28, 0.033, 0.153, 2.4, 210, NULL),
(175, 28, 0.033, 0.128, 3.6, 240, NULL),
(176, 28, 0.033, 0.128, 3.6, 240, NULL),
(177, 28, 0.019, 1, 2.4, 39, NULL),
(178, 28, 0.033, 0.103, 2.4, 300, NULL),
(188, 29, 0.033, 0.153, 3.6, 210, NULL),
(189, 29, 0.019, 1, 3.6, 39, NULL),
(190, 29, 0.033, 1, 2.4, 30, NULL),
(191, 29, 0.033, 1, 2.4, 30, NULL),
(192, 29, 0.033, 0.103, 2.4, 300, NULL),
(193, 29, 0.033, 0.103, 2.4, 300, NULL),
(194, 29, 0.033, 0.128, 2.4, 240, NULL),
(195, 29, 0.033, 0.153, 2.4, 210, NULL),
(196, 29, 0.033, 0.153, 2.4, 210, NULL),
(204, 30, 0.033, 0.178, 3.6, 180, NULL),
(205, 30, 0.033, 0.103, 3.6, 300, NULL),
(206, 30, 0.033, 0.103, 3.6, 300, NULL),
(207, 30, 0.033, 0.128, 2.4, 240, NULL),
(208, 30, 0.033, 0.178, 2.4, 180, NULL),
(209, 30, 0.033, 0.153, 3.6, 210, NULL),
(210, 30, 0.033, 0.153, 3.6, 210, NULL),
(219, 31, 0.033, 0.103, 2.4, 210, NULL),
(220, 31, 0.033, 0.128, 2.4, 99, NULL),
(221, 31, 0.033, 0.153, 2.4, 364, NULL),
(222, 31, 0.033, 0.178, 2.4, 276, NULL),
(223, 31, 0.019, 1, 2.4, 28, NULL),
(224, 31, 0.033, 1, 2.4, 30, NULL),
(225, 31, 0.019, 1, 3, 65, NULL),
(226, 31, 0.019, 1, 2, 30, NULL),
(227, 32, 0.033, 0.85, 1.8, 30, NULL),
(228, 32, 0.019, 0.095, 2.4, 440, NULL),
(229, 32, 0.019, 0.095, 2.4, 440, NULL),
(230, 32, 0.019, 0.095, 1.8, 440, NULL),
(231, 32, 0.019, 1, 3, 40, NULL),
(232, 32, 0.033, 0.153, 2.4, 210, NULL),
(233, 32, 0.019, 1, 2.4, 40, NULL),
(234, 32, 0.033, 0.103, 2.4, 300, NULL),
(235, 32, 0.033, 0.178, 2.4, 180, NULL),
(236, 32, 0.033, 0.128, 2.4, 240, NULL),
(237, 33, 0.032, 0.082, 3, 264, NULL),
(238, 33, 0.032, 0.082, 3, 264, NULL),
(239, 33, 0.032, 0.082, 3, 264, NULL),
(240, 33, 0.032, 0.082, 3, 264, NULL),
(241, 33, 0.032, 0.082, 3, 264, NULL),
(242, 33, 0.032, 0.082, 3, 264, NULL),
(243, 33, 0.032, 0.082, 3, 264, NULL),
(244, 33, 0.032, 0.082, 3, 264, NULL),
(245, 33, 0.032, 0.082, 3, 264, NULL),
(246, 33, 0.032, 0.082, 3, 264, NULL),
(247, 33, 0.032, 0.082, 3, 264, NULL),
(248, 33, 0.032, 0.082, 3, 264, NULL),
(249, 34, 0.033, 1, 3.6, 30, NULL),
(250, 34, 0.033, 1, 2.4, 30, NULL),
(251, 34, 0.033, 0.178, 2.4, 180, NULL),
(252, 34, 0.019, 0.095, 2.4, 550, NULL),
(253, 34, 0.033, 0.153, 2.4, 210, NULL),
(254, 35, 0.032, 0.082, 3, 264, NULL),
(255, 35, 0.032, 0.082, 3, 264, NULL),
(256, 35, 0.032, 0.082, 3, 264, NULL),
(257, 35, 0.032, 0.082, 3, 264, NULL),
(258, 35, 0.032, 0.082, 3, 264, NULL),
(259, 36, 0.033, 0.128, 3.6, 240, NULL),
(260, 36, 0.033, 0.153, 3.6, 210, NULL),
(261, 36, 0.033, 0.178, 3.6, 180, NULL),
(262, 36, 0.033, 0.128, 2.4, 240, NULL),
(263, 36, 0.019, 1, 3, 40, NULL),
(264, 36, 0.019, 1, 3, 40, NULL),
(265, 37, 0.032, 0.082, 3, 264, NULL),
(266, 38, 0.033, 0.103, 2.4, 300, NULL),
(267, 38, 0.033, 0.128, 2.4, 240, NULL),
(268, 38, 0.033, 0.128, 2.4, 240, NULL),
(269, 38, 0.033, 0.128, 2.4, 240, NULL),
(270, 38, 0.033, 0.128, 2.4, 240, NULL),
(271, 38, 0.033, 0.128, 2.4, 240, NULL),
(272, 38, 0.033, 0.128, 2.4, 240, NULL),
(273, 38, 0.033, 0.128, 2.4, 240, NULL),
(274, 38, 0.033, 0.153, 2.4, 210, NULL),
(275, 38, 0.033, 0.178, 2.4, 180, NULL),
(276, 39, 0.033, 0.128, 2.4, 240, NULL),
(277, 39, 0.033, 0.128, 2.4, 240, NULL),
(278, 39, 0.033, 0.178, 2.4, 180, NULL),
(279, 40, 0.032, 0.082, 3, 264, NULL),
(280, 40, 0.032, 0.082, 3, 264, NULL),
(281, 40, 0.032, 0.082, 3, 264, NULL),
(282, 40, 0.032, 0.082, 3, 264, NULL),
(283, 40, 0.032, 0.082, 3, 264, NULL),
(284, 40, 0.032, 0.082, 3, 264, NULL),
(285, 40, 0.032, 0.082, 3, 264, NULL),
(286, 40, 0.032, 0.082, 3, 264, NULL),
(287, 40, 0.032, 0.082, 3, 264, NULL),
(288, 41, 0.033, 0.128, 2.4, 240, NULL),
(289, 41, 0.033, 0.128, 2.4, 240, NULL),
(290, 41, 0.033, 0.128, 2.4, 240, NULL),
(291, 41, 0.033, 0.103, 2.4, 300, NULL),
(292, 41, 0.019, 0.095, 2.4, 440, NULL),
(293, 41, 0.033, 1, 2.4, 30, NULL),
(294, 41, 0.033, 1, 2.4, 30, NULL),
(295, 41, 0.033, 0.103, 3.6, 300, NULL),
(296, 41, 0.019, 1, 3, 22, NULL),
(297, 42, 0.032, 0.082, 2, 264, NULL),
(298, 43, 0.033, 1, 3, 30, NULL),
(299, 43, 0.033, 1, 2.4, 30, NULL),
(300, 43, 0.019, 1, 2.4, 40, NULL),
(301, 43, 0.019, 1, 3, 40, NULL),
(302, 43, 0.033, 0.128, 3.6, 240, NULL),
(303, 43, 0.033, 0.153, 3.6, 210, NULL),
(304, 43, 0.033, 0.178, 3.6, 180, NULL),
(305, 44, 0.033, 0.103, 3.6, 300, NULL),
(306, 44, 0.033, 0.153, 2.4, 210, NULL),
(307, 44, 0.033, 1, 2.4, 29, NULL),
(308, 44, 0.033, 0.128, 2.4, 240, NULL),
(309, 44, 0.033, 0.128, 2.4, 240, NULL),
(310, 44, 0.033, 0.128, 2.4, 240, NULL),
(311, 44, 0.033, 1, 1.8, 30, NULL),
(312, 44, 0.033, 0.178, 2.4, 180, NULL),
(313, 44, 0.019, 0.095, 2.4, 550, NULL),
(314, 45, 0.033, 0.128, 2.4, 240, NULL),
(315, 45, 0.033, 0.128, 2.4, 240, NULL),
(316, 45, 0.033, 0.128, 2.4, 240, NULL),
(317, 45, 0.033, 0.128, 2.4, 240, NULL),
(318, 45, 0.033, 0.128, 2.4, 240, NULL),
(319, 45, 0.033, 0.128, 2.4, 240, NULL),
(320, 45, 0.033, 0.103, 2.4, 300, NULL),
(321, 45, 0.033, 1, 2.4, 30, NULL),
(322, 45, 0.033, 1, 2.4, 30, NULL),
(323, 45, 0.033, 1, 2.4, 30, NULL),
(324, 46, 0.033, 0.128, 2.4, 240, NULL),
(325, 46, 0.033, 0.128, 2.4, 240, NULL),
(326, 46, 0.033, 0.128, 2.4, 240, NULL),
(327, 46, 0.033, 0.128, 2.4, 240, NULL),
(328, 46, 0.033, 0.128, 2.4, 240, NULL),
(329, 46, 0.033, 0.128, 2.4, 240, NULL),
(330, 46, 0.033, 0.178, 2.4, 180, NULL),
(331, 46, 0.033, 0.153, 2.4, 210, NULL),
(332, 46, 0.033, 1, 2.4, 30, NULL),
(333, 46, 0.019, 0.095, 2.4, 440, NULL),
(334, 47, 0.033, 0.178, 3.6, 180, NULL),
(335, 47, 0.033, 0.128, 3.6, 240, NULL),
(336, 47, 0.033, 0.153, 3.6, 210, NULL),
(337, 47, 0.019, 1, 3.6, 40, NULL),
(338, 47, 0.033, 0.153, 2.4, 131, NULL),
(339, 47, 0.033, 0.103, 2.4, 300, NULL),
(340, 47, 0.033, 0.128, 2.4, 213, NULL),
(341, 47, 0.019, 1, 2.4, 18, NULL),
(342, 47, 0.033, 1, 2.4, 20, NULL),
(343, 48, 0.033, 0.153, 3.6, 210, NULL),
(344, 48, 0.033, 0.128, 2.4, 240, NULL),
(345, 48, 0.033, 1, 2.4, 30, NULL),
(346, 48, 0.033, 0.128, 2.4, 240, NULL),
(347, 48, 0.033, 0.128, 2.4, 240, NULL),
(348, 48, 0.033, 1, 1.8, 30, NULL),
(349, 48, 0.019, 1, 3, 40, NULL),
(350, 48, 0.033, 0.128, 2.4, 240, NULL),
(351, 48, 0.033, 1, 2.4, 30, NULL),
(352, 49, 0.032, 0.082, 3, 264, NULL),
(353, 49, 0.032, 0.082, 3, 264, NULL),
(354, 49, 0.032, 0.082, 3, 264, NULL),
(355, 49, 0.032, 0.082, 3, 264, NULL),
(356, 49, 0.032, 0.082, 3, 264, NULL),
(357, 49, 0.032, 0.082, 3, 264, NULL),
(358, 49, 0.032, 0.082, 3, 264, NULL),
(359, 49, 0.032, 0.082, 3, 264, NULL),
(360, 50, 0.033, 0.178, 3.6, 180, NULL),
(361, 50, 0.033, 0.128, 2.4, 240, NULL),
(362, 50, 0.019, 1, 1.8, 40, NULL),
(363, 50, 0.033, 1, 2.4, 30, NULL),
(364, 51, 0.033, 1, 3.6, 21, NULL),
(365, 51, 0.019, 1, 3.6, 4, NULL),
(366, 51, 0.033, 0.153, 3.6, 210, NULL),
(367, 51, 0.033, 0.153, 3.6, 210, NULL),
(368, 51, 0.033, 0.153, 3.6, 210, NULL),
(369, 51, 0.019, 0.095, 1.8, 550, NULL),
(370, 51, 0.033, 0.128, 2.4, 240, NULL),
(371, 51, 0.033, 0.128, 2.4, 240, NULL),
(372, 51, 0.033, 1, 2.4, 30, NULL),
(373, 52, 0.032, 0.082, 3, 264, NULL),
(374, 52, 0.032, 0.082, 3, 264, NULL),
(375, 52, 0.032, 0.082, 3, 264, NULL),
(376, 52, 0.032, 0.082, 3, 264, NULL),
(377, 52, 0.032, 0.082, 3, 264, NULL),
(378, 52, 0.032, 0.082, 3, 264, NULL),
(379, 52, 0.032, 0.082, 3, 264, NULL),
(380, 52, 0.032, 0.082, 3, 264, NULL),
(381, 52, 0.032, 0.082, 3, 264, NULL),
(382, 52, 0.032, 0.082, 3, 264, NULL),
(383, 52, 0.032, 0.082, 3, 264, NULL),
(384, 52, 0.032, 0.082, 3, 264, NULL),
(385, 53, 0.033, 0.153, 3.6, 210, NULL),
(386, 53, 0.033, 0.128, 3.6, 222, NULL),
(387, 53, 0.033, 0.178, 3.6, 28, NULL),
(388, 53, 0.033, 0.153, 3.6, 97, NULL),
(389, 53, 0.033, 0.103, 3.6, 358, NULL),
(390, 53, 0.033, 0.128, 2.4, 240, NULL),
(391, 53, 0.019, 0.095, 2.4, 550, NULL),
(392, 53, 0.033, 1, 2.4, 30, NULL),
(393, 54, 0.033, 1, 2.4, 30, NULL),
(394, 54, 0.033, 0.128, 2.4, 240, NULL),
(395, 54, 0.033, 0.128, 2.4, 240, NULL),
(396, 54, 0.033, 0.128, 2.4, 240, NULL),
(397, 54, 0.033, 1, 2.4, 30, NULL),
(398, 55, 0.032, 0.082, 3, 264, NULL),
(399, 55, 0.032, 0.082, 3, 264, NULL),
(400, 55, 0.032, 0.082, 3, 264, NULL),
(401, 55, 0.032, 0.082, 3, 264, NULL),
(402, 55, 0.032, 0.082, 3, 264, NULL),
(403, 55, 0.032, 0.082, 3, 264, NULL),
(404, 56, 0.033, 0.153, 3.6, 210, NULL),
(405, 56, 0.033, 0.153, 3.6, 210, NULL),
(406, 56, 0.033, 0.153, 3.6, 210, NULL),
(407, 56, 0.033, 0.153, 3.6, 210, NULL),
(408, 56, 0.033, 1, 3.6, 30, NULL),
(409, 56, 0.033, 0.128, 2.4, 240, NULL),
(410, 56, 0.019, 1, 3, 49, NULL),
(411, 57, 0.033, 0.153, 3.6, 210, NULL),
(412, 57, 0.033, 0.153, 3.6, 210, NULL),
(413, 57, 0.033, 0.128, 2.4, 240, NULL),
(414, 57, 0.033, 1, 2.4, 30, NULL),
(415, 58, 0.032, 0.082, 3, 264, NULL),
(416, 58, 0.032, 0.082, 3, 264, NULL),
(417, 58, 0.032, 0.082, 3, 264, NULL),
(418, 58, 0.032, 0.082, 3, 264, NULL),
(419, 58, 0.032, 0.082, 3, 264, NULL),
(420, 58, 0.032, 0.082, 3, 264, NULL),
(421, 59, 0.032, 0.082, 3, 264, NULL),
(422, 59, 0.032, 0.082, 3, 264, NULL),
(423, 59, 0.032, 0.082, 3, 264, NULL),
(424, 59, 0.032, 0.082, 3, 264, NULL),
(425, 59, 0.032, 0.082, 3, 264, NULL),
(426, 59, 0.032, 0.082, 3, 264, NULL),
(427, 59, 0.032, 0.082, 3, 264, NULL),
(428, 59, 0.032, 0.082, 3, 264, NULL),
(429, 59, 0.032, 0.082, 3, 264, NULL),
(430, 59, 0.032, 0.082, 3, 264, NULL),
(431, 59, 0.032, 0.082, 3, 264, NULL),
(432, 59, 0.032, 0.082, 3, 264, NULL),
(433, 59, 0.032, 0.082, 2, 264, NULL),
(434, 60, 0.033, 1, 3, 6, NULL),
(435, 60, 0.019, 1, 3, 21, NULL),
(436, 60, 0.019, 1, 2.4, 49, NULL),
(437, 60, 0.019, 1, 1.8, 25, NULL),
(438, 60, 0.019, 1, 2.4, 24, NULL),
(439, 60, 0.019, 1, 2, 35, NULL),
(440, 60, 0.019, 1, 3.6, 23, NULL),
(441, 60, 0.019, 1, 3, 40, NULL),
(442, 60, 0.033, 0.128, 2.4, 240, NULL),
(443, 60, 0.033, 0.153, 3.6, 210, NULL),
(444, 60, 0.019, 0.095, 2.4, 550, NULL),
(445, 61, 0.033, 0.153, 3.6, 210, NULL),
(446, 61, 0.033, 0.153, 3.6, 210, NULL),
(447, 61, 0.033, 0.153, 3.6, 210, NULL),
(448, 61, 0.033, 0.153, 3.6, 210, NULL),
(449, 61, 0.033, 0.153, 3.6, 210, NULL),
(450, 61, 0.033, 0.128, 2.4, 240, NULL),
(451, 61, 0.033, 1, 3.6, 30, NULL),
(452, 62, 0.033, 0.128, 2.4, 240, NULL),
(453, 62, 0.033, 0.128, 2.4, 240, NULL),
(454, 62, 0.033, 0.128, 2.4, 240, NULL),
(455, 62, 0.033, 0.128, 2.4, 240, NULL),
(456, 62, 0.033, 0.128, 2.4, 240, NULL),
(457, 62, 0.033, 1, 3.6, 30, NULL),
(458, 62, 0.033, 1, 2.4, 30, NULL),
(459, 62, 0.033, 0.153, 3.6, 210, NULL),
(460, 63, 0.032, 0.082, 3, 264, NULL),
(461, 63, 0.032, 0.082, 3, 264, NULL),
(462, 63, 0.032, 0.082, 3, 264, NULL),
(463, 63, 0.032, 0.082, 3, 264, NULL),
(464, 63, 0.032, 0.082, 3, 264, NULL),
(465, 63, 0.032, 0.082, 3, 264, NULL),
(466, 63, 0.032, 0.082, 3, 264, NULL),
(467, 63, 0.032, 0.082, 3, 264, NULL),
(468, 63, 0.032, 0.082, 3, 264, NULL),
(469, 63, 0.032, 0.082, 3, 264, NULL),
(470, 63, 0.032, 0.082, 3, 264, NULL),
(471, 63, 0.032, 0.082, 3, 264, NULL),
(472, 64, 0.032, 0.082, 3, 264, NULL),
(473, 64, 0.032, 0.082, 3, 264, NULL),
(474, 64, 0.032, 0.082, 3, 264, NULL),
(475, 64, 0.032, 0.082, 3, 264, NULL),
(476, 64, 0.032, 0.082, 3, 264, NULL),
(477, 64, 0.032, 0.082, 3, 264, NULL),
(478, 64, 0.032, 0.082, 3, 264, NULL),
(479, 64, 0.032, 0.082, 3, 264, NULL),
(480, 64, 0.032, 0.082, 3, 264, NULL),
(481, 64, 0.032, 0.082, 3, 264, NULL),
(482, 64, 0.032, 0.082, 3, 264, NULL),
(483, 64, 0.032, 0.082, 3, 264, NULL),
(484, 65, 0.033, 0.128, 2.4, 240, NULL),
(485, 65, 0.033, 0.128, 2.4, 240, NULL),
(486, 65, 0.033, 0.128, 2.4, 240, NULL),
(487, 65, 0.033, 0.128, 2.4, 240, NULL),
(488, 65, 0.033, 0.128, 2.4, 240, NULL),
(489, 65, 0.033, 1, 3, 30, NULL),
(490, 65, 0.033, 1, 3, 30, NULL),
(491, 65, 0.033, 1, 3, 30, NULL),
(492, 65, 0.033, 0.153, 3.6, 210, NULL),
(493, 65, 0.033, 1, 3.6, 10, NULL),
(494, 65, 0.019, 1, 3.6, 8, NULL),
(495, 66, 0.033, 0.128, 2.4, 240, NULL),
(496, 66, 0.033, 0.128, 2.4, 240, NULL),
(497, 66, 0.033, 0.128, 2.4, 240, NULL),
(498, 66, 0.033, 0.128, 2.4, 240, NULL),
(499, 66, 0.033, 0.128, 2.4, 240, NULL),
(500, 66, 0.033, 1, 2.4, 30, NULL),
(501, 66, 0.033, 1, 2.4, 30, NULL),
(502, 66, 0.033, 1, 3.6, 40, NULL),
(503, 66, 0.019, 1, 3.6, 40, NULL),
(504, 67, 0.033, 0.128, 2.4, 240, NULL),
(505, 67, 0.033, 0.128, 2.4, 240, NULL),
(506, 67, 0.033, 0.128, 2.4, 240, NULL),
(507, 67, 0.033, 0.153, 3.6, 210, NULL),
(508, 67, 0.033, 0.153, 3.6, 210, NULL),
(509, 67, 0.033, 0.153, 3.6, 210, NULL),
(510, 67, 0.033, 1, 3.6, 30, NULL),
(511, 67, 0.033, 1, 2.4, 30, NULL),
(512, 68, 0.028, 0.078, 3, 288, NULL),
(513, 68, 0.028, 0.078, 3, 288, NULL),
(514, 68, 0.028, 0.078, 3, 288, NULL),
(515, 68, 0.028, 0.078, 3, 288, NULL),
(516, 68, 0.032, 0.082, 3, 264, NULL),
(517, 68, 0.032, 0.082, 3, 264, NULL),
(518, 68, 0.032, 0.082, 3, 264, NULL),
(519, 68, 0.032, 0.082, 3, 264, NULL),
(520, 68, 0.032, 0.082, 3, 264, NULL),
(521, 68, 0.032, 0.082, 3, 264, NULL),
(522, 68, 0.032, 0.082, 3, 264, NULL),
(523, 68, 0.032, 0.082, 3, 264, NULL),
(524, 69, 0.032, 0.128, 3.6, 1584, NULL),
(525, 69, 0.032, 0.128, 2.4, 1430, NULL),
(526, 69, 0.021, 1, 3.6, 31, NULL),
(527, 69, 0.021, 1, 2.4, 30, NULL),
(528, 70, 0.033, 0.128, 2.4, 240, NULL),
(529, 70, 0.033, 0.128, 2.4, 240, NULL),
(530, 70, 0.033, 0.153, 3.6, 210, NULL),
(531, 70, 0.033, 0.153, 3.6, 210, NULL),
(532, 70, 0.033, 0.153, 3.6, 210, NULL),
(533, 70, 0.019, 1, 3.6, 8, NULL),
(534, 70, 0.033, 1, 3.6, 30, NULL),
(535, 70, 0.019, 0.095, 2.4, 990, NULL),
(536, 71, 0.033, 0.153, 3.6, 210, NULL),
(537, 71, 0.033, 0.153, 3.6, 210, NULL),
(538, 71, 0.033, 0.128, 2.4, 240, NULL),
(539, 71, 0.033, 0.128, 2.4, 240, NULL),
(540, 71, 0.033, 0.128, 2.4, 240, NULL),
(541, 71, 0.033, 0.128, 2.4, 240, NULL),
(542, 71, 0.033, 0.128, 2.4, 240, NULL),
(543, 71, 0.033, 1, 2.4, 30, NULL),
(544, 71, 0.033, 1, 2.4, 30, NULL),
(545, 72, 0.033, 1, 3, 76, NULL),
(546, 72, 0.033, 0.128, 2.4, 240, NULL),
(547, 72, 0.033, 0.128, 2.4, 240, NULL),
(548, 72, 0.033, 0.128, 2.4, 240, NULL),
(549, 72, 0.033, 1, 2.4, 30, NULL),
(550, 72, 0.033, 1, 2.4, 30, NULL),
(551, 72, 0.019, 1, 3, 25, NULL),
(552, 72, 0.033, 1, 1.8, 30, NULL),
(553, 73, 0.018, 0.095, 2.4, 550, NULL),
(554, 73, 0.032, 0.153, 3.6, 210, NULL),
(555, 73, 0.032, 0.153, 3.6, 210, NULL),
(556, 73, 0.032, 0.153, 3.6, 210, NULL),
(557, 73, 0.032, 0.128, 2.4, 240, NULL),
(558, 73, 0.032, 0.128, 2.4, 240, NULL),
(559, 73, 0.032, 1, 2.4, 30, NULL),
(560, 73, 0.032, 1, 3.6, 37, NULL),
(561, 73, 0.018, 1, 3.6, 8, NULL),
(562, 74, 0.032, 0.153, 3.6, 210, NULL),
(563, 74, 0.032, 0.153, 3.6, 210, NULL),
(564, 74, 0.032, 0.153, 3.6, 210, NULL),
(565, 74, 0.032, 0.153, 3.6, 210, NULL),
(566, 74, 0.032, 0.153, 3.6, 210, NULL),
(567, 74, 0.018, 1, 3, 40, NULL),
(568, 74, 0.032, 1, 2.4, 6, NULL),
(569, 74, 0.032, 1, 1.8, 19, NULL),
(570, 75, 0.032, 1, 3.6, 30, NULL),
(571, 75, 0.032, 1, 3.6, 30, NULL),
(572, 75, 0.032, 1, 2, 30, NULL),
(573, 75, 0.033, 1, 2.4, 30, NULL),
(574, 75, 0.032, 0.128, 2.4, 240, NULL),
(575, 75, 0.032, 0.153, 3.6, 210, NULL),
(576, 76, 0.028, 0.078, 3, 300, NULL),
(577, 76, 0.032, 0.082, 2, 264, NULL),
(578, 76, 0.032, 0.082, 2, 264, NULL),
(579, 77, 0.028, 0.078, 3, 300, NULL),
(580, 77, 0.028, 0.078, 3, 300, NULL),
(581, 77, 0.028, 0.078, 3, 300, NULL),
(582, 77, 0.028, 0.078, 3, 300, NULL),
(583, 77, 0.032, 0.082, 3, 264, NULL),
(584, 77, 0.032, 0.082, 3, 264, NULL),
(585, 77, 0.032, 0.082, 3, 264, NULL),
(586, 77, 0.032, 0.082, 3, 264, NULL),
(587, 78, 0.032, 0.103, 3.6, 600, NULL),
(588, 78, 0.032, 0.153, 3.6, 840, NULL),
(589, 78, 0.032, 0.103, 2.4, 300, NULL),
(590, 78, 0.032, 0.153, 2.4, 1400, NULL),
(595, 79, 0.028, 0.078, 3, 300, NULL),
(596, 79, 0.028, 0.078, 3, 300, NULL),
(597, 79, 0.028, 0.078, 3, 300, NULL),
(598, 79, 0.028, 0.078, 3, 300, NULL),
(599, 79, 0.028, 0.078, 3, 300, NULL),
(600, 79, 0.028, 0.078, 3, 300, NULL),
(601, 79, 0.028, 0.078, 3, 300, NULL),
(602, 79, 0.028, 0.078, 3, 300, NULL),
(603, 79, 0.028, 0.078, 3, 288, NULL),
(604, 79, 0.028, 0.078, 3, 288, NULL),
(605, 79, 0.032, 0.082, 3, 264, NULL),
(606, 79, 0.032, 0.082, 3, 264, NULL),
(607, 80, 0.032, 0.153, 3.6, 210, NULL),
(608, 80, 0.032, 0.153, 3.6, 210, NULL),
(609, 80, 0.032, 0.153, 3.6, 210, NULL),
(610, 80, 0.032, 0.153, 3.6, 210, NULL),
(611, 80, 0.032, 1, 3.6, 30, NULL),
(612, 80, 0.032, 1, 3.6, 30, NULL),
(613, 80, 0.032, 0.128, 2.4, 240, NULL),
(614, 80, 0.018, 1, 3.6, 9, NULL),
(615, 80, 0.032, 1, 3.6, 2, NULL),
(616, 81, 0.032, 0.153, 3.6, 210, NULL),
(617, 81, 0.032, 0.153, 3.6, 210, NULL),
(618, 81, 0.032, 0.153, 3.6, 210, NULL),
(619, 81, 0.018, 1, 3, 40, NULL),
(620, 81, 0.018, 1, 3, 40, NULL),
(621, 81, 0.032, 0.128, 2.4, 240, NULL),
(622, 81, 0.032, 0.128, 2.4, 240, NULL),
(623, 81, 0.032, 1, 2.4, 30, NULL),
(624, 82, 0.028, 0.078, 3, 300, NULL),
(625, 82, 0.028, 0.078, 3, 300, NULL),
(626, 82, 0.028, 0.078, 3, 300, NULL),
(627, 82, 0.028, 0.078, 3, 300, NULL),
(628, 82, 0.028, 0.078, 3, 300, NULL),
(629, 82, 0.028, 0.078, 3, 300, NULL),
(630, 82, 0.028, 0.078, 3, 300, NULL),
(631, 82, 0.028, 0.078, 3, 300, NULL),
(632, 82, 0.028, 0.078, 3, 300, NULL),
(633, 82, 0.028, 0.078, 3, 300, NULL),
(634, 82, 0.028, 0.078, 3, 300, NULL),
(635, 82, 0.028, 0.078, 3, 300, NULL),
(636, 83, 0.032, 0.103, 3.6, 1000, NULL),
(637, 83, 0.032, 0.103, 2.4, 600, NULL),
(638, 83, 0.032, 0.08, 2.4, 360, NULL),
(639, 83, 0.018, 0.08, 2.4, 200, NULL),
(640, 83, 0.032, 0.128, 2.4, 960, NULL),
(641, 83, 0.032, 0.128, 3.6, 800, NULL),
(642, 84, 0.032, 0.103, 3.6, 800, NULL),
(643, 84, 0.032, 0.128, 3.6, 640, NULL),
(644, 84, 0.032, 1, 3.6, 21, NULL),
(645, 84, 0.032, 0.08, 3.6, 144, NULL),
(646, 84, 0.018, 0.08, 3.6, 240, NULL),
(647, 84, 0.032, 0.128, 2.4, 640, NULL),
(648, 84, 0.018, 0.128, 2.4, 240, NULL),
(649, 84, 0.018, 0.08, 2.4, 360, NULL),
(650, 84, 0.018, 0.9, 2.4, 25, NULL),
(651, 84, 0.032, 0.103, 2.4, 700, NULL),
(652, 84, 0.032, 1, 2.4, 20, NULL),
(653, 85, 0.032, 0.128, 3.6, 213, NULL),
(654, 85, 0.032, 0.103, 3.6, 800, NULL),
(655, 85, 0.032, 0.153, 3.6, 660, NULL),
(656, 85, 0.032, 0.103, 2.4, 1415, NULL),
(657, 85, 0.032, 1, 2.4, 20, NULL),
(658, 85, 0.018, 1, 2.4, 60, NULL),
(659, 86, 0.018, 0.095, 2.4, 550, NULL),
(660, 86, 0.018, 0.095, 3, 440, NULL),
(661, 86, 0.032, 0.128, 2.4, 240, NULL),
(662, 86, 0.032, 0.128, 2.4, 240, NULL),
(663, 86, 0.032, 1, 2.4, 30, NULL),
(664, 86, 0.032, 1, 3.6, 30, NULL),
(665, 86, 0.028, 1, 3, 30, NULL),
(666, 86, 0.018, 0.095, 3.6, 440, NULL),
(667, 87, 0.028, 0.078, 3, 300, NULL),
(668, 87, 0.028, 0.078, 3, 300, NULL),
(669, 87, 0.028, 0.078, 3, 300, NULL),
(670, 87, 0.028, 0.078, 3, 300, NULL),
(671, 87, 0.028, 0.078, 3, 300, NULL),
(672, 87, 0.028, 0.078, 3, 300, NULL),
(673, 87, 0.028, 0.078, 3, 300, NULL),
(674, 87, 0.028, 0.078, 3, 300, NULL),
(675, 87, 0.028, 0.078, 3, 300, NULL),
(676, 87, 0.028, 0.078, 3, 300, NULL),
(677, 87, 0.028, 0.078, 3, 300, NULL),
(678, 87, 0.028, 0.078, 3, 300, NULL),
(679, 88, 0.028, 0.078, 3, 300, NULL),
(680, 88, 0.028, 0.078, 3, 300, NULL),
(681, 88, 0.028, 0.078, 3, 300, NULL),
(682, 88, 0.028, 0.078, 3, 300, NULL),
(683, 88, 0.028, 0.078, 3, 300, NULL),
(684, 88, 0.028, 0.078, 3, 300, NULL),
(685, 88, 0.028, 0.078, 3, 300, NULL),
(686, 88, 0.028, 0.078, 3, 300, NULL),
(687, 88, 0.028, 0.078, 3, 300, NULL),
(688, 88, 0.028, 0.078, 3, 300, NULL),
(689, 88, 0.032, 0.082, 2, 264, NULL),
(690, 88, 0.032, 0.082, 2, 264, NULL),
(691, 88, 0.032, 0.082, 3, 264, NULL),
(692, 89, 0.028, 1, 3, 30, NULL),
(693, 89, 0.032, 0.153, 3.6, 210, NULL),
(694, 89, 0.032, 0.153, 3.6, 210, NULL),
(695, 89, 0.032, 0.153, 3.6, 210, NULL),
(696, 89, 0.032, 1, 2.4, 30, NULL),
(697, 89, 0.032, 0.128, 2.4, 240, NULL),
(698, 89, 0.032, 0.128, 2.4, 240, NULL),
(699, 89, 0.032, 0.128, 2.4, 240, NULL),
(700, 89, 0.018, 1, 3.6, 6.5, NULL),
(701, 90, 0.032, 1, 3.6, 30, NULL),
(702, 90, 0.032, 1, 3.6, 30, NULL),
(703, 90, 0.032, 0.153, 3.6, 210, NULL),
(704, 90, 0.032, 0.153, 3.6, 210, NULL),
(705, 90, 0.032, 0.153, 3.6, 210, NULL),
(706, 90, 0.032, 0.153, 3.6, 210, NULL),
(707, 90, 0.032, 0.128, 2.4, 240, NULL),
(708, 91, 0.028, 0.078, 3, 300, NULL),
(709, 91, 0.028, 0.078, 3, 300, NULL),
(710, 91, 0.028, 0.078, 3, 300, NULL),
(711, 91, 0.028, 0.078, 3, 300, NULL),
(712, 91, 0.028, 0.078, 3, 300, NULL),
(713, 91, 0.028, 0.078, 3, 300, NULL),
(714, 91, 0.028, 0.078, 3, 300, NULL),
(715, 91, 0.028, 0.078, 3, 300, NULL),
(716, 91, 0.028, 0.078, 3, 300, NULL),
(717, 91, 0.028, 0.078, 3, 300, NULL),
(718, 91, 0.028, 0.078, 3, 300, NULL),
(719, 91, 0.028, 0.078, 3, 300, NULL),
(720, 92, 0.032, 1, 2.4, 30, NULL),
(721, 92, 0.028, 1, 3, 30, NULL),
(722, 92, 0.018, 0.095, 3.6, 550, NULL),
(723, 92, 0.032, 0.128, 2.4, 240, NULL),
(724, 92, 0.028, 1, 3, 30, NULL),
(725, 92, 0.018, 1, 3, 40, NULL),
(726, 92, 0.032, 0.128, 2.4, 240, NULL),
(727, 92, 0.032, 0.153, 3.6, 210, NULL),
(728, 93, 0.032, 1, 2.4, 30, NULL),
(729, 93, 0.032, 0.128, 2.4, 240, NULL),
(730, 93, 0.032, 0.128, 2.4, 240, NULL),
(731, 93, 0.032, 0.128, 2.4, 240, NULL),
(732, 93, 0.032, 0.128, 2.4, 240, NULL),
(733, 93, 0.032, 0.128, 2.4, 240, NULL),
(734, 93, 0.032, 1, 2, 30, NULL),
(735, 93, 0.032, 1, 3.6, 30, NULL),
(736, 93, 0.032, 1, 2.4, 30, NULL),
(737, 94, 0.028, 0.078, 3, 300, NULL),
(738, 94, 0.028, 0.078, 3, 300, NULL),
(739, 94, 0.028, 0.078, 3, 300, NULL),
(740, 94, 0.028, 0.078, 3, 300, NULL),
(741, 94, 0.028, 0.078, 3, 300, NULL),
(742, 94, 0.028, 0.078, 3, 300, NULL),
(743, 94, 0.028, 0.078, 3, 300, NULL),
(744, 94, 0.028, 0.078, 3, 300, NULL),
(745, 94, 0.028, 0.078, 3, 300, NULL),
(746, 94, 0.028, 0.078, 3, 300, NULL),
(747, 94, 0.028, 0.078, 3, 300, NULL),
(748, 94, 0.028, 0.078, 3, 300, NULL),
(749, 94, 0.028, 0.078, 2, 300, NULL),
(750, 95, 0.032, 0.153, 3.6, 210, NULL),
(751, 95, 0.032, 0.153, 3.6, 210, NULL),
(752, 95, 0.032, 0.153, 3.6, 210, NULL),
(753, 95, 0.032, 0.153, 3.6, 210, NULL),
(754, 95, 0.028, 1, 3, 30, NULL),
(755, 95, 0.032, 1, 3.6, 13, NULL),
(756, 95, 0.018, 1, 3.6, 2, NULL),
(757, 95, 0.032, 1, 2.4, 30, NULL),
(758, 96, 0.032, 0.153, 3.6, 210, NULL),
(759, 96, 0.032, 0.153, 3.6, 210, NULL),
(760, 96, 0.032, 0.128, 2.4, 240, NULL),
(761, 96, 0.032, 0.128, 2.4, 240, NULL),
(762, 96, 0.032, 1, 3, 30, NULL),
(763, 96, 0.018, 1, 2.4, 40, NULL),
(764, 97, 0.028, 0.078, 3, 300, NULL),
(765, 97, 0.028, 0.078, 3, 300, NULL),
(766, 97, 0.028, 0.078, 3, 300, NULL),
(767, 97, 0.028, 0.078, 3, 300, NULL),
(768, 98, 0.028, 0.078, 3, 300, NULL),
(769, 98, 0.028, 0.078, 3, 300, NULL),
(770, 98, 0.028, 0.078, 3, 300, NULL),
(771, 98, 0.028, 0.078, 3, 300, NULL),
(772, 98, 0.028, 0.078, 3, 300, NULL),
(773, 98, 0.028, 0.078, 3, 300, NULL),
(774, 98, 0.028, 0.078, 3, 300, NULL),
(775, 98, 0.028, 0.078, 3, 300, NULL),
(776, 99, 0.032, 1, 3.6, 30, NULL),
(777, 99, 0.032, 0.128, 2.4, 240, NULL),
(778, 99, 0.032, 0.128, 2.4, 240, NULL),
(779, 99, 0.032, 1, 2.4, 30, NULL),
(780, 100, 0.018, 1, 3, 40, NULL),
(781, 100, 0.032, 0.128, 2.4, 240, NULL),
(782, 100, 0.032, 0.128, 2.4, 240, NULL),
(783, 100, 0.032, 1, 2, 30, NULL),
(784, 100, 0.032, 1, 1.8, 29.5, NULL),
(785, 101, 0.028, 0.078, 3, 300, NULL),
(786, 101, 0.028, 0.078, 3, 300, NULL),
(787, 101, 0.028, 0.078, 3, 300, NULL),
(788, 101, 0.028, 0.078, 3, 300, NULL),
(789, 101, 0.028, 0.078, 3, 300, NULL),
(790, 101, 0.028, 0.078, 3, 300, NULL),
(791, 101, 0.028, 0.078, 3, 300, NULL),
(792, 101, 0.028, 0.078, 3, 300, NULL),
(793, 102, 0.032, 0.153, 3.6, 210, NULL),
(794, 102, 0.032, 0.153, 3.6, 210, NULL),
(795, 102, 0.032, 0.153, 3.6, 210, NULL),
(796, 102, 0.032, 0.153, 3.6, 210, NULL),
(797, 102, 0.032, 0.128, 2.4, 240, NULL),
(798, 102, 0.032, 0.128, 2.4, 240, NULL),
(799, 102, 0.032, 0.128, 2.4, 240, NULL),
(800, 102, 0.032, 1, 2.4, 30, NULL),
(801, 103, 0.032, 1, 3.6, 30, NULL),
(802, 103, 0.032, 1, 3.6, 30, NULL),
(803, 103, 0.032, 0.153, 3.6, 210, NULL),
(804, 103, 0.032, 0.153, 3.6, 210, NULL),
(805, 103, 0.032, 0.153, 3.6, 210, NULL),
(806, 103, 0.028, 1, 3, 30, NULL),
(807, 103, 0.032, 0.128, 2.4, 240, NULL),
(808, 104, 0.028, 0.078, 3, 300, NULL),
(809, 104, 0.028, 0.078, 3, 300, NULL),
(810, 104, 0.028, 0.078, 3, 300, NULL),
(811, 104, 0.028, 0.078, 3, 300, NULL),
(812, 104, 0.028, 0.078, 3, 300, NULL),
(813, 104, 0.028, 0.078, 3, 300, NULL),
(814, 104, 0.028, 0.078, 3, 300, NULL),
(815, 104, 0.028, 0.078, 3, 300, NULL),
(816, 104, 0.028, 0.078, 3, 300, NULL),
(817, 104, 0.028, 0.078, 3, 300, NULL),
(818, 104, 0.028, 0.078, 3, 300, NULL),
(819, 104, 0.028, 0.078, 3, 300, NULL),
(820, 104, 0.028, 0.078, 2, 300, NULL),
(821, 105, 0.018, 1, 3, 40, NULL),
(822, 105, 0.032, 0.153, 3.6, 210, NULL),
(823, 105, 0.032, 0.128, 2.4, 240, NULL),
(824, 105, 0.032, 0.128, 2.4, 240, NULL),
(825, 105, 0.032, 0.128, 2.4, 240, NULL),
(826, 105, 0.018, 0.095, 3.6, 550, NULL),
(827, 105, 0.028, 1, 3, 30, NULL),
(828, 105, 0.032, 1, 2.4, 30, NULL),
(829, 106, 0.032, 0.128, 2.4, 240, NULL),
(830, 106, 0.032, 0.128, 2.4, 240, NULL),
(831, 106, 0.032, 0.128, 2.4, 240, NULL),
(832, 106, 0.032, 1, 2.4, 30, NULL),
(833, 107, 0.028, 0.078, 3, 300, NULL),
(834, 107, 0.028, 0.078, 3, 300, NULL),
(835, 107, 0.028, 0.078, 3, 300, NULL),
(836, 107, 0.028, 0.078, 3, 300, NULL),
(837, 107, 0.028, 0.078, 3, 300, NULL),
(838, 107, 0.028, 0.078, 3, 300, NULL),
(839, 107, 0.028, 0.078, 3, 300, NULL),
(840, 107, 0.028, 0.078, 3, 300, NULL),
(841, 108, 0.032, 0.153, 3.6, 210, NULL),
(842, 108, 0.032, 0.153, 3.6, 210, NULL),
(843, 108, 0.032, 0.153, 3.6, 210, NULL),
(844, 108, 0.032, 1, 3.6, 30, NULL),
(845, 108, 0.032, 0.128, 2.4, 240, NULL),
(846, 108, 0.032, 0.128, 2.4, 240, NULL),
(847, 108, 0.032, 0.128, 2.4, 240, NULL),
(848, 108, 0.032, 0.128, 2.4, 240, NULL),
(849, 109, 0.028, 1, 3, 30, NULL),
(850, 109, 0.018, 1, 3, 40, NULL),
(851, 109, 0.032, 0.153, 3.6, 210, NULL),
(852, 109, 0.032, 0.153, 3.6, 210, NULL),
(853, 109, 0.032, 0.153, 3.6, 210, NULL),
(854, 109, 0.032, 1, 3.6, 30, NULL),
(855, 109, 0.032, 0.128, 2.4, 240, NULL),
(856, 110, 0.028, 0.078, 3, 300, NULL),
(857, 110, 0.028, 0.078, 3, 300, NULL),
(858, 110, 0.028, 0.078, 3, 300, NULL),
(859, 110, 0.028, 0.078, 3, 300, NULL),
(860, 110, 0.028, 0.078, 3, 300, NULL),
(861, 110, 0.028, 0.078, 3, 300, NULL),
(862, 110, 0.028, 0.078, 3, 300, NULL),
(863, 110, 0.028, 0.078, 3, 300, NULL),
(864, 110, 0.028, 0.078, 3, 300, NULL),
(865, 110, 0.028, 0.078, 3, 300, NULL),
(866, 110, 0.028, 0.078, 3, 300, NULL),
(867, 110, 0.028, 0.078, 3, 300, NULL),
(868, 111, 0.032, 0.128, 3.6, 240, NULL),
(869, 111, 0.032, 1, 3.6, 30, NULL),
(870, 111, 0.032, 1, 2.4, 10, NULL),
(871, 111, 0.032, 0.128, 2.4, 420, NULL),
(872, 112, 0.028, 0.078, 3, 300, NULL),
(873, 112, 0.028, 0.078, 3, 300, NULL),
(874, 112, 0.028, 0.078, 3, 300, NULL),
(875, 112, 0.028, 0.078, 3, 300, NULL),
(876, 112, 0.028, 0.078, 3, 300, NULL),
(877, 112, 0.028, 0.078, 3, 300, NULL),
(878, 112, 0.028, 0.078, 3, 300, NULL),
(879, 112, 0.028, 0.078, 3, 300, NULL),
(880, 113, 0.028, 0.078, 3, 300, NULL),
(881, 113, 0.028, 0.078, 3, 300, NULL),
(882, 113, 0.028, 0.078, 3, 300, NULL),
(883, 113, 0.028, 0.078, 3, 300, NULL),
(884, 114, 0.032, 0.153, 3.6, 210, NULL),
(885, 114, 0.032, 0.128, 2.4, 240, NULL),
(886, 114, 0.018, 0.095, 1.8, 550, NULL),
(887, 114, 0.018, 0.095, 3, 550, NULL),
(888, 114, 0.032, 1, 2.4, 30, NULL),
(889, 114, 0.032, 0.128, 3.6, 240, NULL),
(890, 115, 0.032, 0.153, 3.6, 210, NULL),
(891, 115, 0.032, 0.153, 3.6, 210, NULL),
(892, 115, 0.032, 0.153, 3.6, 210, NULL),
(893, 115, 0.032, 0.128, 3.6, 240, NULL),
(894, 115, 0.028, 1, 3, 30, NULL),
(895, 115, 0.028, 1, 3, 30, NULL),
(896, 116, 0.032, 0.103, 3.6, 800, NULL),
(897, 116, 0.032, 0.128, 3.6, 480, NULL),
(898, 116, 0.032, 1, 3.6, 18, NULL),
(899, 116, 0.018, 1, 3.6, 40, NULL),
(900, 116, 0.032, 0.103, 2.4, 1200, NULL),
(901, 116, 0.032, 0.128, 2.4, 600, NULL),
(909, 117, 0.032, 0.128, 3.6, 960, NULL),
(910, 117, 0.032, 0.103, 3.6, 450, NULL),
(911, 117, 0.018, 0.103, 3.6, 200, NULL),
(912, 117, 0.032, 0.128, 2.4, 1080, NULL),
(913, 117, 0.018, 0.08, 2.4, 240, NULL),
(914, 117, 0.032, 0.08, 2.4, 480, NULL),
(915, 117, 0.032, 0.103, 2.4, 300, NULL),
(916, 118, 0.032, 0.153, 3.6, 210, NULL),
(917, 118, 0.032, 0.153, 3.6, 210, NULL),
(918, 118, 0.032, 1, 3.6, 30, NULL),
(919, 118, 0.032, 1, 3.6, 30, NULL),
(920, 118, 0.018, 0.095, 2.4, 550, NULL),
(921, 118, 0.018, 1, 3, 40, NULL),
(922, 118, 0.032, 0.128, 3.6, 240, NULL),
(923, 119, 0.028, 0.078, 3, 300, NULL),
(924, 119, 0.028, 0.078, 3, 300, NULL),
(925, 119, 0.028, 0.078, 3, 300, NULL),
(926, 119, 0.028, 0.078, 3, 300, NULL),
(927, 119, 0.028, 0.078, 3, 300, NULL),
(928, 119, 0.028, 0.078, 3, 300, NULL),
(929, 119, 0.028, 0.078, 3, 300, NULL),
(930, 119, 0.028, 0.078, 3, 300, NULL),
(931, 119, 0.028, 0.078, 3, 300, NULL),
(932, 119, 0.028, 0.078, 3, 300, NULL),
(933, 119, 0.028, 0.078, 3, 300, NULL),
(934, 119, 0.028, 0.078, 3, 300, NULL);

-- --------------------------------------------------------

--
-- Структура таблицы `branch`
--

CREATE TABLE IF NOT EXISTS `branch` (
  `id` tinyint(3) UNSIGNED NOT NULL AUTO_INCREMENT,
  `name` varchar(64) NOT NULL,
  PRIMARY KEY (`id`)
) ENGINE=InnoDB AUTO_INCREMENT=5 DEFAULT CHARSET=utf8;

--
-- Дамп данных таблицы `branch`
--

INSERT INTO `branch` (`id`, `name`) VALUES
(1, 'Томск/Клещиха'),
(2, 'Красноярск'),
(3, 'Базаиха'),
(4, 'Тальцы');

-- --------------------------------------------------------

--
-- Структура таблицы `cargo`
--

CREATE TABLE IF NOT EXISTS `cargo` (
  `id` mediumint(8) UNSIGNED NOT NULL AUTO_INCREMENT,
  `type_id` smallint(5) UNSIGNED NOT NULL,
  `length` float NOT NULL,
  `thickness` float NOT NULL,
  `cubage` float NOT NULL,
  `count` smallint(5) UNSIGNED NOT NULL,
  `price` float NOT NULL,
  `container_id` int(10) UNSIGNED NOT NULL,
  PRIMARY KEY (`id`)
) ENGINE=InnoDB AUTO_INCREMENT=9 DEFAULT CHARSET=utf8;

--
-- Дамп данных таблицы `cargo`
--

INSERT INTO `cargo` (`id`, `type_id`, `length`, `thickness`, `cubage`, `count`, `price`, `container_id`) VALUES
(5, 1, 2.7, 20, 50, 30, 2900, 1),
(8, 2, 2.6, 3, 36, 10, 1900, 1);

-- --------------------------------------------------------

--
-- Структура таблицы `cargo_type`
--

CREATE TABLE IF NOT EXISTS `cargo_type` (
  `id` smallint(5) UNSIGNED NOT NULL AUTO_INCREMENT,
  `name` varchar(64) NOT NULL,
  PRIMARY KEY (`id`)
) ENGINE=InnoDB AUTO_INCREMENT=3 DEFAULT CHARSET=utf8;

--
-- Дамп данных таблицы `cargo_type`
--

INSERT INTO `cargo_type` (`id`, `name`) VALUES
(1, 'Ель, пихта'),
(2, 'Береза');

-- --------------------------------------------------------

--
-- Структура таблицы `carrier`
--

CREATE TABLE IF NOT EXISTS `carrier` (
  `id` smallint(5) UNSIGNED NOT NULL AUTO_INCREMENT,
  `name` varchar(64) NOT NULL,
  PRIMARY KEY (`id`)
) ENGINE=InnoDB AUTO_INCREMENT=5 DEFAULT CHARSET=utf8;

--
-- Дамп данных таблицы `carrier`
--

INSERT INTO `carrier` (`id`, `name`) VALUES
(2, 'ЛФ'),
(3, 'СК-Транс'),
(4, 'Магистраль');

-- --------------------------------------------------------

--
-- Структура таблицы `cash`
--

CREATE TABLE IF NOT EXISTS `cash` (
  `id` int(10) UNSIGNED NOT NULL AUTO_INCREMENT,
  `date` timestamp NOT NULL DEFAULT CURRENT_TIMESTAMP,
  `type_id` tinyint(3) UNSIGNED NOT NULL,
  `reason` varchar(512) DEFAULT NULL,
  `sum` int(11) NOT NULL,
  `comment` varchar(512) DEFAULT NULL,
  `cheque` tinyint(1) NOT NULL DEFAULT '0',
  `negative` tinyint(1) NOT NULL DEFAULT '1',
  PRIMARY KEY (`id`)
) ENGINE=InnoDB AUTO_INCREMENT=179 DEFAULT CHARSET=utf8;

--
-- Дамп данных таблицы `cash`
--

INSERT INTO `cash` (`id`, `date`, `type_id`, `reason`, `sum`, `comment`, `cheque`, `negative`) VALUES
(1, '2017-12-31 21:00:00', 1, 'Остаток с 2017 года', 1385526, '', 0, 0),
(2, '2018-01-01 21:00:00', 1, 'Руслан', 400000, '', 0, 0),
(3, '2018-01-02 21:00:00', 1, 'Проданы дрова', 4500, '3 пачки', 0, 0),
(4, '2018-01-03 21:00:00', 1, 'Руслан', 260000, '', 0, 0),
(5, '2018-01-03 21:00:00', 1, 'Проданы дрова', 16500, '11 пачек', 0, 0),
(6, '2018-01-04 21:00:00', 1, 'Проданы дрова', 4500, '3 пачки', 0, 0),
(7, '2018-01-05 21:00:00', 1, 'Продана черная доска', 134400, '48 м.куб', 0, 0),
(8, '2018-01-05 21:00:00', 1, 'Проданы дрова', 12000, '8 пачек', 0, 0),
(9, '2018-01-06 21:00:00', 1, 'Проданы дрова', 4500, '3 пачки', 0, 0),
(10, '2018-01-07 21:00:00', 1, 'Проданы дрова', 12000, '8 пачек', 0, 0),
(11, '2018-01-08 21:00:00', 1, 'Проданы дрова', 15000, '10 пачек', 0, 0),
(12, '2018-01-09 21:00:00', 1, 'Проданы дрова', 19500, '13 пачек', 0, 0),
(13, '2018-01-09 21:00:00', 1, 'Продана черная доска', 134400, '48 м.куб', 0, 0),
(14, '2018-01-10 21:00:00', 1, 'Проданы дрова', 15000, '10 пачек', 0, 0),
(15, '2018-01-12 21:00:00', 1, 'Проданы дрова', 18000, '12 пачек', 0, 0),
(16, '2018-01-12 21:00:00', 1, 'Ван', 1731000, '', 0, 0),
(17, '2018-01-13 21:00:00', 1, 'Проданы дрова', 4500, '3 пачки', 0, 0),
(18, '2018-01-14 21:00:00', 1, 'Проданы дрова', 13500, '9 пачек', 0, 0),
(19, '2018-01-15 21:00:00', 1, 'Проданы дрова', 16500, '11 пачек', 0, 0),
(20, '2018-01-16 21:00:00', 1, 'Проданы дрова', 9000, '6 пачек', 0, 0),
(21, '2018-01-17 21:00:00', 1, 'Проданы дрова', 9000, '6 пачек', 0, 0),
(22, '2018-01-18 21:00:00', 1, 'Руслан', 499500, '', 0, 0),
(23, '2018-01-18 21:00:00', 1, 'Проданы дрова', 6000, '4 пачки', 0, 0),
(24, '2018-01-22 21:00:00', 1, 'Заняли китайцам', 110000, '', 0, 1),
(25, '2018-01-24 21:00:00', 1, 'Аванс', 640390, '', 0, 1),
(26, '2018-01-04 21:00:00', 2, 'РВД 5шт.', 4900, 'чек', 0, 1),
(27, '2018-01-04 21:00:00', 2, 'Операция киргизу(доктор)', 5000, 'чек', 0, 1),
(28, '2018-01-04 21:00:00', 2, 'Бензин 20 л.', 792, 'чек', 0, 1),
(29, '2018-01-05 21:00:00', 2, 'Ремонт машины хонда(свечи,аккумулятор)', 7650, 'чек', 0, 1),
(30, '2018-01-06 21:00:00', 2, 'Солярка', 57600, 'чека нет', 0, 1),
(31, '2018-01-07 21:00:00', 2, 'Ремонт погрузчика', 2500, 'чек', 0, 1),
(32, '2018-01-08 21:00:00', 2, 'Доставка ленты металической и медный провод', 1400, 'чека нет', 0, 1),
(33, '2018-01-10 21:00:00', 2, 'Доставка грузовая газель', 1000, 'чека нет', 0, 1),
(34, '2018-01-10 21:00:00', 2, 'Продукты и хоз.товары', 7334, 'чек', 0, 1),
(35, '2018-01-10 21:00:00', 2, 'Шприц нагнетательный + насадки на него', 1749, 'чек', 0, 1),
(36, '2018-01-10 21:00:00', 2, 'Мясо', 10550, 'чека нет', 0, 1),
(37, '2018-01-10 21:00:00', 2, 'Костюм+сапоги Стас', 7170, 'чек', 0, 1),
(38, '2018-01-10 21:00:00', 2, 'Проточка маховика на кару', 6000, 'чека нет', 0, 1),
(39, '2018-01-11 21:00:00', 2, 'Тросик сантехнический', 290, 'да', 0, 1),
(40, '2018-01-11 21:00:00', 2, 'Веревка 12шт*35', 420, 'чек', 0, 1),
(41, '2018-01-11 21:00:00', 2, 'Солярка', 72000, 'чека нет', 0, 1),
(42, '2018-01-11 21:00:00', 2, 'Бензин Дима', 2600, 'чек', 0, 1),
(43, '2018-01-11 21:00:00', 2, 'Телефон Дима', 2000, 'чек', 0, 1),
(44, '2018-01-13 21:00:00', 2, 'Такси', 3100, 'чека нет', 0, 1),
(45, '2018-01-13 21:00:00', 2, 'Бензин пилорама', 5900, 'чек', 0, 1),
(46, '2018-01-13 21:00:00', 2, 'Преобр.ржавчины,винт,гайка,шайба', 283, 'чек', 0, 1),
(47, '2018-01-13 21:00:00', 2, 'Винт,гайка,шайба', 144, 'чек', 0, 1),
(48, '2018-01-13 21:00:00', 2, 'Гвозди', 115, 'чек', 0, 1),
(49, '2018-01-14 21:00:00', 2, 'Ремонт камеры(кара)', 1100, 'чек', 0, 1),
(50, '2018-01-14 21:00:00', 2, 'Провод,выключатель,тумблер,штекер', 249, 'чек', 0, 1),
(51, '2018-01-14 21:00:00', 2, 'Рукав высокого давления', 1505, 'чек', 0, 1),
(52, '2018-01-15 21:00:00', 2, 'Солярка', 72000, 'чека нет', 0, 1),
(53, '2018-01-15 21:00:00', 2, 'Языковой сертификат', 14000, 'чека нет', 0, 1),
(54, '2018-01-15 21:00:00', 2, 'Подшипник выжимной 2 шт.', 3450, 'чек', 0, 1),
(55, '2018-01-16 21:00:00', 2, 'Корм для Юки', 2277, 'чек', 0, 1),
(56, '2018-01-16 21:00:00', 2, 'Бензин Дима', 1901, 'чек', 0, 1),
(57, '2018-01-16 21:00:00', 2, 'Мясо', 20055, 'чека нет', 0, 1),
(58, '2018-01-16 21:00:00', 2, 'Доставка грузовая газель', 1000, 'чека нет', 0, 1),
(59, '2018-01-17 21:00:00', 2, 'Снятие швов киргизу(доктор)', 557, 'чек', 0, 1),
(60, '2018-01-18 21:00:00', 2, 'Расчет с погрузчиком Женя 314,9*100', 31400, 'чека нет', 0, 1),
(61, '2018-01-18 21:00:00', 2, 'Солярка', 72000, 'чека нет', 0, 1),
(62, '2018-01-18 21:00:00', 2, 'Доставка грузовая газель', 1000, 'чека нет', 0, 1),
(63, '2018-01-18 21:00:00', 2, 'Доставка грузовая газель', 1500, 'чека нет', 0, 1),
(64, '2018-01-18 21:00:00', 2, 'Овощи', 3221, 'чек', 0, 1),
(65, '2018-01-18 21:00:00', 2, 'Рис,мука', 4800, 'чек', 0, 1),
(66, '2018-01-18 21:00:00', 2, 'Курица', 3540, 'чек', 0, 1),
(67, '2018-01-18 21:00:00', 2, 'Таз 2шт.', 987, 'чек', 0, 1),
(68, '2018-01-22 21:00:00', 2, 'Пена д/пилорамы', 340, 'чек', 0, 1),
(69, '2018-01-22 21:00:00', 2, 'Колесо Дима', 590, 'чек', 0, 1),
(70, '2018-01-22 21:00:00', 2, 'Плитка электрическая', 500, 'чек', 0, 1),
(71, '2018-01-23 21:00:00', 2, 'Солярка', 72000, 'чека нет', 0, 1),
(72, '2018-01-23 21:00:00', 2, 'Аренда Инкино', 25000, 'чека нет', 0, 1),
(73, '2018-01-23 21:00:00', 2, 'Бензин Дима', 1791, 'чек', 0, 1),
(74, '2018-01-23 21:00:00', 2, 'Автомат, сверло по металлу 2шт. д/сушилки', 1725, 'чек', 0, 1),
(75, '2018-01-24 21:00:00', 2, 'Рукав высокого давления', 2125, 'чек', 0, 1),
(76, '2018-01-24 21:00:00', 2, 'Для пилорамы', 1700, 'чека нет', 0, 1),
(77, '2018-01-24 21:00:00', 2, 'Дин Хао', 5000, 'чека нет', 0, 1),
(78, '2018-01-25 21:00:00', 2, 'Удлинитель,патрон,вилка д/пилорамы', 283, 'чек', 0, 1),
(79, '2018-01-24 21:00:00', 1, 'Ван', 2636200, '', 0, 0),
(80, '2018-01-24 21:00:00', 1, 'Проданы дрова', 1500, '', 0, 0),
(81, '2018-01-26 21:00:00', 1, 'Продана черная доска', 134400, '48 м.куб', 0, 0),
(82, '2018-01-25 21:00:00', 2, 'выгрузка колеса для трактора', 2500, 'чека нет', 0, 1),
(83, '2018-01-25 21:00:00', 2, 'аренда земли около кочегарки', 50000, 'за декабрь расписка', 0, 1),
(84, '2018-01-26 21:00:00', 1, 'Проданы дрова', 18000, '12 пачек', 0, 0),
(85, '2018-01-27 21:00:00', 1, 'Проданы дрова', 15000, '10 пачек', 0, 0),
(86, '2018-01-27 21:00:00', 2, 'Мясо', 13955, '', 0, 1),
(87, '2018-01-27 21:00:00', 2, 'Овощи', 2691, '', 1, 1),
(88, '2018-01-27 21:00:00', 2, 'Часы настенные', 350, '', 1, 1),
(89, '2018-01-27 21:00:00', 2, 'Гайки,болты для пилорамы', 703, '', 1, 1),
(90, '2018-01-27 21:00:00', 2, 'Патч-корд для сушилки', 590, '', 1, 1),
(91, '2018-01-27 21:00:00', 2, 'Бензин пилорама', 6070, '', 1, 1),
(92, '2018-01-27 21:00:00', 2, 'Рукав высокого давления', 7873, '6 комплектов', 1, 1),
(93, '2018-01-28 21:00:00', 2, 'Солярка', 72000, '', 0, 1),
(94, '2018-01-28 21:00:00', 1, 'Проданы дрова', 13500, '9 пачек', 0, 0),
(95, '2018-01-28 21:00:00', 1, 'Продана черная доска', 67200, '24 м.куб.', 0, 0),
(96, '2018-01-29 21:00:00', 1, 'Проданы дрова', 15000, '10 пачек', 0, 0),
(97, '2018-01-29 21:00:00', 1, 'Продана черная доска', 134400, '48 м.куб', 0, 0),
(98, '2018-01-29 21:00:00', 2, 'Бензин Дима', 1791, '', 1, 1),
(99, '2018-01-30 21:00:00', 2, 'Бензин Дима', 1990, '', 1, 1),
(100, '2018-01-30 21:00:00', 2, 'Крюки на погрузчик', 1400, '4 штуки', 1, 1),
(101, '2018-01-30 21:00:00', 1, 'Проданы дрова', 7500, '5 пачек', 0, 0),
(102, '2018-01-30 21:00:00', 2, 'Скотч', 270, '', 1, 1),
(103, '2018-01-30 21:00:00', 2, 'Больница', 1101, '', 1, 1),
(104, '2018-01-30 21:00:00', 2, 'Лекарства', 1072, '', 1, 1),
(105, '2018-01-31 21:00:00', 2, 'Страховка Хонда', 20000, '', 0, 1),
(106, '2018-01-31 21:00:00', 2, 'Спальник-одеяло', 2328, '', 1, 1),
(107, '2018-01-31 21:00:00', 1, 'Проданы дрова', 15000, '10 пачек', 0, 0),
(108, '2018-01-31 21:00:00', 2, 'Солярка', 72000, '', 0, 1),
(109, '2018-02-01 21:00:00', 1, 'Проданы дрова', 12000, '8 пачек', 0, 0),
(110, '2018-02-02 21:00:00', 1, 'Ван', 4366800, '', 0, 0),
(111, '2018-02-01 21:00:00', 2, 'Кислород технический', 1000, '4 балона', 1, 1),
(112, '2018-02-01 21:00:00', 2, 'Доставка грузовая газель', 2000, '', 0, 1),
(113, '2018-02-02 21:00:00', 2, 'Расчет с погрузчиком Женя', 54000, '', 0, 1),
(114, '2018-02-02 21:00:00', 2, 'Бензин Тойота', 1500, '', 1, 1),
(115, '2018-02-02 21:00:00', 2, 'Краска д/пачек,лента клейкая,фонари', 5005, '', 1, 1),
(116, '2018-02-02 21:00:00', 2, 'Продукты', 1220, '', 1, 1),
(117, '2018-02-02 21:00:00', 2, 'Мясо', 8288, '', 0, 1),
(118, '2018-02-03 21:00:00', 1, 'Проданы дрова', 24000, '16 пачек', 0, 0),
(119, '2018-02-04 21:00:00', 2, 'Бензин пилорама', 4422, '', 1, 1),
(120, '2018-02-04 21:00:00', 2, 'Солярка', 72000, '', 0, 1),
(121, '2018-02-04 21:00:00', 2, 'Продукты', 1558, '', 1, 1),
(122, '2018-02-04 21:00:00', 2, 'Доставка ленты металлической', 1000, '', 0, 1),
(123, '2018-02-04 21:00:00', 1, 'Проданы дрова', 13500, '9 пачек', 0, 0),
(124, '2018-02-05 21:00:00', 1, 'Продана черная доска', 134400, '48 м.куб', 0, 0),
(125, '2018-02-05 21:00:00', 2, 'Подшипник пилорама', 460, '2 штуки', 1, 1),
(126, '2018-02-05 21:00:00', 2, 'Бензин Дима', 500, '', 0, 1),
(127, '2018-02-05 21:00:00', 2, 'Подшипник пилорама', 500, '2 штуки', 1, 1),
(128, '2018-02-05 21:00:00', 2, 'Бензин Бундюр', 7000, 'Стас и Антон', 1, 1),
(129, '2018-02-05 21:00:00', 1, 'Проданы дрова', 12000, '8 пачек', 0, 0),
(130, '2018-02-05 21:00:00', 2, 'Ван', 5000, '', 0, 1),
(131, '2018-02-05 21:00:00', 2, 'Бензин Динхао', 1500, '', 1, 1),
(132, '2018-02-05 21:00:00', 2, 'погрузка Латат', 11500, '57,174*200', 0, 1),
(133, '2018-02-05 21:00:00', 2, 'Обед Динхао Латат', 4000, '', 0, 1),
(134, '2018-02-06 21:00:00', 1, 'Ван', 1100000, '', 0, 1),
(135, '2018-02-06 21:00:00', 1, 'Проданы дрова', 15000, '10 пачек', 0, 0),
(136, '2018-02-06 21:00:00', 2, 'Фара у контейнера (разбили)', 1000, '', 0, 1),
(137, '2018-02-06 21:00:00', 2, 'Доставка грузовая газель', 1000, '', 0, 1),
(138, '2018-02-06 21:00:00', 2, 'Круг обрезной', 870, '', 1, 1),
(139, '2018-02-07 21:00:00', 2, 'Солярка', 72000, '', 0, 1),
(140, '2018-02-07 21:00:00', 1, 'Проданы дрова', 16500, '11 пачек', 0, 0),
(141, '2018-02-07 21:00:00', 2, 'Бензин Тойота', 1990, '', 1, 1),
(142, '2018-02-07 21:00:00', 2, 'Яйцо', 1512, '', 1, 1),
(143, '2018-02-07 21:00:00', 2, 'Кулачковый переключатель', 830, '', 1, 1),
(144, '2018-02-07 21:00:00', 2, 'Овощи', 3117, '', 1, 1),
(145, '2018-02-07 21:00:00', 2, 'Рыба,курица', 9058, '', 1, 1),
(146, '2018-02-07 21:00:00', 2, 'Рыба,курица', 8838, '', 1, 1),
(147, '2018-02-07 21:00:00', 2, 'Рис,мука', 4950, '', 1, 1),
(148, '2018-02-07 21:00:00', 2, 'ТК (доставка эл.кастрюль)', 590, '', 1, 1),
(149, '2018-02-07 21:00:00', 1, 'Зарплата', 1811790, '', 0, 1),
(150, '2018-02-09 21:00:00', 1, 'Руслан', 780000, '', 0, 0),
(151, '2018-02-08 21:00:00', 2, 'Доставка грузовая газель', 1200, '', 0, 1),
(152, '2018-02-08 21:00:00', 2, 'погрузка Латат', 12500, '62,99*200', 0, 1),
(153, '2018-02-09 21:00:00', 1, 'Заняли китайцам', 146750, '', 0, 1),
(154, '2018-02-09 21:00:00', 1, 'Продана черная доска', 268800, '96 м.куб.', 0, 0),
(155, '2018-02-09 21:00:00', 2, 'Эл.чайник', 303, '', 1, 1),
(156, '2018-02-10 21:00:00', 1, 'Проданы дрова', 18000, '12 пачек', 0, 0),
(157, '2018-02-10 21:00:00', 2, 'Бензин Тойота', 1990, '', 1, 1),
(158, '2018-02-11 21:00:00', 2, 'Рукав высокого давления', 2790, '', 1, 1),
(159, '2018-02-11 21:00:00', 2, 'Солярка', 72000, '', 0, 1),
(160, '2018-02-11 21:00:00', 2, 'Овощи', 4000, '', 0, 1),
(161, '2018-02-11 21:00:00', 2, 'Бензин пилорама', 5159, '', 1, 1),
(162, '2018-02-11 21:00:00', 1, 'Руслан', 615000, '', 0, 0),
(163, '2018-02-11 21:00:00', 1, 'Проданы дрова', 12000, '8 пачек', 0, 0),
(164, '2018-02-12 21:00:00', 1, 'Руслан', 590000, '', 0, 0),
(165, '2018-02-12 21:00:00', 2, 'погрузка Латат', 19500, '97,3*200', 0, 1),
(166, '2018-02-12 21:00:00', 1, 'Заняли китайцам', 45000, '', 0, 1),
(167, '2018-02-12 21:00:00', 2, 'погрузка Латат', 6880, '34,4*200', 0, 1),
(168, '2018-02-12 21:00:00', 2, 'Доставка профлиста', 2000, '', 0, 1),
(169, '2018-02-13 21:00:00', 1, 'Чен', 2000000, '', 0, 0),
(170, '2018-02-13 21:00:00', 2, 'Замок', 260, '2 штуки', 1, 1),
(171, '2018-02-13 21:00:00', 2, 'Овощи', 1228, '', 1, 1),
(172, '2018-02-13 21:00:00', 2, 'Продукты', 8218, '', 1, 1),
(173, '2018-02-13 21:00:00', 2, 'Продукты', 9129, '', 1, 1),
(174, '2018-02-13 21:00:00', 2, 'Газовая горелка, пассатижи', 1840, 'для пилорамы', 1, 1),
(175, '2018-02-13 21:00:00', 2, 'Мясо,грибы,рыба', 19850, '', 0, 1),
(176, '2018-02-13 21:00:00', 2, 'Бензин Динхао', 1600, '', 1, 1),
(177, '2018-02-13 21:00:00', 2, 'Шиномонтаж', 360, 'хонда', 1, 1),
(178, '2018-02-14 21:00:00', 2, 'Продукты', 3821, '', 1, 1);

-- --------------------------------------------------------

--
-- Структура таблицы `cash_type`
--

CREATE TABLE IF NOT EXISTS `cash_type` (
  `id` tinyint(3) UNSIGNED NOT NULL AUTO_INCREMENT,
  `name` varchar(64) NOT NULL,
  PRIMARY KEY (`id`)
) ENGINE=InnoDB AUTO_INCREMENT=3 DEFAULT CHARSET=utf8;

--
-- Дамп данных таблицы `cash_type`
--

INSERT INTO `cash_type` (`id`, `name`) VALUES
(1, 'Ван'),
(2, 'Финансы');

-- --------------------------------------------------------

--
-- Структура таблицы `category`
--

CREATE TABLE IF NOT EXISTS `category` (
  `id` smallint(5) UNSIGNED NOT NULL AUTO_INCREMENT,
  `name` varchar(64) NOT NULL,
  PRIMARY KEY (`id`)
) ENGINE=InnoDB AUTO_INCREMENT=7 DEFAULT CHARSET=utf8;

--
-- Дамп данных таблицы `category`
--

INSERT INTO `category` (`id`, `name`) VALUES
(1, 'Лес'),
(2, 'Налоги'),
(3, 'Оборудование'),
(4, 'Бензин'),
(5, 'Комиссия'),
(6, 'Зарплата');

-- --------------------------------------------------------

--
-- Структура таблицы `china`
--

CREATE TABLE IF NOT EXISTS `china` (
  `id` smallint(5) UNSIGNED NOT NULL AUTO_INCREMENT,
  `name` varchar(64) NOT NULL,
  PRIMARY KEY (`id`)
) ENGINE=InnoDB AUTO_INCREMENT=8 DEFAULT CHARSET=utf8;

--
-- Дамп данных таблицы `china`
--

INSERT INTO `china` (`id`, `name`) VALUES
(1, 'Рабочий 1'),
(2, 'Рабочий 2'),
(3, 'Рабочий 3'),
(4, 'Рабочий 4'),
(5, 'Рабочий 5'),
(6, 'Рабочий 6'),
(7, 'Рабочий 7');

-- --------------------------------------------------------

--
-- Структура таблицы `company`
--

CREATE TABLE IF NOT EXISTS `company` (
  `id` tinyint(3) UNSIGNED NOT NULL AUTO_INCREMENT,
  `name` varchar(64) NOT NULL,
  `inn` varchar(12) NOT NULL,
  PRIMARY KEY (`id`)
) ENGINE=InnoDB AUTO_INCREMENT=3 DEFAULT CHARSET=utf8;

--
-- Дамп данных таблицы `company`
--

INSERT INTO `company` (`id`, `name`, `inn`) VALUES
(1, 'ООО «ТЛТ»', '7017340544'),
(2, 'ООО «ТЛП»', '7017406241');

-- --------------------------------------------------------

--
-- Структура таблицы `consignee`
--

CREATE TABLE IF NOT EXISTS `consignee` (
  `id` smallint(5) UNSIGNED NOT NULL AUTO_INCREMENT,
  `name` varchar(64) NOT NULL,
  `email` varchar(64) DEFAULT NULL,
  PRIMARY KEY (`id`)
) ENGINE=InnoDB AUTO_INCREMENT=5 DEFAULT CHARSET=utf8;

--
-- Дамп данных таблицы `consignee`
--

INSERT INTO `consignee` (`id`, `name`, `email`) VALUES
(3, 'Тестовый грузополучатель', ''),
(4, 'Сергей', '');

-- --------------------------------------------------------

--
-- Структура таблицы `container`
--

CREATE TABLE IF NOT EXISTS `container` (
  `id` int(10) UNSIGNED NOT NULL AUTO_INCREMENT,
  `exporter_group_id` tinyint(4) UNSIGNED NOT NULL,
  `exporter_id` smallint(6) UNSIGNED DEFAULT NULL,
  `station_id` tinyint(4) UNSIGNED NOT NULL,
  `way_id` smallint(6) UNSIGNED NOT NULL,
  `destination_id` smallint(6) UNSIGNED NOT NULL,
  `number` varchar(15) NOT NULL,
  `owner_id` smallint(6) UNSIGNED DEFAULT NULL,
  `stamp_type_id` tinyint(4) UNSIGNED DEFAULT NULL,
  `stamp_num` varchar(15) DEFAULT NULL,
  `loading_date` timestamp NULL DEFAULT NULL,
  `loading_place_id` smallint(6) UNSIGNED DEFAULT NULL,
  `carrier_id` smallint(6) UNSIGNED DEFAULT NULL,
  `weight` int(11) UNSIGNED DEFAULT NULL,
  `dt` varchar(30) DEFAULT NULL,
  `shipment_num` varchar(15) DEFAULT NULL,
  `railway_num` varchar(15) DEFAULT NULL,
  `issue_date` timestamp NULL DEFAULT NULL,
  `consignee_id` smallint(6) UNSIGNED DEFAULT NULL,
  `border_date` timestamp NULL DEFAULT NULL,
  `arrival_date` timestamp NULL DEFAULT NULL,
  `container_date` timestamp NULL DEFAULT NULL,
  `container_place` varchar(5000) DEFAULT NULL,
  `kc` varchar(30) DEFAULT NULL,
  `st` varchar(30) DEFAULT NULL,
  `dhl_st` varchar(30) DEFAULT NULL,
  `dhl_fit` varchar(30) DEFAULT NULL,
  PRIMARY KEY (`id`)
) ENGINE=InnoDB AUTO_INCREMENT=4 DEFAULT CHARSET=utf8;

--
-- Дамп данных таблицы `container`
--

INSERT INTO `container` (`id`, `exporter_group_id`, `exporter_id`, `station_id`, `way_id`, `destination_id`, `number`, `owner_id`, `stamp_type_id`, `stamp_num`, `loading_date`, `loading_place_id`, `carrier_id`, `weight`, `dt`, `shipment_num`, `railway_num`, `issue_date`, `consignee_id`, `border_date`, `arrival_date`, `container_date`, `container_place`, `kc`, `st`, `dhl_st`, `dhl_fit`) VALUES
(1, 2, 4, 1, 2, 2, 'GLLU9139618', 4, 3, '', '2017-12-07 17:00:00', 2, 4, 26000, '10611020/120117/0000438', '2207657', '51233940', '2017-12-05 17:00:00', 3, '2018-03-13 17:00:00', '2017-12-12 17:00:00', '2017-12-19 17:00:00', 'Тут может быть написано хоть что', '', '', '', ''),
(2, 1, 1, 1, 2, 2, 'G8127312F70', 3, 3, '', '2017-12-01 17:00:00', 2, 4, 0, '', '', '', '2017-12-13 17:00:00', NULL, NULL, NULL, NULL, '', '', '', '', ''),
(3, 6, 8, 3, 2, 2, 'ASD312312312', NULL, NULL, '', NULL, NULL, NULL, 0, '', '', '', NULL, NULL, NULL, NULL, NULL, '', '', '', '', '');

-- --------------------------------------------------------

--
-- Структура таблицы `correspondent`
--

CREATE TABLE IF NOT EXISTS `correspondent` (
  `id` int(10) UNSIGNED NOT NULL AUTO_INCREMENT,
  `name` varchar(256) NOT NULL,
  `inn` varchar(12) DEFAULT NULL,
  `provider_id` int(11) DEFAULT NULL,
  PRIMARY KEY (`id`)
) ENGINE=InnoDB AUTO_INCREMENT=14 DEFAULT CHARSET=utf8;

--
-- Дамп данных таблицы `correspondent`
--

INSERT INTO `correspondent` (`id`, `name`, `inn`, `provider_id`) VALUES
(1, 'ИП Медведев Павел Васильевич', '701502031317', 5),
(2, 'ИП Струк Владимир Николаевич', '701500534932', 11),
(3, 'Глава крестьянского (фермерского) хозяйства Сосняков Владимир Леонидович', '701401327950', 4),
(4, 'ИП Лебедев Сергей Александрович', '701400570800', 13),
(5, 'ООО \"Прогресс\"', '7017394606', 6),
(6, 'ИП Бессонова Екатерина Александровна', '701743022510', 12),
(7, 'ООО \"Монолит-Строй\"', '7702513119', 16),
(8, 'ООО \"Лесоустроитель\"', '7017211161', 3),
(9, 'ООО \"ИнтелСтрой\"', '7003000611', 10),
(10, 'ИП Гринько Сергей Валерьевич', '701718416408', 14),
(11, 'ООО \"ТрансСиб\"', '7017206267', 15),
(12, 'ООО \"Сатурн\"', '7014044829', 17),
(13, 'ООО \"МАЛЕН ТРЕЙД\"', '7017418600', 20);

-- --------------------------------------------------------

--
-- Структура таблицы `day`
--

CREATE TABLE IF NOT EXISTS `day` (
  `id` smallint(5) UNSIGNED NOT NULL AUTO_INCREMENT,
  `date` timestamp NOT NULL DEFAULT CURRENT_TIMESTAMP,
  PRIMARY KEY (`id`)
) ENGINE=InnoDB AUTO_INCREMENT=6 DEFAULT CHARSET=utf8;

--
-- Дамп данных таблицы `day`
--

INSERT INTO `day` (`id`, `date`) VALUES
(1, '2018-01-26 17:00:00'),
(2, '2018-01-27 17:00:00'),
(3, '2018-01-28 17:00:00'),
(4, '2018-01-29 21:00:00'),
(5, '2018-01-30 21:00:00');

-- --------------------------------------------------------

--
-- Структура таблицы `destination`
--

CREATE TABLE IF NOT EXISTS `destination` (
  `id` smallint(5) UNSIGNED NOT NULL AUTO_INCREMENT,
  `name` varchar(64) NOT NULL,
  PRIMARY KEY (`id`)
) ENGINE=InnoDB AUTO_INCREMENT=3 DEFAULT CHARSET=utf8;

--
-- Дамп данных таблицы `destination`
--

INSERT INTO `destination` (`id`, `name`) VALUES
(2, 'Маньчжурия');

-- --------------------------------------------------------

--
-- Структура таблицы `dryer`
--

CREATE TABLE IF NOT EXISTS `dryer` (
  `id` int(10) UNSIGNED NOT NULL AUTO_INCREMENT,
  `number` varchar(128) NOT NULL,
  `switch` tinyint(1) NOT NULL DEFAULT '0',
  PRIMARY KEY (`id`)
) ENGINE=InnoDB AUTO_INCREMENT=12 DEFAULT CHARSET=utf8;

--
-- Дамп данных таблицы `dryer`
--

INSERT INTO `dryer` (`id`, `number`, `switch`) VALUES
(1, '1', 1),
(2, '2', 1),
(3, '3', 1),
(4, '4', 1),
(5, '5', 1),
(6, '6', 1),
(7, '7', 0),
(8, '8', 1),
(9, '9', 1),
(10, '10', 1),
(11, '11', 1);

-- --------------------------------------------------------

--
-- Структура таблицы `dryer_queue`
--

CREATE TABLE IF NOT EXISTS `dryer_queue` (
  `id` int(10) UNSIGNED NOT NULL AUTO_INCREMENT,
  `dryer_id` int(10) UNSIGNED NOT NULL,
  `start_date` timestamp NOT NULL DEFAULT CURRENT_TIMESTAMP,
  `size` varchar(256) NOT NULL,
  `cubage` varchar(512) NOT NULL,
  `packs` varchar(128) NOT NULL,
  `rows` varchar(128) NOT NULL,
  `comment` varchar(1024) DEFAULT NULL,
  `complete_date` timestamp NULL DEFAULT NULL,
  PRIMARY KEY (`id`)
) ENGINE=InnoDB AUTO_INCREMENT=58 DEFAULT CHARSET=utf8;

--
-- Дамп данных таблицы `dryer_queue`
--

INSERT INTO `dryer_queue` (`id`, `dryer_id`, `start_date`, `size`, `cubage`, `packs`, `rows`, `comment`, `complete_date`) VALUES
(12, 1, '2017-12-29 21:00:00', '0,027*2', '155,52', '75', '16 двойные', 'белая не стандартная', '2018-01-16 21:00:00'),
(13, 1, '2018-01-16 21:00:00', '0,027*2', '155,52', '75', '16 двойные', 'белая не стандартная', '2018-02-04 21:00:00'),
(14, 2, '2017-12-20 21:00:00', '0,027*2/2,5', '114,048+41,472=155,52', '55+16=72', '16 двойные', 'белая стандартная', '2018-01-05 21:00:00'),
(15, 2, '2018-01-05 21:00:00', '0,027*2', '155,52', '75', '16 двойные', 'белая стандартная', '2018-01-22 21:00:00'),
(16, 2, '2018-01-22 21:00:00', '0,027*2', '155,52', '75', '16 двойные', 'белая стандартная', '2018-02-07 21:00:00'),
(17, 3, '2017-12-18 21:00:00', '0,027*2', '155,52', '16+15=75', '16 двойные', 'белая,белая стандарт', '2018-01-07 21:00:00'),
(18, 3, '2018-01-08 21:00:00', '0,027*2/2,5', '124,416+31,104=155,52', '60+12=72', '16 двойные', 'белая не стандартная', '2018-01-28 21:00:00'),
(19, 4, '2017-12-23 21:00:00', '0,027*2/2,5', '124,416+31,104=155,52', '60+12=72', '16 двойные', 'белая не стандарт', '2018-01-09 21:00:00'),
(20, 4, '2018-01-10 21:00:00', '0,027*2', '155,52', '75', '16 двойные', 'белая стандартная', '2018-01-28 21:00:00'),
(21, 5, '2017-12-28 21:00:00', '0,021*2', '143,64', '75', '19 двойные', 'белая не стандартная', '2018-01-12 21:00:00'),
(22, 5, '2018-01-12 21:00:00', '0,027*2,5', '155,52', '60', '16 двойные', 'белая стандарт', '2018-02-02 21:00:00'),
(23, 6, '2017-12-25 21:00:00', '0,027*2', '155,52', '75', '16 двойные', 'белая стандартная', '2018-01-14 21:00:00'),
(24, 6, '2018-01-14 21:00:00', '0,027*2', '155,52', '75', '16 двойные', 'белая стандартная', '2018-02-07 21:00:00'),
(25, 7, '2017-12-24 21:00:00', '0,019*2/2,4/3,6', '46,785+49,904+53,023=149,712', '27+24+17=68', '19 двойные', 'Чен', '2018-01-11 21:00:00'),
(26, 7, '2018-01-11 21:00:00', '0,033*2,4', '156,816', '75', '22', 'Чен не работает', '2018-01-24 21:00:00'),
(27, 8, '2017-12-27 21:00:00', '0,033*2,4/3,6', '31,363+112,907=144,27', '15+36=51', '22', 'Чен', '2018-01-06 21:00:00'),
(28, 8, '2018-01-06 21:00:00', '0,033*2/3,6', '26,136+112,907=139,043', '15+36=51', '22', 'Чен', '2018-01-15 21:00:00'),
(29, 8, '2018-01-15 21:00:00', '0,033*2/2,4/3,6', '26,136+62,726+56,453=145,315', '15+30+18=63', '22', 'Чен', '2018-01-31 21:00:00'),
(30, 9, '2017-12-26 21:00:00', '0,033*3,6', '141,134', '45', '22', 'Чен', '2018-01-07 21:00:00'),
(31, 9, '2018-01-07 21:00:00', '0,033*2/3,6', '62,726+84,68=147,406', '36+27=63', '22', 'Чен', '2018-01-17 21:00:00'),
(32, 9, '2018-01-17 21:00:00', '0,019*2,4/3,6', '31,19+112,285=143,475', '15+36=41', '19 двойные', 'Чен', '2018-01-29 21:00:00'),
(33, 10, '2017-12-29 21:00:00', '0,033*2,4', '156,816', '75', '22', 'Чен', '2018-01-08 21:00:00'),
(34, 10, '2018-01-08 21:00:00', '0,033*2,4/3,6', '94,089+56,453=150,542', '45+18=65', '22', 'Чен', '2018-01-16 21:00:00'),
(35, 10, '2018-01-16 21:00:00', '0,033*2,4/3/3,6', '18,817+2,61+119,18=140,607', '9+1+38=46', '22', 'Чен  не работает', '2018-01-27 21:00:00'),
(36, 11, '2017-12-24 21:00:00', '0,033*3,6', '141,134', '45', '22', 'Чен', '2018-01-04 21:00:00'),
(37, 11, '2018-01-04 21:00:00', '0,033*3,6', '141,134', '45', '22', 'Чен', '2018-01-13 21:00:00'),
(38, 11, '2018-01-13 21:00:00', '0,033*2/2,4', '26,136+125,452=151,588', '15+60=75', '22', 'Чен', '2018-01-22 21:00:00'),
(39, 11, '2018-01-22 21:00:00', '0,033*2,4/3/3,6', '2,09+7,84+131,725=141,655', '1+3+42=46', '22', 'Чен', '2018-02-01 21:00:00'),
(40, 7, '2018-01-25 21:00:00', '0,033*2/2,4', '78,408+62,726=141,134', '45+30=75', '22', 'Чен', '2018-02-03 21:00:00'),
(41, 10, '2018-01-27 21:00:00', '0.033*2/2.4', '54,014+94,089=148,103', '31+45=76', '22', 'Чен', '2018-02-04 21:00:00'),
(42, 3, '2018-01-28 21:00:00', '0,027*2', '155,52', '75', '16 двойные', 'белая стандартная', '2018-02-13 21:00:00'),
(43, 4, '2018-01-29 21:00:00', '0,027*2/2,5', '114,048+41,472=155,52', '55+16=71', '16 двойные', 'белая не стандартная', NULL),
(44, 9, '2018-01-29 21:00:00', '0,019*2/2,4/3/3,6', '19,06+41,597+77,976+12,476=151,109', '11+20+30+4=65', '19 двойные', 'Чен', '2018-02-10 21:00:00'),
(45, 8, '2018-01-31 21:00:00', '0,033*2,4', '156,816', '75', '22', 'Чен', '2018-02-09 21:00:00'),
(46, 11, '2018-02-01 21:00:00', '0,019*2/2,4/3', '51,984+56,142+44,186=152,312', '30+27+17=74', '19 двойные', 'Чен', '2018-02-12 21:00:00'),
(47, 5, '2018-02-02 21:00:00', '0,027*2/2,5', '124,416+31,104=155,52', '60+12=72', '16 двойные', 'белая стандартная', NULL),
(48, 7, '2018-02-03 21:00:00', '0,033*2,4/3,6', '94,089+56,453=150,542', '45+18=63', '22', 'Чен', NULL),
(49, 1, '2018-02-04 21:00:00', '0,027*2', '155,52', '75', '16 двойные', 'черные стандартные', NULL),
(50, 10, '2018-02-06 21:00:00', '0,033*2,4/3,6', '94,089+47,0448=141,133', '45+15=60', '22', 'Чен (сосна)', '2018-02-14 21:00:00'),
(51, 2, '2018-02-07 21:00:00', '0,027*2', '155,52', '75', '16 двойные', 'белая стандартная', NULL),
(52, 6, '2018-02-08 21:00:00', '0,027*2', '155,52', '75', '16 двойные', 'белая не стандартная', NULL),
(53, 8, '2018-02-09 21:00:00', '0,033*3,6', '141,134', '45', '22', 'Чен', NULL),
(54, 9, '2018-02-11 21:00:00', '0,033*3,6', '141,134', '45', '22', 'Чен', NULL),
(55, 11, '2018-02-12 21:00:00', '0,033*3,6', '141,134', '45', '22', 'Чен', NULL),
(56, 3, '2018-02-14 21:00:00', '0,027*2', '155,52', '75', '16 двойные', 'черная стандартная', NULL),
(57, 10, '2018-02-14 21:00:00', '0,033*3,6', '141,134', '45', '22', 'Чен', NULL);

-- --------------------------------------------------------

--
-- Структура таблицы `exporter`
--

CREATE TABLE IF NOT EXISTS `exporter` (
  `id` smallint(5) UNSIGNED NOT NULL AUTO_INCREMENT,
  `group_id` tinyint(3) UNSIGNED NOT NULL,
  `name` varchar(64) NOT NULL,
  `email` varchar(64) DEFAULT NULL,
  PRIMARY KEY (`id`)
) ENGINE=InnoDB AUTO_INCREMENT=9 DEFAULT CHARSET=utf8;

--
-- Дамп данных таблицы `exporter`
--

INSERT INTO `exporter` (`id`, `group_id`, `name`, `email`) VALUES
(1, 1, 'ЛесКом', ''),
(2, 2, 'ТЛТ', ''),
(3, 2, 'ТЛП', ''),
(4, 2, 'ТЛИ', ''),
(5, 3, 'Вэйда', ''),
(6, 4, 'ЛяньМэн', ''),
(7, 5, 'ДаЧжун', ''),
(8, 6, 'ПромЛесЭкспорт', '');

-- --------------------------------------------------------

--
-- Структура таблицы `exporter_group`
--

CREATE TABLE IF NOT EXISTS `exporter_group` (
  `id` tinyint(3) UNSIGNED NOT NULL AUTO_INCREMENT,
  `name` varchar(64) NOT NULL,
  `sort` smallint(6) NOT NULL DEFAULT '500',
  PRIMARY KEY (`id`)
) ENGINE=InnoDB AUTO_INCREMENT=7 DEFAULT CHARSET=utf8;

--
-- Дамп данных таблицы `exporter_group`
--

INSERT INTO `exporter_group` (`id`, `name`, `sort`) VALUES
(1, 'ЛесКом', 100),
(2, 'ТЛТ/ТЛП/ТЛИ', 200),
(3, 'Вэйда', 300),
(4, 'ЛяньМэн', 500),
(5, 'ДаЧжун', 500),
(6, 'ПромЛесЭкспорт', 500);

-- --------------------------------------------------------

--
-- Структура таблицы `exporter_group_branch`
--

CREATE TABLE IF NOT EXISTS `exporter_group_branch` (
  `branch_id` tinyint(3) UNSIGNED NOT NULL,
  `exporter_group_id` tinyint(3) UNSIGNED NOT NULL,
  PRIMARY KEY (`branch_id`,`exporter_group_id`)
) ENGINE=InnoDB DEFAULT CHARSET=utf8;

--
-- Дамп данных таблицы `exporter_group_branch`
--

INSERT INTO `exporter_group_branch` (`branch_id`, `exporter_group_id`) VALUES
(1, 1),
(1, 2),
(1, 3),
(1, 4),
(1, 5),
(1, 7),
(3, 6);

-- --------------------------------------------------------

--
-- Структура таблицы `incoming`
--

CREATE TABLE IF NOT EXISTS `incoming` (
  `id` int(10) UNSIGNED NOT NULL AUTO_INCREMENT,
  `date` timestamp NOT NULL DEFAULT CURRENT_TIMESTAMP,
  `car` varchar(16) NOT NULL,
  `cargo` varchar(64) NOT NULL,
  `place_id` tinyint(3) UNSIGNED NOT NULL,
  PRIMARY KEY (`id`)
) ENGINE=InnoDB DEFAULT CHARSET=utf8;

-- --------------------------------------------------------

--
-- Структура таблицы `incoming_place`
--

CREATE TABLE IF NOT EXISTS `incoming_place` (
  `id` tinyint(3) UNSIGNED NOT NULL AUTO_INCREMENT,
  `name` varchar(32) NOT NULL,
  PRIMARY KEY (`id`)
) ENGINE=InnoDB AUTO_INCREMENT=3 DEFAULT CHARSET=utf8;

--
-- Дамп данных таблицы `incoming_place`
--

INSERT INTO `incoming_place` (`id`, `name`) VALUES
(1, 'Южная 8'),
(2, 'Южная 9');

-- --------------------------------------------------------

--
-- Структура таблицы `loading_place`
--

CREATE TABLE IF NOT EXISTS `loading_place` (
  `id` smallint(5) UNSIGNED NOT NULL AUTO_INCREMENT,
  `name` varchar(64) NOT NULL,
  PRIMARY KEY (`id`)
) ENGINE=InnoDB AUTO_INCREMENT=5 DEFAULT CHARSET=utf8;

--
-- Дамп данных таблицы `loading_place`
--

INSERT INTO `loading_place` (`id`, `name`) VALUES
(2, 'Советская, 2'),
(3, 'Ленинская, 1Б'),
(4, 'Колывань');

-- --------------------------------------------------------

--
-- Структура таблицы `location`
--

CREATE TABLE IF NOT EXISTS `location` (
  `id` int(10) UNSIGNED NOT NULL AUTO_INCREMENT,
  `date` timestamp NOT NULL DEFAULT CURRENT_TIMESTAMP ON UPDATE CURRENT_TIMESTAMP,
  `name` varchar(128) NOT NULL,
  `container_id` int(10) UNSIGNED NOT NULL,
  PRIMARY KEY (`id`)
) ENGINE=InnoDB AUTO_INCREMENT=9 DEFAULT CHARSET=utf8;

--
-- Дамп данных таблицы `location`
--

INSERT INTO `location` (`id`, `date`, `name`, `container_id`) VALUES
(2, '2017-12-04 09:42:00', 'Киселевск', 1),
(3, '2017-12-04 09:45:15', 'Томск, пр. Ленина 186', 2),
(4, '2017-12-04 09:45:30', 'Кемерово, площадь Пушкина', 2),
(5, '2017-12-04 09:50:13', 'Томск', 3),
(6, '2017-12-04 09:50:32', 'Междуреченск', 3),
(7, '2017-12-05 05:14:50', 'Томск, пр. Ленина 190', 2),
(8, '2018-01-29 11:50:32', 'Москва', 1);

-- --------------------------------------------------------

--
-- Структура таблицы `model_names`
--

CREATE TABLE IF NOT EXISTS `model_names` (
  `id` smallint(5) UNSIGNED NOT NULL AUTO_INCREMENT,
  `code` varchar(128) NOT NULL,
  `name` varchar(128) NOT NULL,
  `vin_name` varchar(128) NOT NULL,
  `rod_name` varchar(128) NOT NULL,
  `rule` varchar(32) DEFAULT NULL,
  `sort` smallint(6) DEFAULT '9999',
  `parent` smallint(5) UNSIGNED NOT NULL DEFAULT '0',
  PRIMARY KEY (`id`)
) ENGINE=InnoDB AUTO_INCREMENT=59 DEFAULT CHARSET=utf8;

--
-- Дамп данных таблицы `model_names`
--

INSERT INTO `model_names` (`id`, `code`, `name`, `vin_name`, `rod_name`, `rule`, `sort`, `parent`) VALUES
(10, 'user', 'Пользователи', 'Пользователя', 'Пользователя', 'readUser', 9999, 0),
(15, 'dryer', 'Сушилки', 'Сушилку', 'Сушилки', 'readDryer', 450, 0),
(16, 'cash', 'Платежи', 'Платеж', 'Платежа', 'readCash', 200, 0),
(17, 'wood', 'Отгрузки', 'Отгрузку', 'Отгрузки', 'readWood', 300, 0),
(18, 'data', 'Справочники', 'Справочник', 'Справочника', NULL, 3000, 0),
(19, 'woodProvider', 'Поставщики леса', 'Поставщика', 'Поставщика', 'readWood', 115, 18),
(20, 'parabelProvider', 'Поставщики (парабель)', 'Поставщика', 'Поставщика', 'readParabel', 200, 18),
(21, 'parabel', 'Машины из Парабели', 'Отгрузку', 'Отгрузки', 'readParabel', 500, 0),
(22, 'incoming', 'Входящий транспорт', 'Запись', 'Записи', 'readIncoming', 600, 0),
(23, 'exporterGroup', 'Группы экспортеров', 'Группу', 'Группы', 'readContainer', 300, 38),
(24, 'exporter', 'Экспортеры', 'Экспортера', 'Экспортера', 'readContainer', 400, 38),
(25, 'branch', 'Филиалы', 'Филиал', 'Филиала', 'readContainer', 500, 38),
(26, 'station', 'Станции', 'Станцию', 'Станции', 'readContainer', 600, 38),
(27, 'way', 'Маршруты', 'Маршрут', 'Маршрута', 'readContainer', 700, 38),
(28, 'destination', 'Пункты назначения', 'Пункт', 'Пункта', 'readContainer', 800, 38),
(29, 'owner', 'Собственники', 'Собственника', 'Собственника', 'readContainer', 900, 38),
(30, 'stampType', 'Типы пломб', 'Тип', 'Типа', 'readContainer', 1000, 38),
(31, 'loadingPlace', 'Места погрузки', 'Место', 'Места', 'readContainer', 1100, 38),
(32, 'carrier', 'Перевозчики', 'Перевозчика', 'Перевозчика', 'readContainer', 1200, 38),
(33, 'consignee', 'Грузополучатели', 'Грузополучателя', 'Грузополучателя', 'readContainer', 1300, 38),
(34, 'ParabelType', 'Типы груза (парабель)', 'Тип', 'Типа', 'readParabel', 250, 18),
(35, 'container', 'Контейнеры', 'Контейнер', 'Контейнера', 'readContainer', 50, 0),
(36, 'board', 'Доски Чин', 'Отгрузку', 'Отгрузки', 'readBoard', 400, 0),
(37, 'plant', 'Заводы (доски Чин)', 'Завод', 'Завода', 'updateBoard', 280, 18),
(38, 'data', 'Справочники (контейнер)', 'Справочник', 'Справочника', NULL, 3100, 0),
(39, 'sawmill', 'Пилорамы', 'Пилораму', 'Пилорамы', 'readSaw', 400, 18),
(40, 'plankGroup', 'Группы досок', 'Группу', 'Группы', 'readSaw', 500, 18),
(41, 'plank', 'Типы досок', 'Тип', 'Типа', 'readSaw', 600, 18),
(42, 'china', 'Рабочие Китайцы', 'Рабочего', 'Рабочего', 'readChina', 700, 0),
(43, 'saw', 'Работа на пилораме', 'Рабочий день', 'Рабочего дня', 'readSaw', 650, 0),
(44, 'incomingplace', 'Места (вх. транспорт)', 'Место', 'Места', 'updateIncoming', 300, 18),
(45, 'species', 'Породы', 'Породу', 'Породы', 'readWood', 350, 18),
(46, 'stats', 'Статистика', 'Статистика', 'Статистика', NULL, 0, 0),
(47, 'woodGroup', 'Группы отгрузок', 'Группу', 'Группы', 'readWood', 110, 18),
(48, 'post', 'Должности', 'Должность', 'Должности', 'readWorker', 700, 18),
(49, 'worker', 'Рабочие', 'Рабочего', 'Рабочего', 'readWorker', 800, 0),
(50, 'relocPlank', 'Типы досок (перекладка)', 'Тип', 'Типа', 'readReloc', 800, 18),
(51, 'work', 'Работа', 'День', 'Дня', 'readWorker', 900, 0),
(52, 'reloc', 'Перекладка досок', 'День', 'Дня', 'readReloc', 1000, 0),
(53, 'cargoType', 'Типы груза', 'Тип', 'Типа', 'readContainer', 1400, 38),
(54, 'order', 'Платежные поручения', 'Поручение', 'Поручения', 'readOrder', 1100, 0),
(55, 'category', 'Категории', 'Категорию', 'Категории', 'readOrder', 110, 18),
(56, 'sorting', 'Распределение поручений', 'Поручение', 'Поручения', 'readOrder', 1200, 0),
(57, 'company', 'Компании', 'Компанию', 'Компании', 'readOrder', 50, 18),
(58, 'correspondent', 'Корреспонденты', 'Корреспондента', 'Корреспондента', 'readWood', 100, 18);

-- --------------------------------------------------------

--
-- Структура таблицы `order`
--

CREATE TABLE IF NOT EXISTS `order` (
  `id` int(10) UNSIGNED NOT NULL AUTO_INCREMENT,
  `company_id` tinyint(3) UNSIGNED NOT NULL,
  `number` int(10) UNSIGNED NOT NULL,
  `date` timestamp NOT NULL DEFAULT CURRENT_TIMESTAMP,
  `correspondent_id` mediumint(8) UNSIGNED NOT NULL,
  `sum` float NOT NULL DEFAULT '0',
  `negative` tinyint(1) NOT NULL DEFAULT '0',
  `category_id` smallint(5) UNSIGNED NOT NULL,
  `purpose` varchar(256) DEFAULT NULL,
  `is_new` tinyint(1) NOT NULL DEFAULT '0',
  PRIMARY KEY (`id`),
  KEY `number` (`number`,`date`)
) ENGINE=InnoDB DEFAULT CHARSET=utf8;

-- --------------------------------------------------------

--
-- Структура таблицы `owner`
--

CREATE TABLE IF NOT EXISTS `owner` (
  `id` smallint(5) UNSIGNED NOT NULL AUTO_INCREMENT,
  `name` varchar(64) NOT NULL,
  PRIMARY KEY (`id`)
) ENGINE=InnoDB AUTO_INCREMENT=6 DEFAULT CHARSET=utf8;

--
-- Дамп данных таблицы `owner`
--

INSERT INTO `owner` (`id`, `name`) VALUES
(2, 'РИС'),
(3, 'Tez Zhol (КЗХ)'),
(4, 'СкайВэй'),
(5, 'ГКЛ');

-- --------------------------------------------------------

--
-- Структура таблицы `parabel`
--

CREATE TABLE IF NOT EXISTS `parabel` (
  `id` int(10) UNSIGNED NOT NULL AUTO_INCREMENT,
  `date` timestamp NOT NULL DEFAULT CURRENT_TIMESTAMP ON UPDATE CURRENT_TIMESTAMP,
  `type_id` tinyint(3) UNSIGNED NOT NULL,
  PRIMARY KEY (`id`)
) ENGINE=InnoDB DEFAULT CHARSET=utf8;

-- --------------------------------------------------------

--
-- Структура таблицы `parabel_cargo`
--

CREATE TABLE IF NOT EXISTS `parabel_cargo` (
  `parabel_id` int(10) UNSIGNED NOT NULL,
  `provider_id` int(10) UNSIGNED NOT NULL,
  `cubage` float NOT NULL,
  PRIMARY KEY (`parabel_id`,`provider_id`)
) ENGINE=InnoDB DEFAULT CHARSET=utf8;

--
-- Дамп данных таблицы `parabel_cargo`
--

INSERT INTO `parabel_cargo` (`parabel_id`, `provider_id`, `cubage`) VALUES
(1, 1, 1),
(1, 2, 2),
(2, 1, 4),
(2, 2, 2),
(3, 1, 1),
(4, 1, 10),
(4, 2, 123.123),
(5, 1, 23),
(5, 2, 213),
(6, 1, 10),
(6, 2, 21),
(7, 1, 2),
(7, 2, 4);

-- --------------------------------------------------------

--
-- Структура таблицы `parabel_provider`
--

CREATE TABLE IF NOT EXISTS `parabel_provider` (
  `id` int(10) UNSIGNED NOT NULL AUTO_INCREMENT,
  `name` varchar(64) NOT NULL,
  `sort` int(11) NOT NULL DEFAULT '500',
  PRIMARY KEY (`id`)
) ENGINE=InnoDB AUTO_INCREMENT=3 DEFAULT CHARSET=utf8;

--
-- Дамп данных таблицы `parabel_provider`
--

INSERT INTO `parabel_provider` (`id`, `name`, `sort`) VALUES
(1, 'Идеал', 100),
(2, 'Олег', 200);

-- --------------------------------------------------------

--
-- Структура таблицы `parabel_type`
--

CREATE TABLE IF NOT EXISTS `parabel_type` (
  `id` tinyint(3) UNSIGNED NOT NULL AUTO_INCREMENT,
  `name` varchar(64) NOT NULL,
  PRIMARY KEY (`id`)
) ENGINE=InnoDB AUTO_INCREMENT=3 DEFAULT CHARSET=utf8;

--
-- Дамп данных таблицы `parabel_type`
--

INSERT INTO `parabel_type` (`id`, `name`) VALUES
(1, 'Доски'),
(2, 'Круглый лес');

-- --------------------------------------------------------

--
-- Структура таблицы `payment`
--

CREATE TABLE IF NOT EXISTS `payment` (
  `id` tinyint(3) UNSIGNED NOT NULL AUTO_INCREMENT,
  `name` varchar(32) NOT NULL,
  PRIMARY KEY (`id`)
) ENGINE=InnoDB AUTO_INCREMENT=3 DEFAULT CHARSET=utf8;

--
-- Дамп данных таблицы `payment`
--

INSERT INTO `payment` (`id`, `name`) VALUES
(1, 'Покупки'),
(2, 'Поставщики');

-- --------------------------------------------------------

--
-- Структура таблицы `plank`
--

CREATE TABLE IF NOT EXISTS `plank` (
  `id` smallint(5) UNSIGNED NOT NULL AUTO_INCREMENT,
  `name` varchar(32) NOT NULL,
  `group_id` tinyint(3) UNSIGNED NOT NULL,
  PRIMARY KEY (`id`)
) ENGINE=InnoDB AUTO_INCREMENT=16 DEFAULT CHARSET=utf8;

--
-- Дамп данных таблицы `plank`
--

INSERT INTO `plank` (`id`, `name`, `group_id`) VALUES
(1, '2.2/2', 1),
(2, '2.7/2', 1),
(3, '2.7/2 стандарт', 1),
(4, '3.8/2', 1),
(5, '2.2/2.5', 1),
(6, '2.7 стандарт/2.5', 1),
(7, '2.7 стандарт', 2),
(8, '2.2/2', 2),
(9, 'Брусок', 3),
(10, 'Прокладки', 3),
(11, '2/5 стандарт', 2),
(12, '3,2*8,2*3', 4),
(13, '2.6*7.6*3', 4),
(14, '3.2*8.2*2', 4),
(15, '2,6*7,6*2', 4);

-- --------------------------------------------------------

--
-- Структура таблицы `plank_group`
--

CREATE TABLE IF NOT EXISTS `plank_group` (
  `id` tinyint(3) UNSIGNED NOT NULL AUTO_INCREMENT,
  `name` varchar(32) NOT NULL,
  `price` float NOT NULL,
  `short` varchar(8) NOT NULL,
  PRIMARY KEY (`id`)
) ENGINE=InnoDB AUTO_INCREMENT=5 DEFAULT CHARSET=utf8;

--
-- Дамп данных таблицы `plank_group`
--

INSERT INTO `plank_group` (`id`, `name`, `price`, `short`) VALUES
(1, 'Белые доски', 20, 'Бел.'),
(2, 'Черные доски', 15, 'Черн.'),
(3, 'Прокладки + брусок', 25, 'П+Б'),
(4, 'Ель,пихта', 15, 'ель,пихт');

-- --------------------------------------------------------

--
-- Структура таблицы `plant`
--

CREATE TABLE IF NOT EXISTS `plant` (
  `id` int(10) UNSIGNED NOT NULL AUTO_INCREMENT,
  `name` varchar(64) NOT NULL,
  `is_price` tinyint(1) NOT NULL DEFAULT '0',
  PRIMARY KEY (`id`)
) ENGINE=InnoDB AUTO_INCREMENT=5 DEFAULT CHARSET=utf8;

--
-- Дамп данных таблицы `plant`
--

INSERT INTO `plant` (`id`, `name`, `is_price`) VALUES
(2, 'Завод', 0),
(3, 'Завод (без сушки)', 0),
(4, 'Парабель', 0);

-- --------------------------------------------------------

--
-- Структура таблицы `post`
--

CREATE TABLE IF NOT EXISTS `post` (
  `id` tinyint(3) UNSIGNED NOT NULL AUTO_INCREMENT,
  `name` varchar(32) NOT NULL,
  PRIMARY KEY (`id`)
) ENGINE=InnoDB AUTO_INCREMENT=3 DEFAULT CHARSET=utf8;

--
-- Дамп данных таблицы `post`
--

INSERT INTO `post` (`id`, `name`) VALUES
(1, 'Разнорабочий'),
(2, 'Кочегар');

-- --------------------------------------------------------

--
-- Структура таблицы `reloc`
--

CREATE TABLE IF NOT EXISTS `reloc` (
  `worker_id` smallint(5) UNSIGNED NOT NULL,
  `plank_id` tinyint(3) UNSIGNED NOT NULL,
  `day_id` smallint(5) UNSIGNED NOT NULL,
  `count` smallint(5) UNSIGNED NOT NULL,
  PRIMARY KEY (`worker_id`,`plank_id`,`day_id`)
) ENGINE=InnoDB DEFAULT CHARSET=utf8;

--
-- Дамп данных таблицы `reloc`
--

INSERT INTO `reloc` (`worker_id`, `plank_id`, `day_id`, `count`) VALUES
(5, 1, 2, 1),
(5, 1, 3, 5),
(5, 1, 4, 2),
(5, 2, 3, 2),
(5, 2, 4, 5),
(5, 2, 5, 1),
(5, 3, 2, 7),
(5, 3, 3, 10),
(5, 3, 4, 6),
(5, 3, 5, 2),
(5, 4, 2, 2),
(5, 4, 4, 2),
(5, 5, 2, 3),
(5, 5, 3, 2),
(5, 5, 4, 1),
(5, 6, 2, 4),
(6, 1, 2, 2),
(6, 2, 4, 20),
(6, 3, 2, 4),
(6, 3, 3, 5),
(6, 3, 4, 3),
(6, 3, 5, 3),
(6, 4, 2, 6),
(6, 4, 4, 2),
(6, 5, 2, 6),
(6, 6, 4, 10),
(7, 2, 2, 3),
(7, 2, 5, 4),
(7, 3, 3, 100),
(7, 3, 4, 5),
(7, 3, 5, 5),
(7, 5, 2, 4);

-- --------------------------------------------------------

--
-- Структура таблицы `reloc_plank`
--

CREATE TABLE IF NOT EXISTS `reloc_plank` (
  `id` smallint(5) UNSIGNED NOT NULL AUTO_INCREMENT,
  `name` varchar(64) NOT NULL,
  `price` smallint(5) UNSIGNED NOT NULL,
  PRIMARY KEY (`id`)
) ENGINE=InnoDB AUTO_INCREMENT=7 DEFAULT CHARSET=utf8;

--
-- Дамп данных таблицы `reloc_plank`
--

INSERT INTO `reloc_plank` (`id`, `name`, `price`) VALUES
(1, '2.5 береза сухая', 50),
(2, '3.5 ель сырая', 60),
(3, '1.9 пихта сухая', 35),
(4, '2.7 ель сухая', 46),
(5, '5.6 береза сухая', 70),
(6, '5.6 береза сырая', 80);

-- --------------------------------------------------------

--
-- Структура таблицы `role`
--

CREATE TABLE IF NOT EXISTS `role` (
  `id` int(10) UNSIGNED NOT NULL AUTO_INCREMENT,
  `code` varchar(20) NOT NULL,
  `name` varchar(50) NOT NULL,
  PRIMARY KEY (`id`)
) ENGINE=InnoDB AUTO_INCREMENT=13 DEFAULT CHARSET=utf8;

--
-- Дамп данных таблицы `role`
--

INSERT INTO `role` (`id`, `code`, `name`) VALUES
(1, 'root', 'Создатель'),
(2, 'director', 'Директор'),
(4, 'dryerManager', 'Управляющий сушилками'),
(5, 'parabelManager', 'Ответственный за Парабель'),
(6, 'cashManager', 'Управляющий финансами'),
(7, 'woodManager', 'Управляющий отгрузками'),
(8, 'incomingManager', 'Ответственный за входящий транспорт'),
(9, 'boardManager', 'Ответственный за доски Чин'),
(10, 'sawManager', 'Управляющий пилорамами'),
(11, 'workerManager', 'Управляющий рабочими'),
(12, 'orderManager', 'Управляющий платежными поручениями');

-- --------------------------------------------------------

--
-- Структура таблицы `salary`
--

CREATE TABLE IF NOT EXISTS `salary` (
  `day_id` smallint(5) UNSIGNED NOT NULL,
  `worker_id` smallint(5) UNSIGNED NOT NULL,
  `calc_pay` smallint(5) UNSIGNED NOT NULL DEFAULT '0',
  `day_pay` mediumint(9) NOT NULL DEFAULT '0',
  `k` float NOT NULL DEFAULT '0',
  PRIMARY KEY (`day_id`,`worker_id`)
) ENGINE=InnoDB DEFAULT CHARSET=utf8;

--
-- Дамп данных таблицы `salary`
--

INSERT INTO `salary` (`day_id`, `worker_id`, `calc_pay`, `day_pay`, `k`) VALUES
(1, 2, 500, 500, 1),
(1, 3, 720, 120, 1.2),
(2, 2, 500, 0, 1),
(2, 3, 1200, 0, 2),
(2, 4, 3000, 0, 3),
(2, 5, 917, 100, 0),
(2, 6, 936, 0, 0),
(2, 7, 460, 0, 0),
(3, 2, 500, 0, 1),
(3, 3, 600, 0, 1),
(3, 4, 1000, 0, 1),
(3, 5, 860, 200, 0),
(3, 6, 175, 0, 0),
(3, 7, 3500, 0, 0),
(4, 2, 500, 500, 1),
(4, 3, 600, 100, 1),
(4, 4, 1000, 0, 1),
(4, 5, 772, 0, 0),
(4, 6, 2197, 0, 0),
(4, 7, 175, 0, 0),
(5, 2, 500, 0, 1),
(5, 3, 480, 0, 0.8),
(5, 4, 0, 500, 0),
(5, 5, 130, 500, 0),
(5, 6, 105, 0, 0),
(5, 7, 415, 0, 0);

-- --------------------------------------------------------

--
-- Структура таблицы `saw`
--

CREATE TABLE IF NOT EXISTS `saw` (
  `id` int(10) UNSIGNED NOT NULL AUTO_INCREMENT,
  `date` timestamp NOT NULL DEFAULT CURRENT_TIMESTAMP ON UPDATE CURRENT_TIMESTAMP,
  `sawmill_id` tinyint(3) UNSIGNED NOT NULL,
  PRIMARY KEY (`id`)
) ENGINE=InnoDB AUTO_INCREMENT=217 DEFAULT CHARSET=utf8;

--
-- Дамп данных таблицы `saw`
--

INSERT INTO `saw` (`id`, `date`, `sawmill_id`) VALUES
(15, '2018-01-02 21:00:00', 1),
(16, '2018-01-03 21:00:00', 1),
(17, '2018-01-04 21:00:00', 1),
(18, '2018-01-05 21:00:00', 1),
(19, '2018-01-06 21:00:00', 1),
(20, '2018-01-07 21:00:00', 1),
(21, '2018-01-08 21:00:00', 1),
(22, '2018-01-09 21:00:00', 1),
(23, '2018-01-10 21:00:00', 1),
(24, '2018-01-12 21:00:00', 1),
(25, '2018-01-13 21:00:00', 1),
(26, '2018-01-14 21:00:00', 1),
(27, '2018-01-15 21:00:00', 1),
(28, '2018-01-16 21:00:00', 1),
(29, '2018-01-02 21:00:00', 3),
(30, '2018-01-03 21:00:00', 3),
(31, '2018-01-04 21:00:00', 3),
(32, '2018-01-05 21:00:00', 3),
(33, '2018-01-06 21:00:00', 3),
(34, '2018-01-07 21:00:00', 3),
(35, '2018-01-08 21:00:00', 3),
(36, '2018-01-09 21:00:00', 3),
(37, '2018-01-10 21:00:00', 3),
(38, '2018-01-12 21:00:00', 3),
(39, '2018-01-13 21:00:00', 3),
(40, '2018-01-14 21:00:00', 3),
(41, '2018-01-15 21:00:00', 3),
(42, '2018-01-16 21:00:00', 3),
(43, '2018-01-02 21:00:00', 4),
(44, '2018-01-03 21:00:00', 4),
(45, '2018-01-04 21:00:00', 4),
(46, '2018-01-05 21:00:00', 4),
(47, '2018-01-08 21:00:00', 4),
(48, '2018-01-09 21:00:00', 4),
(49, '2018-01-10 21:00:00', 4),
(50, '2018-01-12 21:00:00', 4),
(51, '2018-01-13 21:00:00', 4),
(52, '2018-01-14 21:00:00', 4),
(53, '2018-01-15 21:00:00', 4),
(54, '2018-01-16 21:00:00', 4),
(55, '2018-01-02 21:00:00', 5),
(56, '2018-01-03 21:00:00', 5),
(57, '2018-01-04 21:00:00', 5),
(58, '2018-01-05 21:00:00', 5),
(59, '2018-01-06 21:00:00', 5),
(60, '2018-01-07 21:00:00', 5),
(61, '2018-01-08 21:00:00', 5),
(62, '2018-01-09 21:00:00', 5),
(63, '2018-01-10 21:00:00', 5),
(64, '2018-01-12 21:00:00', 5),
(65, '2018-01-13 21:00:00', 5),
(66, '2018-01-14 21:00:00', 5),
(67, '2018-01-15 21:00:00', 5),
(68, '2018-01-02 21:00:00', 6),
(69, '2018-01-03 21:00:00', 6),
(70, '2018-01-04 21:00:00', 6),
(71, '2018-01-05 21:00:00', 6),
(72, '2018-01-06 21:00:00', 6),
(73, '2018-01-07 21:00:00', 6),
(74, '2018-01-08 21:00:00', 6),
(75, '2018-01-09 21:00:00', 6),
(76, '2018-01-10 21:00:00', 6),
(77, '2018-01-12 21:00:00', 6),
(78, '2018-01-13 21:00:00', 6),
(79, '2018-01-14 21:00:00', 6),
(80, '2018-01-15 21:00:00', 6),
(81, '2018-01-16 21:00:00', 6),
(82, '2018-01-02 21:00:00', 7),
(83, '2018-01-03 21:00:00', 7),
(84, '2018-01-04 21:00:00', 7),
(85, '2018-01-05 21:00:00', 7),
(86, '2018-01-06 21:00:00', 7),
(87, '2018-01-07 21:00:00', 7),
(88, '2018-01-08 21:00:00', 7),
(89, '2018-01-10 21:00:00', 7),
(90, '2018-01-12 21:00:00', 7),
(91, '2018-01-13 21:00:00', 7),
(92, '2018-01-14 21:00:00', 7),
(93, '2018-01-17 21:00:00', 1),
(94, '2018-01-17 21:00:00', 6),
(95, '2018-01-17 21:00:00', 3),
(96, '2018-01-17 21:00:00', 4),
(97, '2018-01-18 21:00:00', 4),
(98, '2018-01-18 21:00:00', 5),
(99, '2018-01-18 21:00:00', 6),
(100, '2018-01-18 21:00:00', 1),
(101, '2018-01-18 21:00:00', 3),
(102, '2018-01-22 21:00:00', 6),
(103, '2018-01-22 21:00:00', 3),
(104, '2018-01-22 21:00:00', 1),
(105, '2018-01-22 21:00:00', 4),
(106, '2018-01-22 21:00:00', 5),
(107, '2018-01-24 21:00:00', 6),
(108, '2018-01-24 21:00:00', 3),
(109, '2018-01-24 21:00:00', 1),
(110, '2018-01-24 21:00:00', 4),
(111, '2018-01-24 21:00:00', 7),
(112, '2018-01-24 21:00:00', 5),
(113, '2018-01-25 21:00:00', 1),
(114, '2018-01-25 21:00:00', 6),
(115, '2018-01-25 21:00:00', 3),
(116, '2018-01-25 21:00:00', 4),
(117, '2018-01-25 21:00:00', 7),
(118, '2018-01-25 21:00:00', 5),
(119, '2018-01-26 21:00:00', 1),
(120, '2018-01-26 21:00:00', 6),
(121, '2018-01-26 21:00:00', 4),
(122, '2018-01-26 21:00:00', 7),
(123, '2018-01-26 21:00:00', 5),
(124, '2018-01-26 21:00:00', 3),
(125, '2018-01-27 21:00:00', 1),
(126, '2018-01-27 21:00:00', 3),
(127, '2018-01-27 21:00:00', 6),
(128, '2018-01-27 21:00:00', 5),
(129, '2018-01-27 21:00:00', 7),
(130, '2018-01-27 21:00:00', 4),
(131, '2018-01-28 21:00:00', 3),
(132, '2018-01-28 21:00:00', 6),
(133, '2018-01-28 21:00:00', 1),
(134, '2018-01-28 21:00:00', 4),
(135, '2018-01-28 21:00:00', 4),
(136, '2018-01-28 21:00:00', 5),
(137, '2018-01-28 21:00:00', 7),
(138, '2018-01-29 21:00:00', 6),
(139, '2018-01-29 21:00:00', 3),
(140, '2018-01-29 21:00:00', 1),
(141, '2018-01-29 21:00:00', 4),
(142, '2018-01-29 21:00:00', 5),
(143, '2018-01-29 21:00:00', 7),
(144, '2018-01-30 21:00:00', 6),
(145, '2018-01-30 21:00:00', 3),
(146, '2018-01-30 21:00:00', 1),
(147, '2018-01-30 21:00:00', 4),
(148, '2018-01-30 21:00:00', 7),
(149, '2018-01-30 21:00:00', 5),
(150, '2018-01-31 21:00:00', 6),
(151, '2018-02-01 21:00:00', 6),
(152, '2018-01-31 21:00:00', 3),
(153, '2018-02-01 21:00:00', 3),
(154, '2018-01-31 21:00:00', 1),
(155, '2018-02-01 21:00:00', 1),
(156, '2018-01-31 21:00:00', 4),
(157, '2018-02-01 21:00:00', 4),
(158, '2018-01-31 21:00:00', 7),
(159, '2018-02-01 21:00:00', 7),
(160, '2018-01-31 21:00:00', 5),
(161, '2018-02-01 21:00:00', 5),
(162, '2018-02-02 21:00:00', 4),
(163, '2018-02-02 21:00:00', 7),
(164, '2018-02-02 21:00:00', 5),
(165, '2018-02-02 21:00:00', 6),
(166, '2018-02-02 21:00:00', 1),
(167, '2018-02-02 21:00:00', 3),
(168, '2018-02-03 21:00:00', 7),
(169, '2018-02-03 21:00:00', 5),
(170, '2018-02-03 21:00:00', 6),
(171, '2018-02-03 21:00:00', 1),
(172, '2018-02-03 21:00:00', 3),
(173, '2018-02-04 21:00:00', 4),
(174, '2018-02-04 21:00:00', 7),
(175, '2018-02-04 21:00:00', 5),
(176, '2018-02-04 21:00:00', 6),
(177, '2018-02-04 21:00:00', 1),
(178, '2018-02-04 21:00:00', 3),
(179, '2018-02-05 21:00:00', 4),
(180, '2018-02-05 21:00:00', 7),
(181, '2018-02-05 21:00:00', 5),
(182, '2018-02-05 21:00:00', 6),
(183, '2018-02-05 21:00:00', 1),
(184, '2018-02-05 21:00:00', 3),
(185, '2018-02-06 21:00:00', 6),
(186, '2018-02-06 21:00:00', 1),
(187, '2018-02-06 21:00:00', 3),
(188, '2018-02-06 21:00:00', 4),
(189, '2018-02-06 21:00:00', 7),
(190, '2018-02-06 21:00:00', 5),
(191, '2018-02-07 21:00:00', 4),
(192, '2018-02-07 21:00:00', 7),
(193, '2018-02-07 21:00:00', 5),
(194, '2018-02-07 21:00:00', 6),
(195, '2018-02-07 21:00:00', 1),
(196, '2018-02-07 21:00:00', 3),
(197, '2018-02-08 21:00:00', 6),
(198, '2018-02-08 21:00:00', 1),
(199, '2018-02-08 21:00:00', 3),
(200, '2018-02-08 21:00:00', 4),
(201, '2018-02-08 21:00:00', 7),
(202, '2018-02-08 21:00:00', 5),
(203, '2018-02-09 21:00:00', 6),
(204, '2018-02-09 21:00:00', 1),
(205, '2018-02-09 21:00:00', 3),
(206, '2018-02-09 21:00:00', 5),
(207, '2018-02-10 21:00:00', 7),
(208, '2018-02-10 21:00:00', 5),
(209, '2018-02-10 21:00:00', 6),
(210, '2018-02-10 21:00:00', 1),
(211, '2018-02-10 21:00:00', 3),
(212, '2018-02-11 21:00:00', 1),
(213, '2018-02-11 21:00:00', 4),
(214, '2018-02-11 21:00:00', 5),
(215, '2018-02-11 21:00:00', 6),
(216, '2018-02-11 21:00:00', 7);

-- --------------------------------------------------------

--
-- Структура таблицы `sawmill`
--

CREATE TABLE IF NOT EXISTS `sawmill` (
  `id` tinyint(3) UNSIGNED NOT NULL AUTO_INCREMENT,
  `name` varchar(64) NOT NULL,
  PRIMARY KEY (`id`)
) ENGINE=InnoDB AUTO_INCREMENT=8 DEFAULT CHARSET=utf8;

--
-- Дамп данных таблицы `sawmill`
--

INSERT INTO `sawmill` (`id`, `name`) VALUES
(1, '五号锯ван王'),
(3, '六号锯ЧАН 张锯房出材表'),
(4, '一号锯Чжоу周'),
(5, '三号锯Юэ岳'),
(6, '四号锯МА马'),
(7, '二号锯Лю刘');

-- --------------------------------------------------------

--
-- Структура таблицы `saw_china`
--

CREATE TABLE IF NOT EXISTS `saw_china` (
  `china_id` smallint(5) UNSIGNED NOT NULL,
  `saw_id` int(10) UNSIGNED NOT NULL,
  PRIMARY KEY (`china_id`,`saw_id`)
) ENGINE=InnoDB DEFAULT CHARSET=utf8;

-- --------------------------------------------------------

--
-- Структура таблицы `saw_plank`
--

CREATE TABLE IF NOT EXISTS `saw_plank` (
  `saw_id` int(10) UNSIGNED NOT NULL,
  `plank_id` tinyint(3) UNSIGNED NOT NULL,
  `cubage` float NOT NULL,
  PRIMARY KEY (`saw_id`,`plank_id`)
) ENGINE=InnoDB DEFAULT CHARSET=utf8;

--
-- Дамп данных таблицы `saw_plank`
--

INSERT INTO `saw_plank` (`saw_id`, `plank_id`, `cubage`) VALUES
(14, 1, 1),
(14, 2, 1),
(14, 3, 1),
(14, 4, 1),
(14, 5, 1),
(14, 6, 1),
(14, 7, 1),
(14, 8, 1),
(14, 9, 1),
(14, 10, 1),
(14, 11, 1),
(15, 2, 3),
(15, 6, 7.2),
(15, 8, 3),
(16, 2, 3),
(16, 6, 4.8),
(16, 8, 3),
(17, 1, 3),
(17, 2, 6),
(17, 6, 7.2),
(18, 2, 3),
(18, 6, 5.7),
(18, 8, 3),
(19, 1, 3),
(19, 2, 3),
(19, 6, 4.8),
(20, 2, 3),
(20, 6, 7.2),
(20, 8, 3),
(21, 2, 6),
(21, 6, 7.2),
(21, 7, 3),
(22, 2, 6),
(22, 6, 7.2),
(22, 7, 3),
(23, 1, 3),
(23, 2, 3),
(23, 6, 7.2),
(24, 2, 6),
(24, 6, 7.2),
(24, 7, 3),
(25, 2, 6),
(25, 6, 7.2),
(26, 1, 3),
(26, 2, 3),
(26, 6, 7.2),
(26, 7, 3),
(27, 2, 6),
(27, 3, 7.2),
(27, 7, 3),
(28, 2, 3),
(28, 6, 4.8),
(29, 2, 6),
(29, 3, 5.7),
(29, 8, 3),
(30, 2, 6),
(30, 3, 3.8),
(30, 8, 3),
(31, 1, 3),
(31, 2, 3),
(31, 3, 5.7),
(31, 8, 6),
(32, 2, 3),
(32, 3, 5.7),
(32, 8, 3),
(33, 2, 3),
(33, 3, 5.7),
(33, 8, 3),
(34, 1, 3),
(34, 2, 6),
(34, 3, 3.8),
(34, 8, 3),
(35, 2, 3),
(35, 3, 5.7),
(35, 7, 3),
(36, 2, 6),
(36, 3, 7.6),
(37, 1, 3),
(37, 2, 3),
(37, 3, 5.7),
(37, 7, 3),
(38, 2, 9),
(38, 3, 7.6),
(38, 7, 3),
(39, 2, 6),
(39, 3, 5.7),
(40, 1, 3),
(40, 2, 3),
(40, 3, 7.6),
(40, 7, 3),
(41, 2, 3),
(41, 3, 5.7),
(41, 7, 6),
(42, 2, 6),
(42, 3, 7.6),
(42, 7, 3),
(43, 2, 3),
(43, 3, 9),
(43, 8, 3),
(44, 2, 6),
(44, 3, 6),
(44, 8, 3),
(45, 1, 3),
(45, 2, 6),
(45, 3, 6),
(45, 8, 3),
(46, 2, 6),
(46, 3, 9),
(47, 1, 3),
(47, 2, 3),
(47, 3, 9),
(47, 7, 3),
(47, 8, 3),
(48, 2, 6),
(48, 7, 3),
(49, 2, 3),
(49, 3, 12),
(49, 7, 6),
(50, 1, 3),
(50, 2, 6),
(50, 3, 6),
(50, 7, 3),
(51, 2, 3),
(51, 3, 9),
(51, 7, 3),
(52, 2, 6),
(52, 3, 6),
(52, 7, 6),
(53, 1, 3),
(53, 2, 3),
(53, 3, 12),
(53, 7, 6),
(54, 2, 3),
(54, 3, 6),
(54, 7, 3),
(55, 2, 6),
(55, 3, 3),
(55, 8, 3),
(56, 1, 3),
(56, 2, 3),
(56, 3, 6),
(56, 8, 3),
(57, 2, 3),
(57, 3, 6),
(57, 8, 6),
(58, 2, 9),
(58, 3, 6),
(58, 8, 3),
(59, 1, 3),
(59, 2, 6),
(59, 3, 6),
(59, 8, 3),
(60, 2, 3),
(60, 3, 3),
(60, 7, 3),
(61, 2, 6),
(61, 3, 9),
(62, 2, 6),
(62, 3, 6),
(62, 7, 3),
(63, 1, 3),
(63, 2, 6),
(63, 3, 6),
(63, 7, 3),
(64, 2, 6),
(64, 3, 6),
(65, 2, 6),
(65, 3, 6),
(65, 7, 3),
(66, 2, 6),
(66, 3, 6),
(66, 7, 3),
(67, 2, 6),
(67, 3, 6),
(68, 2, 6),
(68, 3, 3.8),
(68, 8, 6),
(69, 1, 3),
(69, 2, 6),
(69, 3, 3.8),
(69, 8, 6),
(70, 2, 6),
(70, 3, 3.8),
(70, 8, 6),
(71, 2, 3),
(71, 3, 3.8),
(71, 8, 6),
(72, 1, 3),
(72, 2, 3),
(72, 3, 3.8),
(72, 8, 6),
(73, 2, 3),
(73, 3, 7.6),
(73, 8, 3),
(74, 2, 6),
(74, 3, 7.6),
(74, 7, 3),
(75, 1, 3),
(75, 2, 9),
(75, 3, 7.6),
(75, 7, 3),
(76, 2, 3),
(76, 3, 7.6),
(76, 7, 3),
(77, 2, 3),
(77, 3, 7.6),
(77, 7, 6),
(78, 1, 3),
(78, 2, 6),
(78, 3, 7.6),
(78, 7, 3),
(79, 3, 5.7),
(79, 7, 3),
(80, 2, 6),
(80, 3, 7.6),
(80, 7, 6),
(81, 2, 3),
(81, 3, 7.6),
(81, 7, 3),
(82, 2, 3),
(82, 3, 9),
(82, 8, 3),
(83, 1, 3),
(83, 2, 6),
(83, 3, 3),
(83, 8, 3),
(84, 2, 3),
(84, 3, 6),
(84, 8, 3),
(85, 2, 6),
(85, 3, 6),
(85, 8, 3),
(86, 2, 3),
(86, 3, 3),
(87, 2, 3),
(87, 3, 6),
(87, 8, 3),
(88, 1, 3),
(88, 2, 6),
(88, 3, 6),
(89, 2, 3),
(89, 3, 9),
(89, 7, 3),
(90, 2, 3),
(90, 3, 6),
(91, 2, 6),
(91, 3, 6),
(91, 7, 3),
(92, 1, 3),
(92, 2, 3),
(92, 3, 6),
(93, 1, 5),
(93, 2, 3),
(93, 3, 8.7),
(93, 7, 3),
(94, 1, 3),
(94, 2, 3),
(94, 3, 1),
(94, 7, 2.3),
(94, 12, 5),
(95, 2, 4),
(95, 3, 1.5),
(95, 7, 1),
(95, 12, 5),
(96, 2, 6),
(96, 3, 6),
(96, 7, 3),
(97, 1, 3),
(97, 2, 3),
(97, 3, 9),
(98, 2, 6),
(98, 3, 6),
(98, 7, 6),
(99, 12, 12),
(100, 2, 3),
(100, 3, 3.8),
(101, 12, 12),
(102, 12, 9),
(103, 12, 9),
(104, 2, 3),
(104, 3, 5.7),
(105, 2, 3),
(105, 3, 9),
(105, 7, 6),
(106, 1, 3),
(106, 3, 6),
(106, 7, 6),
(107, 12, 8),
(108, 12, 8),
(109, 2, 3),
(109, 3, 3.8),
(109, 7, 3),
(110, 2, 3),
(110, 3, 6),
(110, 7, 3),
(111, 3, 3),
(111, 7, 3),
(112, 2, 3),
(112, 3, 3),
(112, 7, 3),
(113, 3, 3.8),
(113, 7, 3),
(114, 12, 8),
(115, 12, 8),
(116, 3, 6),
(116, 7, 6),
(117, 2, 3),
(117, 3, 6),
(118, 1, 3),
(118, 2, 6),
(118, 3, 6),
(118, 7, 3),
(119, 2, 6),
(119, 6, 5.7),
(119, 7, 3),
(120, 12, 9),
(120, 13, 7),
(121, 1, 3),
(121, 2, 3),
(121, 3, 6),
(121, 7, 3),
(122, 2, 3),
(122, 3, 3),
(122, 7, 3),
(123, 2, 6),
(123, 3, 6),
(123, 7, 3),
(124, 12, 9),
(124, 13, 7),
(125, 1, 3),
(125, 6, 5.7),
(125, 7, 6),
(126, 12, 11),
(127, 12, 11),
(128, 2, 6),
(128, 3, 6),
(128, 7, 3),
(129, 2, 3),
(129, 3, 9),
(129, 7, 6),
(130, 2, 3),
(130, 3, 12),
(130, 7, 6),
(131, 12, 10),
(131, 13, 1.78),
(132, 12, 10),
(132, 13, 1.78),
(133, 2, 3),
(133, 3, 3.8),
(133, 7, 3),
(134, 2, 3),
(134, 3, 6),
(135, 2, 3),
(135, 3, 6),
(135, 7, 3),
(136, 2, 3),
(136, 3, 6),
(136, 7, 3),
(137, 2, 3),
(137, 3, 6),
(138, 12, 12),
(138, 13, 1.78),
(139, 12, 12),
(139, 13, 1.78),
(140, 2, 3),
(140, 6, 5.7),
(140, 7, 6),
(141, 1, 3),
(141, 2, 9),
(141, 3, 6),
(141, 7, 3),
(142, 2, 3),
(142, 3, 6),
(142, 7, 6),
(143, 2, 3),
(143, 3, 6),
(143, 7, 6),
(144, 12, 14),
(144, 13, 1.78),
(144, 14, 1.32),
(145, 12, 14),
(145, 13, 1.78),
(145, 14, 1.32),
(146, 6, 5.7),
(146, 7, 9),
(147, 2, 6),
(147, 3, 9),
(147, 7, 3),
(148, 1, 3),
(148, 3, 6),
(148, 7, 3),
(149, 2, 6),
(149, 3, 6),
(149, 7, 6),
(150, 12, 7),
(150, 13, 1.78),
(151, 12, 11),
(151, 13, 1.78),
(151, 14, 0.66),
(151, 15, 0.59),
(152, 12, 7),
(152, 13, 1.78),
(153, 12, 11),
(153, 13, 1.78),
(153, 14, 0.66),
(153, 15, 0.59),
(154, 2, 3),
(154, 6, 5.7),
(154, 7, 3),
(155, 2, 3),
(155, 6, 5.7),
(155, 7, 6),
(156, 2, 3),
(156, 3, 6),
(156, 7, 6),
(157, 2, 3),
(157, 3, 12),
(157, 7, 3),
(158, 2, 3),
(158, 3, 3),
(158, 7, 3),
(159, 2, 3),
(159, 3, 6),
(159, 7, 3),
(160, 1, 3),
(160, 2, 3),
(160, 3, 3),
(160, 7, 3),
(161, 2, 3),
(161, 3, 6),
(161, 7, 3),
(162, 1, 3),
(162, 2, 6),
(162, 3, 9),
(162, 7, 3),
(163, 2, 3),
(163, 3, 9),
(163, 7, 3),
(164, 2, 6),
(164, 3, 6),
(164, 7, 6),
(165, 3, 2.85),
(165, 12, 18),
(165, 14, 1.32),
(166, 1, 3),
(166, 2, 3),
(166, 6, 5.7),
(166, 7, 6),
(167, 3, 2.85),
(167, 7, 3),
(167, 12, 18),
(167, 14, 1.32),
(168, 2, 3),
(168, 3, 6),
(168, 7, 3),
(169, 2, 6),
(169, 3, 6),
(169, 7, 3),
(170, 2, 3),
(170, 6, 7.6),
(170, 7, 6),
(171, 2, 3),
(171, 6, 7.6),
(171, 7, 3),
(172, 12, 18),
(173, 2, 3),
(173, 3, 6),
(173, 7, 3),
(174, 1, 3),
(174, 3, 3),
(174, 7, 6),
(175, 3, 6),
(175, 7, 9),
(176, 2, 3),
(176, 3, 9),
(176, 7, 9),
(177, 2, 3),
(177, 3, 12),
(177, 7, 6),
(178, 12, 8),
(179, 2, 3),
(179, 3, 9),
(179, 7, 9),
(180, 2, 3),
(180, 3, 6),
(180, 7, 3),
(181, 1, 3),
(181, 2, 6),
(181, 3, 3),
(181, 7, 3),
(182, 2, 3),
(182, 6, 7.6),
(182, 7, 6),
(183, 3, 3),
(183, 6, 3.8),
(183, 7, 3),
(184, 13, 1.78),
(184, 15, 1.18),
(185, 2, 3),
(185, 3, 3),
(185, 6, 7.6),
(185, 7, 6),
(186, 2, 6),
(186, 6, 5.7),
(186, 7, 3),
(187, 13, 1.88),
(188, 1, 3),
(188, 2, 3),
(188, 3, 9),
(188, 7, 6),
(189, 2, 3),
(189, 3, 9),
(189, 7, 3),
(190, 2, 3),
(190, 3, 6),
(190, 7, 6),
(191, 2, 3),
(191, 3, 9),
(191, 7, 6),
(192, 2, 3),
(192, 3, 3),
(192, 7, 3),
(193, 2, 6),
(193, 3, 6),
(193, 7, 6),
(194, 1, 3),
(194, 2, 6),
(194, 6, 7.6),
(194, 7, 6),
(195, 2, 3),
(195, 6, 7.6),
(195, 7, 6),
(196, 12, 16),
(196, 13, 1.88),
(196, 14, 1.32),
(197, 2, 3),
(197, 6, 7.6),
(197, 7, 6),
(198, 1, 3),
(198, 2, 3),
(198, 6, 7.6),
(198, 7, 3),
(199, 13, 27.44),
(199, 15, 1.31),
(200, 2, 3),
(200, 3, 6),
(200, 7, 6),
(201, 2, 3),
(201, 3, 9),
(201, 7, 6),
(202, 2, 9),
(202, 3, 6),
(202, 7, 3),
(203, 2, 3),
(203, 6, 7.6),
(203, 7, 3),
(204, 2, 6),
(204, 6, 5.7),
(204, 7, 3),
(205, 13, 17.64),
(206, 1, 3),
(206, 2, 6),
(206, 3, 6),
(206, 7, 3),
(207, 2, 6),
(207, 3, 6),
(207, 7, 3),
(208, 2, 9),
(208, 3, 6),
(208, 7, 3),
(209, 1, 3),
(209, 2, 6),
(209, 6, 7.6),
(209, 7, 3),
(210, 2, 6),
(210, 6, 7.6),
(210, 7, 3),
(211, 13, 27.44),
(211, 15, 1.31),
(212, 2, 3),
(212, 6, 5.7),
(212, 7, 3),
(213, 1, 3),
(213, 2, 3),
(213, 3, 12),
(213, 7, 3),
(214, 2, 3),
(214, 3, 6),
(214, 7, 6),
(215, 2, 9),
(215, 6, 7.6),
(215, 7, 6),
(216, 1, 3),
(216, 3, 6),
(216, 7, 3);

-- --------------------------------------------------------

--
-- Структура таблицы `settings`
--

CREATE TABLE IF NOT EXISTS `settings` (
  `id` int(10) UNSIGNED NOT NULL AUTO_INCREMENT,
  `name` varchar(255) NOT NULL,
  `value` text,
  `code` varchar(50) NOT NULL,
  `sort` int(11) NOT NULL DEFAULT '9999',
  PRIMARY KEY (`id`)
) ENGINE=InnoDB AUTO_INCREMENT=6 DEFAULT CHARSET=utf8;

--
-- Дамп данных таблицы `settings`
--

INSERT INTO `settings` (`id`, `name`, `value`, `code`, `sort`) VALUES
(4, 'Активность парсинга', 'on', 'TOGGLE', 9999),
(5, 'Время последнего действия парсинга', '1486321792', 'TIME', 9999);

-- --------------------------------------------------------

--
-- Структура таблицы `species`
--

CREATE TABLE IF NOT EXISTS `species` (
  `id` tinyint(3) UNSIGNED NOT NULL AUTO_INCREMENT,
  `name` varchar(32) NOT NULL,
  PRIMARY KEY (`id`)
) ENGINE=InnoDB AUTO_INCREMENT=3 DEFAULT CHARSET=utf8;

--
-- Дамп данных таблицы `species`
--

INSERT INTO `species` (`id`, `name`) VALUES
(1, 'Береза'),
(2, 'Ель, пихта, сосна');

-- --------------------------------------------------------

--
-- Структура таблицы `stamp_type`
--

CREATE TABLE IF NOT EXISTS `stamp_type` (
  `id` smallint(5) UNSIGNED NOT NULL AUTO_INCREMENT,
  `name` varchar(64) NOT NULL,
  PRIMARY KEY (`id`)
) ENGINE=InnoDB AUTO_INCREMENT=5 DEFAULT CHARSET=utf8;

--
-- Дамп данных таблицы `stamp_type`
--

INSERT INTO `stamp_type` (`id`, `name`) VALUES
(3, 'Клещ 60 СЦ'),
(4, 'ВОХР');

-- --------------------------------------------------------

--
-- Структура таблицы `station`
--

CREATE TABLE IF NOT EXISTS `station` (
  `id` tinyint(3) UNSIGNED NOT NULL AUTO_INCREMENT,
  `name` varchar(64) NOT NULL,
  `branch_id` tinyint(3) UNSIGNED NOT NULL,
  PRIMARY KEY (`id`)
) ENGINE=InnoDB AUTO_INCREMENT=5 DEFAULT CHARSET=utf8;

--
-- Дамп данных таблицы `station`
--

INSERT INTO `station` (`id`, `name`, `branch_id`) VALUES
(1, 'Клещиха', 1),
(2, 'Томск', 1),
(3, 'Базаиха', 3),
(4, 'Иня', 1);

-- --------------------------------------------------------

--
-- Структура таблицы `user`
--

CREATE TABLE IF NOT EXISTS `user` (
  `id` int(11) NOT NULL AUTO_INCREMENT,
  `login` varchar(128) NOT NULL,
  `password` varchar(128) NOT NULL,
  `name` varchar(255) NOT NULL,
  `email` varchar(128) NOT NULL,
  `surname` varchar(100) DEFAULT NULL,
  `active` tinyint(1) NOT NULL DEFAULT '1',
  `token` varchar(100) DEFAULT NULL,
  PRIMARY KEY (`id`)
) ENGINE=InnoDB AUTO_INCREMENT=7 DEFAULT CHARSET=utf8;

--
-- Дамп данных таблицы `user`
--

INSERT INTO `user` (`id`, `login`, `password`, `name`, `email`, `surname`, `active`, `token`) VALUES
(1, 'root', '85676905d35fb12da70e8cb8bc8cebb0', 'Михаил', 'beatbox787@gmail.com', 'Китаев', 1, '65d65cc279793a81d4b72294f66138c4'),
(4, 'van', '85676905d35fb12da70e8cb8bc8cebb0', 'Андрей', 'test@test.ru', 'Ван', 1, NULL),
(5, 'lera', '79cdbd83c1d2845f4ca5289b530c9722', 'Лера', 'test@test.ru', '', 1, NULL),
(6, 'alina', '57eba7a5594374b2d91066eb9e76af3b', 'Алина', 'lol', '', 1, NULL);

-- --------------------------------------------------------

--
-- Структура таблицы `user_branch`
--

CREATE TABLE IF NOT EXISTS `user_branch` (
  `user_id` int(10) UNSIGNED NOT NULL,
  `branch_id` tinyint(3) UNSIGNED NOT NULL,
  PRIMARY KEY (`user_id`,`branch_id`)
) ENGINE=InnoDB DEFAULT CHARSET=utf8;

-- --------------------------------------------------------

--
-- Структура таблицы `user_role`
--

CREATE TABLE IF NOT EXISTS `user_role` (
  `user_id` int(10) UNSIGNED NOT NULL,
  `role_id` int(10) UNSIGNED NOT NULL,
  PRIMARY KEY (`user_id`,`role_id`)
) ENGINE=InnoDB DEFAULT CHARSET=utf8;

--
-- Дамп данных таблицы `user_role`
--

INSERT INTO `user_role` (`user_id`, `role_id`) VALUES
(1, 1),
(4, 2),
(5, 4),
(5, 5),
(5, 6),
(5, 7),
(5, 8),
(5, 9),
(5, 10),
(6, 12);

-- --------------------------------------------------------

--
-- Структура таблицы `user_widget`
--

CREATE TABLE IF NOT EXISTS `user_widget` (
  `user_id` int(10) UNSIGNED NOT NULL,
  `widget_id` smallint(5) UNSIGNED NOT NULL,
  PRIMARY KEY (`user_id`,`widget_id`)
) ENGINE=InnoDB DEFAULT CHARSET=utf8;

--
-- Дамп данных таблицы `user_widget`
--

INSERT INTO `user_widget` (`user_id`, `widget_id`) VALUES
(1, 1),
(4, 1),
(5, 1);

-- --------------------------------------------------------

--
-- Структура таблицы `way`
--

CREATE TABLE IF NOT EXISTS `way` (
  `id` smallint(5) UNSIGNED NOT NULL AUTO_INCREMENT,
  `name` varchar(128) NOT NULL,
  PRIMARY KEY (`id`)
) ENGINE=InnoDB AUTO_INCREMENT=3 DEFAULT CHARSET=utf8;

--
-- Дамп данных таблицы `way`
--

INSERT INTO `way` (`id`, `name`) VALUES
(2, 'Забайкальск-Маньчжурия');

-- --------------------------------------------------------

--
-- Структура таблицы `widget`
--

CREATE TABLE IF NOT EXISTS `widget` (
  `id` smallint(5) UNSIGNED NOT NULL AUTO_INCREMENT,
  `code` varchar(20) NOT NULL,
  `name` varchar(50) NOT NULL,
  PRIMARY KEY (`id`)
) ENGINE=InnoDB AUTO_INCREMENT=2 DEFAULT CHARSET=utf8;

--
-- Дамп данных таблицы `widget`
--

INSERT INTO `widget` (`id`, `code`, `name`) VALUES
(1, 'widgetStats', 'Статистика');

-- --------------------------------------------------------

--
-- Структура таблицы `wood`
--

CREATE TABLE IF NOT EXISTS `wood` (
  `id` int(10) UNSIGNED NOT NULL AUTO_INCREMENT,
  `date` timestamp NOT NULL DEFAULT CURRENT_TIMESTAMP,
  `provider_id` int(10) UNSIGNED DEFAULT NULL,
  `cubage` float NOT NULL,
  `price` float NOT NULL,
  `sum` float NOT NULL DEFAULT '0',
  `payment_id` tinyint(4) NOT NULL DEFAULT '0',
  `car` varchar(10) NOT NULL,
  `who` varchar(128) DEFAULT NULL,
  `paid` tinyint(1) DEFAULT NULL,
  `comment` varchar(256) NOT NULL,
  `species_id` tinyint(3) UNSIGNED NOT NULL,
  `group_id` tinyint(3) UNSIGNED NOT NULL DEFAULT '1',
  PRIMARY KEY (`id`)
) ENGINE=InnoDB AUTO_INCREMENT=331 DEFAULT CHARSET=utf8;

--
-- Дамп данных таблицы `wood`
--

INSERT INTO `wood` (`id`, `date`, `provider_id`, `cubage`, `price`, `sum`, `payment_id`, `car`, `who`, `paid`, `comment`, `species_id`, `group_id`) VALUES
(5, '2018-01-04 21:00:00', NULL, 13, 3200, 41600, 1, 'Е962ТК', '', NULL, 'Лебедев', 1, 1),
(6, '2018-01-04 21:00:00', NULL, 14, 2600, 36400, 1, 'Е962ТК', '', NULL, 'Лебедев', 1, 1),
(7, '2018-01-04 21:00:00', NULL, 12.8, 3200, 40960, 1, 'Е718СХ', '', NULL, 'Лебедев', 1, 1),
(8, '2018-01-04 21:00:00', NULL, 13.2, 2600, 34320, 1, 'Е718СХ', '', NULL, 'Лебедев', 1, 1),
(9, '2018-01-04 21:00:00', NULL, 12.9, 3200, 41280, 1, 'С734ВН', '', NULL, 'Лебедев', 1, 1),
(10, '2018-01-04 21:00:00', NULL, 9.554, 2600, 24840.4, 1, 'С734ВН', '', NULL, 'Лебедев', 1, 1),
(11, '2018-01-05 21:00:00', NULL, 20.5, 3300, 67500, 1, 'У963ВС', '', NULL, '', 1, 1),
(12, '2018-01-05 21:00:00', NULL, 6, 3000, 18000, 1, 'Е609РУ', '', NULL, '', 1, 1),
(13, '2018-01-06 21:00:00', NULL, 9, 2900, 26000, 1, 'м086кк', '', NULL, '', 1, 1),
(14, '2018-01-06 21:00:00', NULL, 11, 3000, 33000, 1, 'Е969КЕ', '', NULL, '', 1, 1),
(15, '2018-01-06 21:00:00', NULL, 5, 3000, 15000, 1, 'Е148ММ', '', NULL, '', 1, 1),
(16, '2018-01-06 21:00:00', NULL, 9, 2900, 26000, 1, 'м086кк', '', NULL, '', 1, 1),
(17, '2018-01-07 21:00:00', NULL, 5.7, 3000, 17000, 1, 'Е609РУ', '', NULL, '', 1, 1),
(18, '2018-01-07 21:00:00', NULL, 4, 3000, 12000, 1, 'Е148ММ', '', NULL, '', 1, 1),
(19, '2018-01-07 21:00:00', NULL, 6, 3000, 18000, 1, 'Е148ММ', '', NULL, '', 1, 1),
(20, '2018-01-08 21:00:00', NULL, 21, 3300, 69300, 1, 'У963ВС', '', NULL, '', 1, 1),
(21, '2018-01-08 21:00:00', NULL, 26, 3000, 78000, 1, 'р955сх', '', NULL, '', 1, 1),
(22, '2018-01-08 21:00:00', NULL, 26, 3100, 80500, 1, 'к537нр', '', NULL, '', 1, 1),
(23, '2018-01-08 21:00:00', NULL, 6.3, 3000, 19000, 1, 'Е148ММ', '', NULL, '', 1, 1),
(24, '2018-01-09 21:00:00', NULL, 20, 3300, 66000, 1, 'У963ВС', '', NULL, '', 1, 1),
(25, '2018-01-09 21:00:00', NULL, 19, 2800, 53200, 1, 'Е383ТК', '', NULL, '', 1, 1),
(26, '2018-01-09 21:00:00', NULL, 25.5, 3100, 79000, 1, 'к537нр', '', NULL, '', 1, 1),
(27, '2018-01-09 21:00:00', NULL, 10, 3000, 30000, 1, 'о782см', '', NULL, '', 1, 1),
(28, '2018-01-09 21:00:00', NULL, 9, 3000, 27000, 1, 'в785тн', '', NULL, '', 1, 1),
(29, '2018-01-10 21:00:00', NULL, 10, 3000, 30000, 1, 'Е434МО', '', NULL, '', 1, 1),
(30, '2018-01-10 21:00:00', NULL, 21, 3000, 63000, 1, 'Е240ОТ', '', NULL, '', 1, 1),
(31, '2018-01-10 21:00:00', NULL, 25, 3000, 75000, 1, 'М535ХТ', '', NULL, '', 1, 1),
(32, '2018-01-11 21:00:00', NULL, 26, 3000, 78000, 1, 'М230СТ', '', NULL, '', 1, 1),
(33, '2018-01-11 21:00:00', NULL, 27, 3000, 81000, 1, 'В863ХВ', '', NULL, '', 1, 1),
(34, '2018-01-11 21:00:00', NULL, 30.5, 3100, 94550, 1, 'к537нр', '', NULL, '', 1, 1),
(35, '2018-01-11 21:00:00', NULL, 7, 3000, 21000, 1, 'Е609РУ', '', NULL, '', 1, 1),
(36, '2018-01-11 21:00:00', NULL, 8, 3000, 24000, 1, 'Е907СУ', '', NULL, '', 1, 1),
(37, '2018-01-11 21:00:00', NULL, 11, 3000, 33000, 1, 'Е240ОТ', '', NULL, '', 1, 1),
(38, '2018-01-11 21:00:00', NULL, 10, 3000, 30000, 1, 'Е434МО', '', NULL, '', 1, 1),
(39, '2018-01-11 21:00:00', NULL, 6, 3000, 18000, 1, 'Е148ММ', '', NULL, '', 1, 1),
(40, '2018-01-12 21:00:00', NULL, 11.5, 3000, 34500, 1, 'Е969КЕ', '', NULL, '', 1, 1),
(41, '2018-01-12 21:00:00', NULL, 24, 2800, 67200, 1, 'Е383ТК', '', NULL, '', 1, 1),
(42, '2018-01-12 21:00:00', NULL, 24, 2800, 67200, 1, 'н336ос', '', NULL, '', 1, 1),
(43, '2018-01-14 21:00:00', NULL, 13, 3100, 40300, 1, 'р700нр', '', NULL, '', 1, 1),
(44, '2018-01-14 21:00:00', NULL, 27, 3000, 81000, 1, 'М230СТ', '', NULL, '', 1, 1),
(45, '2018-01-14 21:00:00', NULL, 28, 3000, 84000, 1, 'В863ХВ', '', NULL, '', 1, 1),
(46, '2018-01-15 21:00:00', NULL, 13, 3100, 40300, 1, 'Е700РХ', '', NULL, '', 1, 1),
(47, '2018-01-16 21:00:00', NULL, 13, 3100, 40300, 1, 'Е700РХ', '', NULL, '', 1, 1),
(48, '2018-01-16 21:00:00', NULL, 6, 3000, 18000, 1, 'Е148ММ', '', NULL, '', 1, 1),
(49, '2018-01-16 21:00:00', NULL, 6.5, 3000, 19500, 1, 'Е907СУ', '', NULL, '', 1, 1),
(50, '2018-01-16 21:00:00', NULL, 13, 3100, 40300, 1, 'Е700РХ', '', NULL, '', 1, 1),
(51, '2018-01-16 21:00:00', NULL, 7, 2800, 19600, 1, 'Е907СУ', '', NULL, '', 1, 1),
(52, '2018-01-17 21:00:00', NULL, 13, 3100, 40300, 1, 'Е700РХ', '', NULL, '', 1, 1),
(53, '2018-01-17 21:00:00', NULL, 13, 3100, 40300, 1, 'Е700РХ', '', NULL, '', 1, 1),
(54, '2018-01-18 21:00:00', NULL, 26.5, 3000, 79500, 1, 'о396ее', '', NULL, '', 1, 1),
(55, '2018-01-24 21:00:00', NULL, 12, 3100, 37200, 1, 'Е700РХ', '', NULL, '', 1, 1),
(56, '2018-01-08 21:00:00', NULL, 39.4, 3100, 122140, 1, 'М224ЕС', '', NULL, '', 2, 1),
(57, '2018-01-08 21:00:00', NULL, 30.4, 3100, 94240, 1, 'В307ВМ', '', NULL, '', 2, 1),
(58, '2018-01-08 21:00:00', NULL, 35.8, 3100, 110980, 1, 'О314РК', '', NULL, '', 2, 1),
(59, '2018-01-08 21:00:00', NULL, 31.8, 3100, 98580, 1, 'С424УА', '', NULL, '', 2, 1),
(60, '2018-01-15 21:00:00', NULL, 30.6, 2900, 88740, 1, 'В404РА', '', NULL, '', 2, 1),
(61, '2018-01-15 21:00:00', NULL, 32.8, 2900, 95120, 1, 'В307ВМ', '', NULL, '', 2, 1),
(62, '2018-01-15 21:00:00', NULL, 34.8, 2900, 100920, 1, 'О314РК', '', NULL, '', 2, 1),
(63, '2018-01-09 21:00:00', 12, 22, 2800, 61600, 2, 'А564ОО', NULL, NULL, '', 1, 1),
(64, '2018-01-09 21:00:00', 12, 23.8, 2800, 66640, 2, 'О514МЕ', NULL, NULL, '', 1, 1),
(65, '2018-01-09 21:00:00', 12, 23.9, 2800, 66920, 2, 'Н165ЕР', NULL, NULL, '', 1, 1),
(66, '2018-01-04 21:00:00', 13, 4.546, 2600, 11819.6, 2, 'С734 ВН', NULL, NULL, '40%-60%', 1, 1),
(67, '2018-01-04 21:00:00', 13, 13.5, 3200, 43200, 2, 'М650РУ', NULL, NULL, '0%-40%', 1, 1),
(68, '2018-01-04 21:00:00', 13, 14.9, 2600, 38740, 2, 'М650РУ', NULL, NULL, '40%-60%', 1, 1),
(69, '2018-01-05 21:00:00', 13, 12.4, 3200, 39680, 2, 'Е718СХ', NULL, NULL, '0%-40%', 1, 1),
(70, '2018-01-05 21:00:00', 13, 14.3, 2600, 37180, 2, 'Е718СХ', NULL, NULL, '40%-60%', 1, 1),
(71, '2018-01-05 21:00:00', 13, 12.7, 3200, 40640, 2, 'Е962ТК', NULL, NULL, '0%-40%', 1, 1),
(72, '2018-01-05 21:00:00', 13, 14.3, 2600, 37180, 2, 'Е962ТК', NULL, NULL, '40%-60%', 1, 1),
(73, '2018-01-07 21:00:00', 13, 12.7, 3200, 40640, 2, 'Е962ТК', NULL, NULL, '0%-40%', 1, 1),
(74, '2018-01-07 21:00:00', 13, 14.3, 2600, 37180, 2, 'Е962ТК', NULL, NULL, '40%-60%', 1, 1),
(75, '2018-01-08 21:00:00', 13, 12.7, 3200, 40640, 2, 'Е718СХ', NULL, NULL, '0%-40%', 1, 1),
(76, '2018-01-08 21:00:00', 13, 14.3, 2600, 37180, 2, 'Е718СХ', NULL, NULL, '40%-60%', 1, 1),
(77, '2018-01-11 21:00:00', NULL, 35.132, 0, 0, 1, 'О282ТК', '', NULL, 'инкино', 1, 2),
(78, '2018-01-11 21:00:00', NULL, 35.312, 0, 0, 1, 'О060КА', '', NULL, 'инкино', 1, 2),
(79, '2018-01-11 21:00:00', NULL, 35.213, 0, 0, 1, 'Т200МТ', '', NULL, 'инкино', 1, 2),
(80, '2018-01-11 21:00:00', NULL, 35.132, 0, 0, 1, 'Е990КХ', '', NULL, 'инкино', 1, 2),
(81, '2018-01-11 21:00:00', NULL, 35.132, 0, 0, 1, 'С494ЕТ', '', NULL, 'инкино', 1, 2),
(82, '2018-01-12 21:00:00', NULL, 35.312, 0, 0, 1, 'О600РС', '', NULL, 'инкино', 1, 2),
(83, '2018-01-12 21:00:00', NULL, 35.413, 0, 0, 1, 'О454ЕЕ', '', NULL, 'инкино', 1, 2),
(84, '2018-01-25 21:00:00', NULL, 43.5, 3400, 147900, 1, 'К720КР', '', NULL, '28,12,2017', 2, 1),
(85, '2018-01-25 21:00:00', NULL, 43.3, 3400, 147220, 1, 'К732КР', '', NULL, '29,12,2017', 2, 1),
(86, '2018-01-25 21:00:00', NULL, 44, 3400, 149600, 1, 'К741КР', '', NULL, '29,12,2017', 2, 1),
(87, '2018-01-25 21:00:00', NULL, 43.6, 3400, 148240, 1, 'К732КР', '', NULL, '29,12,2017', 2, 1),
(88, '2018-01-25 21:00:00', NULL, 43.6, 3400, 148240, 1, 'К732КР', '', NULL, '18,01,2018', 2, 1),
(89, '2018-01-13 21:00:00', NULL, 33.132, 0, 0, 1, 'О282ТК', '', NULL, 'инкино', 1, 2),
(90, '2018-01-14 21:00:00', NULL, 35.132, 0, 0, 1, 'Е200МТ', '', NULL, 'инкино', 1, 2),
(91, '2018-01-14 21:00:00', NULL, 35.312, 0, 0, 1, 'С060КМ', '', NULL, 'инкино', 1, 2),
(92, '2018-01-15 21:00:00', NULL, 35.132, 0, 0, 1, 'О500АТ', '', NULL, 'инкино', 1, 2),
(93, '2018-01-15 21:00:00', NULL, 35.432, 0, 0, 1, 'Е990КХ', '', NULL, 'инкино', 1, 2),
(94, '2018-01-15 21:00:00', NULL, 37.132, 0, 40000, 1, 'К333ВВ', '', NULL, 'инкино', 1, 2),
(95, '2018-01-16 21:00:00', NULL, 35.431, 0, 0, 1, 'С060КМ', '', NULL, 'инкино', 1, 2),
(96, '2018-01-16 21:00:00', NULL, 35.321, 0, 0, 1, 'Е200МТ', '', NULL, 'инкино', 1, 2),
(97, '2018-01-16 21:00:00', NULL, 35.421, 0, 0, 1, 'Е990КХ', '', NULL, 'инкино', 1, 2),
(98, '2018-01-16 21:00:00', NULL, 35.313, 0, 0, 1, 'О600РС', '', NULL, 'инкино', 1, 2),
(99, '2018-01-17 21:00:00', NULL, 34.312, 0, 0, 1, 'О500АТ', '', NULL, 'инкино', 1, 2),
(100, '2018-01-18 21:00:00', NULL, 38.4, 0, 0, 1, 'к333вв', '', NULL, 'Бундюр (Кибиш)', 2, 3),
(101, '2018-01-18 21:00:00', NULL, 40.5, 0, 0, 1, 'а253оо', '', NULL, 'Бундюр (Кибиш)', 2, 3),
(102, '2018-01-18 21:00:00', 11, 29, 2500, 72500, 2, 'М230СТ', NULL, NULL, '', 1, 1),
(103, '2018-01-26 21:00:00', NULL, 45.138, 0, 0, 1, 'а253оо', '', NULL, 'Бундюр (Кибиш)', 2, 3),
(104, '2018-01-27 21:00:00', NULL, 45, 0, 0, 1, 'А253ОО', '', NULL, 'Бундюр (Кибиш)', 2, 3),
(105, '2018-01-27 21:00:00', 11, 28, 2500, 70000, 2, 'в863хв', NULL, NULL, '', 1, 1),
(106, '2018-01-27 21:00:00', 11, 28, 2500, 70000, 2, 'м230ст', NULL, NULL, '', 1, 1),
(107, '2018-01-27 21:00:00', NULL, 11.5, 3100, 35650, 1, 'Е700РХ', '', NULL, '', 1, 1),
(108, '2018-01-28 21:00:00', NULL, 45, 0, 0, 1, 'а253оо', '', NULL, '', 2, 3),
(109, '2018-01-28 21:00:00', NULL, 28, 3000, 84000, 1, 'В863ХВ', '', NULL, '', 1, 1),
(110, '2018-01-28 21:00:00', 11, 25, 2500, 62500, 2, 'М230СТ', NULL, NULL, '', 1, 1),
(111, '2018-01-28 21:00:00', NULL, 13, 3100, 40300, 1, 'Е700РХ', '', NULL, '', 1, 1),
(112, '2018-01-28 21:00:00', NULL, 35.312, 0, 0, 1, 'О600РС', '', NULL, '', 1, 2),
(113, '2018-01-28 21:00:00', NULL, 35.213, 0, 0, 1, 'Е011ММ', '', NULL, '', 1, 2),
(114, '2018-01-28 21:00:00', NULL, 35.312, 0, 0, 1, 'Е990КХ', '', NULL, '', 1, 2),
(115, '2018-01-28 21:00:00', NULL, 35.213, 0, 0, 1, 'С060КМ', '', NULL, '', 1, 2),
(116, '2018-01-28 21:00:00', NULL, 35.313, 0, 0, 1, 'Е200МТ', '', NULL, '', 1, 2),
(117, '2018-01-29 21:00:00', NULL, 45, 0, 0, 1, 'К333ВВ', '', NULL, '', 2, 3),
(118, '2018-01-29 21:00:00', NULL, 35.213, 0, 0, 1, 'О282ТК', '', NULL, '', 1, 2),
(119, '2018-01-29 21:00:00', 16, 5.75, 3500, 20125, 2, 'Е295КЕ', NULL, NULL, 'Хороший', 1, 1),
(120, '2018-01-29 21:00:00', 16, 26.86, 2800, 75208, 2, 'Е295КЕ', NULL, NULL, 'плохой', 1, 1),
(121, '2018-01-29 21:00:00', NULL, 21.651, 3100, 67118.1, 1, 'О314РК', '', NULL, '', 2, 1),
(122, '2018-01-29 21:00:00', NULL, 18.477, 3100, 57278.7, 1, 'В307ВМ', '', NULL, '', 2, 1),
(123, '2018-01-29 21:00:00', NULL, 35.132, 0, 0, 1, 'в373нр', '', NULL, '', 1, 2),
(124, '2018-01-29 21:00:00', NULL, 35.232, 0, 0, 1, 'Е200МТ', '', NULL, '', 1, 2),
(125, '2018-01-29 21:00:00', NULL, 35.312, 0, 0, 1, 'С060КМ', '', NULL, '', 1, 2),
(126, '2018-01-29 21:00:00', NULL, 6.6, 3000, 19800, 1, 'Е907СУ', '', NULL, '', 1, 1),
(127, '2018-01-29 21:00:00', NULL, 6.7, 3000, 20100, 1, 'Е907СУ', '', NULL, '', 1, 1),
(128, '2018-01-29 21:00:00', NULL, 35.132, 0, 0, 1, 'Е211ММ', '', NULL, '', 1, 2),
(129, '2018-01-29 21:00:00', NULL, 35.312, 0, 0, 1, 'О600РС', '', NULL, '', 1, 2),
(130, '2018-01-29 21:00:00', NULL, 35.312, 0, 30400, 1, 'М560КН', '', NULL, '38*800=30400', 1, 2),
(131, '2018-01-30 21:00:00', NULL, 35.132, 0, 30400, 1, 'К404ОУ', '', NULL, '38*800=30400', 1, 2),
(132, '2018-01-30 21:00:00', NULL, 45, 0, 0, 1, 'К333ВВ', '', NULL, '', 2, 3),
(133, '2018-01-30 21:00:00', NULL, 45, 0, 0, 1, 'а253оо', '', NULL, '', 2, 3),
(134, '2018-01-30 21:00:00', NULL, 13, 3000, 39000, 1, 'К675ТХ', '', NULL, '', 1, 1),
(135, '2018-01-30 21:00:00', NULL, 28.5, 3000, 85500, 1, 'О193МН', '', NULL, '', 1, 1),
(136, '2018-01-30 21:00:00', NULL, 32.312, 0, 30000, 1, 'Е031ОН', '', NULL, '37,5*800=30000', 1, 2),
(137, '2018-01-30 21:00:00', NULL, 35.312, 0, 0, 1, 'Е200МТ', '', NULL, '', 1, 2),
(138, '2018-01-30 21:00:00', NULL, 35.211, 0, 0, 1, 'С060КМ', '', NULL, '', 1, 2),
(139, '2018-01-30 21:00:00', NULL, 6, 3000, 18000, 1, 'Е907СУ', '', NULL, '', 1, 1),
(140, '2018-01-30 21:00:00', NULL, 11, 3000, 33000, 1, 'Е240ОТ', '', NULL, '', 1, 1),
(141, '2018-01-30 21:00:00', NULL, 10, 3000, 30000, 1, 'Е434МО', '', NULL, '', 1, 1),
(142, '2018-01-30 21:00:00', NULL, 9.5, 3000, 28500, 1, 'К781ТА', '', NULL, '', 1, 1),
(143, '2018-01-30 21:00:00', NULL, 34.132, 0, 30400, 1, 'М560КН', '', NULL, '38*800=30400', 1, 2),
(144, '2018-01-30 21:00:00', NULL, 34.132, 0, 0, 1, 'Е990КХ', '', NULL, '', 1, 2),
(145, '2018-01-30 21:00:00', NULL, 34.234, 0, 0, 1, 'О600РС', '', NULL, '', 1, 2),
(146, '2018-01-30 21:00:00', NULL, 33.872, 0, 0, 1, 'О454ЕЕ', '', NULL, '', 1, 2),
(147, '2018-01-30 21:00:00', NULL, 33.732, 0, 0, 1, 'Е011ММ', '', NULL, '', 1, 2),
(148, '2018-01-30 21:00:00', NULL, 33.132, 0, 30400, 1, 'В867ТМ', '', NULL, '38*800=30400', 1, 2),
(149, '2018-01-30 21:00:00', NULL, 33.312, 0, 30400, 1, 'М808РА', '', NULL, '38*800=30400', 1, 2),
(150, '2018-01-30 21:00:00', NULL, 33.135, 0, 30400, 1, 'К404ОУ', '', NULL, '38*800=30400', 1, 2),
(151, '2018-01-31 21:00:00', NULL, 33.132, 0, 30400, 1, 'О193МН', '', NULL, '38*800=30400', 1, 2),
(152, '2018-01-31 21:00:00', NULL, 33.321, 0, 30400, 1, 'Е187ММ', '', NULL, '38*800=30400', 1, 2),
(153, '2018-01-31 21:00:00', NULL, 23, 3000, 69000, 1, 'М535ХТ', '', NULL, '', 1, 1),
(154, '2018-01-31 21:00:00', NULL, 25, 3000, 75000, 1, 'С936ТХ', '', NULL, '', 1, 1),
(155, '2018-01-31 21:00:00', NULL, 32.132, 0, 30400, 1, 'В307ВМ', '', NULL, '38*800=30400', 1, 2),
(156, '2018-01-31 21:00:00', NULL, 32.132, 0, 30400, 1, 'О314РК', '', NULL, '38*800=30400', 1, 2),
(159, '2018-01-31 21:00:00', 6, 38.5, 1500, 57750, 2, 'Е164МТ', NULL, NULL, '', 1, 1),
(160, '2018-01-31 21:00:00', NULL, 32.138, 0, 30400, 1, 'Е207ОВ', '', NULL, '38*800=30400', 1, 2),
(161, '2018-01-31 21:00:00', NULL, 32.531, 0, 30400, 1, 'Н386ЕВ', '', NULL, '38*800=30400', 1, 2),
(162, '2018-01-31 21:00:00', 6, 38, 1500, 57000, 2, 'Е500ЕС', NULL, NULL, '', 1, 1),
(163, '2018-01-31 21:00:00', 9, 27, 2800, 75600, 2, 'К274ЕМ', NULL, NULL, '', 1, 1),
(164, '2018-01-31 21:00:00', 15, 28, 1500, 42000, 2, 'Е434МО', NULL, NULL, '', 1, 1),
(165, '2018-01-31 21:00:00', 16, 6.55, 3500, 22925, 2, 'Е500ЕС', NULL, NULL, '1-2 СОРТ', 1, 1),
(166, '2018-01-31 21:00:00', 16, 31.16, 2800, 87248, 2, 'Е500ЕС', NULL, NULL, '3 СОРТ', 1, 1),
(167, '2018-01-31 21:00:00', NULL, 32.132, 0, 30400, 1, 'К404ОУ', '', NULL, '38*800=30400', 1, 2),
(168, '2018-01-31 21:00:00', NULL, 45, 0, 0, 1, 'К333ВВ', '', NULL, '', 2, 3),
(169, '2018-01-31 21:00:00', NULL, 7, 3000, 21000, 1, 'Е907СУ', '', NULL, '', 1, 1),
(170, '2018-01-31 21:00:00', NULL, 12, 3000, 36000, 1, 'Е240ОТ', '', NULL, '', 1, 1),
(171, '2018-01-31 21:00:00', NULL, 11, 3000, 33000, 1, 'Е439МО', '', NULL, '', 1, 1),
(172, '2018-02-01 21:00:00', NULL, 35.132, 0, 0, 1, 'Е011ММ', '', NULL, '', 1, 2),
(173, '2018-02-01 21:00:00', NULL, 35.132, 0, 0, 1, 'О600РС', '', NULL, '', 1, 2),
(174, '2018-02-01 21:00:00', NULL, 32.132, 0, 30400, 1, 'Е592ХР', '', NULL, '38*800=30400', 1, 2),
(175, '2018-02-01 21:00:00', NULL, 28, 3000, 84000, 1, 'К675ТХ', '', NULL, '', 1, 1),
(176, '2018-02-01 21:00:00', NULL, 28, 3000, 84000, 1, 'Е295ТК', '', NULL, '', 1, 1),
(177, '2018-02-01 21:00:00', NULL, 45, 0, 0, 1, 'К333ВВ', '', NULL, '', 2, 3),
(178, '2018-02-01 21:00:00', NULL, 12, 0, 12000, 1, 'О031КЕ', '', NULL, '15*800=12000', 1, 2),
(179, '2018-02-01 21:00:00', 6, 38.5, 1500, 57750, 2, 'Е500ЕС', NULL, NULL, '', 1, 1),
(180, '2018-02-01 21:00:00', NULL, 5, 0, 4000, 1, 'О193МН', '', NULL, '5*800=4000', 1, 2),
(181, '2018-02-01 21:00:00', NULL, 32.132, 0, 30400, 1, 'е608су', '', NULL, '38*800=30400', 1, 2),
(182, '2018-02-01 21:00:00', NULL, 29.1, 3300, 96030, 1, 'Е394РХ', '', NULL, '', 1, 1),
(183, '2018-02-01 21:00:00', NULL, 28, 3000, 84000, 1, 'Е295ТК', '', NULL, '', 1, 1),
(184, '2018-02-01 21:00:00', NULL, 25, 3100, 77500, 1, 'к537нр', '', NULL, '', 1, 1),
(185, '2018-02-01 21:00:00', NULL, 45, 0, 0, 1, 'К333ВВ', '', NULL, '', 2, 3),
(186, '2018-02-02 21:00:00', NULL, 22, 3000, 66000, 1, 'К564ОО', '', NULL, '', 1, 1),
(187, '2018-02-02 21:00:00', NULL, 45, 0, 0, 1, 'К333ВВ', '', NULL, '', 2, 3),
(188, '2018-02-03 21:00:00', NULL, 27, 3000, 81000, 1, 'Е491ТК', '', NULL, '', 1, 1),
(189, '2018-02-03 21:00:00', NULL, 28, 3000, 84000, 1, 'Е295ТК', '', NULL, '', 1, 1),
(190, '2018-02-03 21:00:00', NULL, 44, 0, 0, 1, 'К333ВВ', '', NULL, '', 2, 3),
(191, '2018-02-03 21:00:00', NULL, 26, 3300, 85800, 1, 'Е394РХ', '', NULL, '', 1, 1),
(192, '2018-02-03 21:00:00', NULL, 15, 3000, 45000, 1, 'К675ТХ', '', NULL, '', 1, 1),
(193, '2018-02-03 21:00:00', NULL, 9, 3000, 27000, 1, 'н948ес', '', NULL, '', 1, 1),
(194, '2018-02-03 21:00:00', NULL, 45, 0, 0, 1, 'К333ВВ', '', NULL, '', 2, 3),
(195, '2018-02-04 21:00:00', NULL, 35, 0, 0, 1, 'С465ЕС', '', NULL, '', 2, 3),
(196, '2018-02-04 21:00:00', NULL, 14, 3000, 42000, 1, 'Е969КЕ', '', NULL, '', 1, 1),
(197, '2018-02-04 21:00:00', NULL, 28, 3000, 84000, 1, 'Е295ТК', '', NULL, '', 1, 1),
(198, '2018-02-05 21:00:00', NULL, 28.115, 0, 0, 1, 'С465ЕР', '', NULL, '', 2, 3),
(199, '2018-02-05 21:00:00', 16, 7.202, 3500, 25207, 2, 'О139МЕ', NULL, NULL, '1-2 СОРТ', 1, 1),
(200, '2018-02-05 21:00:00', NULL, 0.857, 3500, 2999.5, 1, 'О139МЕ', '', NULL, 'Латат', 1, 1),
(201, '2018-02-05 21:00:00', 16, 21.875, 2800, 61250, 2, 'О139МЕ', NULL, NULL, '3 СОРТ', 1, 1),
(202, '2018-02-05 21:00:00', 11, 21.762, 2500, 54405, 2, 'Е987МВ', NULL, NULL, '', 1, 1),
(203, '2018-02-05 21:00:00', 6, 31.312, 1500, 46968, 2, 'М122РЕ', NULL, NULL, '', 1, 1),
(204, '2018-02-05 21:00:00', NULL, 28, 3000, 84000, 1, 'Е295ТК', '', NULL, '', 1, 1),
(205, '2018-02-05 21:00:00', NULL, 0.714, 3500, 2499, 1, 'О139МЕ', '', NULL, 'Латат', 1, 1),
(206, '2018-02-05 21:00:00', 16, 4.615, 3500, 16152.5, 2, 'О139МЕ', NULL, NULL, '1-2 СОРТ', 1, 1),
(207, '2018-02-05 21:00:00', 16, 21.91, 2800, 61348, 2, 'О139МЕ', NULL, NULL, '3 СОРТ', 1, 1),
(208, '2018-02-05 21:00:00', NULL, 12, 3100, 37200, 1, 'Е700РХ', '', NULL, '', 1, 1),
(209, '2018-02-06 21:00:00', NULL, 7, 3000, 21000, 1, 'Е907СУ', '', NULL, '', 1, 1),
(210, '2018-02-06 21:00:00', 17, 28, 2000, 56000, 2, 'К185ЕР', NULL, NULL, '', 1, 1),
(211, '2018-02-06 21:00:00', NULL, 0, 0, 36400, 1, 'К185ЕР', '', NULL, 'Сатурн 28*1300', 1, 1),
(212, '2018-02-06 21:00:00', NULL, 0, 0, 39000, 1, 'К228ЕЕ', '', NULL, 'Сатурн 30*1300', 1, 1),
(213, '2018-02-06 21:00:00', 17, 30, 2000, 60000, 2, 'К228ЕЕ', NULL, NULL, '', 1, 1),
(214, '2018-02-06 21:00:00', NULL, 28, 3000, 84000, 1, 'Е295ТК', '', NULL, '', 1, 1),
(215, '2018-02-06 21:00:00', 11, 28, 2500, 70000, 2, 'К404ОУ', NULL, NULL, '', 1, 1),
(216, '2018-02-06 21:00:00', NULL, 10, 3000, 30000, 1, 'Е439МО', '', NULL, '', 1, 1),
(217, '2018-02-06 21:00:00', NULL, 10, 3000, 30000, 1, 'Е240ОТ', '', NULL, '', 1, 1),
(218, '2018-02-06 21:00:00', NULL, 28, 3000, 84000, 1, 'Е207ОВ', '', NULL, '', 1, 1),
(219, '2018-02-06 21:00:00', NULL, 7, 3000, 21000, 1, 'Е907СУ', '', NULL, '', 1, 1),
(220, '2018-02-06 21:00:00', NULL, 28, 3000, 84000, 1, 'О193МН', '', NULL, '', 1, 1),
(221, '2018-02-06 21:00:00', 6, 38.8, 1500, 58200, 2, 'Е295КЕ', NULL, NULL, '', 1, 1),
(222, '2018-02-07 21:00:00', 18, 34.462, 2400, 82708.8, 2, 'К566КЕ', NULL, NULL, '', 1, 1),
(223, '2018-02-07 21:00:00', 18, 34.185, 2400, 82044, 2, 'С042КН', NULL, NULL, '', 1, 1),
(224, '2018-01-29 21:00:00', 19, 11.909, 3100, 36917.9, 2, 'О314РК', NULL, NULL, '', 2, 1),
(225, '2018-01-29 21:00:00', 19, 10.163, 3100, 31505.3, 2, 'В307ВМ', NULL, NULL, '', 2, 1),
(226, '2018-02-07 21:00:00', 18, 35.013, 2400, 84031.2, 2, 'к566ке', NULL, NULL, '', 1, 1),
(227, '2018-02-07 21:00:00', 18, 32.026, 2400, 76862.4, 2, 'С042КН', NULL, NULL, '', 1, 1),
(228, '2018-02-07 21:00:00', 20, 36.661, 2800, 102651, 2, '922', NULL, NULL, '', 1, 1),
(229, '2018-02-07 21:00:00', 20, 36.624, 2800, 102547, 2, 'к773рн', NULL, NULL, '', 1, 1),
(230, '2018-02-07 21:00:00', 17, 25, 2000, 50000, 2, 'К185ЕР', NULL, NULL, '', 1, 1),
(231, '2018-02-07 21:00:00', 17, 25, 2000, 50000, 2, 'К228ЕЕ', NULL, NULL, '', 1, 1),
(232, '2018-02-07 21:00:00', 11, 26, 2500, 65000, 2, 'К404ОУ', NULL, NULL, '', 1, 1),
(233, '2018-02-07 21:00:00', 6, 38.8, 1500, 58200, 2, 'Е295КЕ', NULL, NULL, '', 1, 1),
(234, '2018-02-07 21:00:00', NULL, 0, 0, 32500, 1, 'К185ЕР', '', NULL, 'Сатурн 25*1300', 1, 1),
(235, '2018-02-07 21:00:00', NULL, 0, 0, 32500, 1, 'К228ЕЕ', '', NULL, 'Сатурн 25*1300', 1, 1),
(236, '2018-02-07 21:00:00', NULL, 28, 3000, 84000, 1, 'Е295ТК', '', NULL, '', 1, 1),
(237, '2018-02-07 21:00:00', NULL, 13, 3100, 40300, 1, 'Е700РХ', '', NULL, '', 1, 1),
(238, '2018-02-07 21:00:00', NULL, 12, 3000, 36000, 1, 'м736ру', '', NULL, '', 1, 1),
(239, '2018-02-07 21:00:00', 15, 27, 1500, 40500, 2, 'к469ен', NULL, NULL, '', 1, 1),
(240, '2018-02-07 21:00:00', NULL, 45, 0, 0, 1, 'К333ВВ', '', NULL, '', 2, 3),
(241, '2018-02-07 21:00:00', NULL, 0, 0, 35100, 1, 'О193МН', '', NULL, 'Сатурн 27*1300', 1, 1),
(242, '2018-02-07 21:00:00', 17, 27, 2000, 54000, 2, 'О193МН', NULL, NULL, '', 1, 1),
(243, '2018-02-07 21:00:00', NULL, 9, 3000, 27000, 1, 'е478оо', '', NULL, '', 1, 1),
(244, '2018-02-07 21:00:00', 20, 51.713, 2800, 144796, 2, 'к566кс', NULL, NULL, '', 1, 1),
(245, '2018-02-07 21:00:00', 20, 35.327, 2800, 98915.6, 2, 'к773рн', NULL, NULL, '', 1, 1),
(246, '2018-02-07 21:00:00', 20, 47.832, 2800, 133930, 2, 'с042кн', NULL, NULL, '', 1, 1),
(247, '2018-02-07 21:00:00', 20, 46.312, 2800, 129674, 2, 'е809еу', NULL, NULL, '', 1, 1),
(248, '2018-02-07 21:00:00', 20, 49.945, 2800, 139846, 2, '825', NULL, NULL, '', 1, 1),
(249, '2018-02-08 21:00:00', NULL, 45, 0, 0, 1, 'К333ВВ', '', NULL, '', 2, 3),
(250, '2018-02-08 21:00:00', 6, 38.8, 1500, 58200, 2, 'Е295КЕ', NULL, NULL, '', 1, 1),
(251, '2018-02-08 21:00:00', NULL, 16.5, 3000, 49500, 1, 'е357ее', '', NULL, '', 1, 1),
(252, '2018-02-08 21:00:00', NULL, 15.5, 3000, 46500, 1, 'е699су', '', NULL, '', 1, 1),
(253, '2018-02-08 21:00:00', NULL, 7, 3200, 22400, 1, 'Е148ММ', '', NULL, '', 1, 1),
(254, '2018-02-08 21:00:00', NULL, 13.1, 3100, 40610, 1, 'Е700РХ', '', NULL, '', 1, 1),
(255, '2018-02-08 21:00:00', 20, 38.211, 2800, 106991, 2, 'к733рн', NULL, NULL, '', 1, 1),
(256, '2018-02-08 21:00:00', 16, 6.117, 3500, 21409.5, 2, 'Т347ВВ', NULL, NULL, '1-2 СОРТ', 1, 1),
(257, '2018-02-08 21:00:00', 16, 22.8, 2800, 63840, 2, 'Т347ВВ', NULL, NULL, '3 СОРТ', 1, 1),
(258, '2018-02-08 21:00:00', 17, 29.5, 2000, 59000, 2, 'Е031ОН', NULL, NULL, '', 1, 1),
(259, '2018-02-08 21:00:00', NULL, 0, 0, 38250, 1, 'Е031ОН', '', NULL, 'Сатурн 29,5*1300', 1, 1),
(260, '2018-02-08 21:00:00', 16, 6.28, 3500, 21980, 2, 'Е687ХЕ', NULL, NULL, '1-2 СОРТ', 1, 1),
(261, '2018-02-08 21:00:00', 16, 25.995, 2800, 72786, 2, 'Е687ХЕ', NULL, NULL, '3 СОРТ', 1, 1),
(262, '2018-02-08 21:00:00', NULL, 10.5, 3000, 31500, 1, 'н948ес', '', NULL, '', 1, 1),
(263, '2018-02-08 21:00:00', NULL, 10, 3000, 30000, 1, 'Е439МО', '', NULL, '', 1, 1),
(264, '2018-02-08 21:00:00', NULL, 10.5, 3000, 31500, 1, 'Е240ОТ', '', NULL, '', 1, 1),
(265, '2018-02-08 21:00:00', 20, 54.882, 2800, 153670, 2, 'К566КЕ', NULL, NULL, '', 1, 1),
(266, '2018-02-08 21:00:00', 17, 26, 2000, 52000, 2, 'К185ЕР', NULL, NULL, '', 1, 1),
(267, '2018-02-08 21:00:00', NULL, 0, 0, 33800, 1, 'К185ЕР', '', NULL, 'Сатурн 26*1300', 1, 1),
(268, '2018-02-08 21:00:00', 17, 25, 2000, 50000, 2, 'К228ЕЕ', NULL, NULL, '', 1, 1),
(269, '2018-02-08 21:00:00', NULL, 0, 0, 32500, 1, 'К228ЕЕ', '', NULL, 'Сатурн 25*1300', 1, 1),
(270, '2018-02-08 21:00:00', NULL, 45, 0, 0, 1, 'К333ВВ', '', NULL, '', 2, 3),
(271, '2018-02-09 21:00:00', 6, 38.5, 1500, 57750, 2, 'Е295КЕ', NULL, NULL, '', 1, 1),
(272, '2018-02-09 21:00:00', 20, 43, 2800, 120400, 2, 'О041КН', NULL, NULL, '', 1, 1),
(273, '2018-02-09 21:00:00', NULL, 7.5, 3000, 22500, 1, 'М135КТ', '', NULL, '', 1, 1),
(274, '2018-02-09 21:00:00', NULL, 45, 0, 0, 1, 'К333ВВ', '', NULL, '', 2, 3),
(275, '2018-02-09 21:00:00', 9, 27, 2800, 75600, 2, 'К326НР', NULL, NULL, '', 1, 1),
(276, '2018-02-09 21:00:00', 17, 27, 2000, 54000, 2, 'Е394РХ', NULL, NULL, '', 1, 1),
(277, '2018-02-09 21:00:00', NULL, 0, 0, 35100, 1, 'Е394РХ', '', NULL, 'Сатурн 27*1300', 1, 1),
(278, '2018-02-09 21:00:00', 17, 28, 2000, 56000, 2, 'О993МН', NULL, NULL, '', 1, 1),
(279, '2018-02-09 21:00:00', NULL, 0, 0, 36400, 1, 'О993МН', '', NULL, 'Сатурн 28*1300', 1, 1),
(280, '2018-02-09 21:00:00', NULL, 12.5, 3000, 37500, 1, 'С666СУ', '', NULL, '', 1, 1),
(281, '2018-02-09 21:00:00', NULL, 12, 3100, 37200, 1, 'к537нр', '', NULL, '', 1, 1),
(282, '2018-02-09 21:00:00', NULL, 12.5, 3100, 38750, 1, 'Е700РХ', '', NULL, '', 1, 1),
(283, '2018-02-09 21:00:00', NULL, 10, 3000, 30000, 1, 'м736ру', '', NULL, '', 1, 1),
(284, '2018-02-09 21:00:00', NULL, 28, 3000, 84000, 1, 'м736ру', '', NULL, '', 1, 1),
(285, '2018-02-09 21:00:00', NULL, 0, 0, 36400, 1, 'Е394РХ', '', NULL, 'Сатурн 28*1300', 1, 1),
(286, '2018-02-09 21:00:00', NULL, 0, 0, 33800, 1, 'К228ЕЕ', '', NULL, 'Сатурн 26*1300', 1, 1),
(287, '2018-02-09 21:00:00', 17, 28, 2000, 56000, 2, 'Е394РХ', NULL, NULL, '', 1, 1),
(288, '2018-02-09 21:00:00', 17, 26, 2000, 52000, 2, 'К228ЕЕ', NULL, NULL, '', 1, 1),
(289, '2018-02-10 21:00:00', 17, 28.5, 2000, 57000, 2, 'К185ЕР', NULL, NULL, '', 1, 1),
(290, '2018-02-10 21:00:00', NULL, 0, 0, 37050, 1, 'К185ЕР', '', NULL, 'Сатурн 28,5*1300', 1, 1),
(291, '2018-02-10 21:00:00', NULL, 45, 0, 0, 1, 'К333ВВ', '', NULL, '', 2, 3),
(292, '2018-02-10 21:00:00', NULL, 0, 0, 33150, 1, 'О193МН', '', NULL, 'Сатурн 25.5*1300', 1, 1),
(293, '2018-02-10 21:00:00', 17, 25.5, 2000, 51000, 2, 'О193МН', NULL, NULL, '', 1, 1),
(294, '2018-02-10 21:00:00', NULL, 7, 3200, 22400, 1, 'Е148ММ', '', NULL, '', 1, 1),
(295, '2018-02-10 21:00:00', NULL, 13, 3000, 39000, 1, 'О245КМ', '', NULL, '', 1, 1),
(296, '2018-02-10 21:00:00', NULL, 24, 3000, 72000, 1, 'Е240ОТ', '', NULL, '', 1, 1),
(297, '2018-02-10 21:00:00', NULL, 45, 0, 0, 1, 'К333ВВ', '', NULL, '', 2, 3),
(298, '2018-02-10 21:00:00', NULL, 0, 0, 35750, 1, 'Е394РХ', '', NULL, 'Сатурн 27,5*1300', 1, 1),
(299, '2018-02-10 21:00:00', 17, 27.5, 2000, 55000, 2, 'Е394РХ', NULL, NULL, '', 1, 1),
(300, '2018-02-10 21:00:00', NULL, 13, 3000, 39000, 1, 'С666СУ', '', NULL, '', 1, 1),
(301, '2018-02-10 21:00:00', NULL, 14, 3000, 42000, 1, 'О245КМ', '', NULL, '', 1, 1),
(302, '2018-02-10 21:00:00', NULL, 10.3, 3100, 31900, 1, 'н948ес', '', NULL, '', 1, 1),
(303, '2018-02-11 21:00:00', NULL, 7, 3000, 21000, 1, 'М135КТ', '', NULL, '', 1, 1),
(304, '2018-02-11 21:00:00', NULL, 28, 3000, 84000, 1, 'Е295ТК', '', NULL, '', 1, 1),
(305, '2018-02-11 21:00:00', 9, 27, 2800, 75600, 2, 'К321НР', NULL, NULL, '', 1, 1),
(306, '2018-02-11 21:00:00', 9, 27, 2800, 75600, 2, 'К326НР', NULL, NULL, '', 1, 1),
(307, '2018-02-11 21:00:00', NULL, 0.914, 3500, 3199, 1, 'Е687ХЕ', '', NULL, 'Латат', 1, 1),
(308, '2018-02-11 21:00:00', NULL, 16.2, 3000, 48600, 1, 'е357ее', '', NULL, '', 1, 1),
(309, '2018-02-11 21:00:00', 16, 5.425, 3500, 18987.5, 2, 'Е687ХЕ', NULL, NULL, '1-2 СОРТ', 1, 1),
(310, '2018-02-11 21:00:00', 16, 25.36, 2800, 71008, 2, 'Е687ХЕ', NULL, NULL, '3 СОРТ', 1, 1),
(311, '2018-02-11 21:00:00', 9, 29, 2800, 81200, 2, 'к674тт', NULL, NULL, '', 1, 1),
(312, '2018-02-11 21:00:00', 6, 38.5, 1500, 57750, 2, 'Е295КЕ', NULL, NULL, '', 1, 1),
(313, '2018-02-11 21:00:00', NULL, 13, 3000, 39000, 1, 'О245КМ', '', NULL, '', 1, 1),
(314, '2018-02-11 21:00:00', NULL, 0, 0, 36400, 1, 'Е394РХ', '', NULL, 'Сатурн 28*1300', 1, 1),
(315, '2018-02-11 21:00:00', 17, 28, 2000, 56000, 2, 'Е394РХ', NULL, NULL, '', 1, 1),
(316, '2018-02-11 21:00:00', NULL, 0.9571, 3500, 3349.85, 1, 'Е687ХЕ', '', NULL, 'Латат', 1, 1),
(317, '2018-02-11 21:00:00', 16, 5.7428, 3500, 20099.8, 2, 'Е687ХЕ', NULL, NULL, '1-2 СОРТ', 1, 1),
(318, '2018-02-11 21:00:00', 16, 26.8, 2800, 75040, 2, 'Е687ХЕ', NULL, NULL, '3 СОРТ', 1, 1),
(319, '2018-02-11 21:00:00', 17, 25.5, 2000, 51000, 2, 'О193МН', NULL, NULL, '', 1, 1),
(320, '2018-02-11 21:00:00', NULL, 0, 0, 33150, 1, 'О193МН', '', NULL, 'Сатурн 25.5*1300', 1, 1),
(321, '2018-02-11 21:00:00', NULL, 12, 3100, 37200, 1, 'н948ес', '', NULL, '', 1, 1),
(322, '2018-02-11 21:00:00', NULL, 28, 3000, 84000, 1, 'Е295ТК', '', NULL, '', 1, 1),
(323, '2018-02-11 21:00:00', 9, 27, 2800, 75600, 2, 'К326НР', NULL, NULL, '', 1, 1),
(324, '2018-02-11 21:00:00', 9, 27, 2800, 75600, 2, 'К321НР', NULL, NULL, '', 1, 1),
(325, '2018-02-11 21:00:00', 9, 29, 2800, 81200, 2, 'К674ТТ', NULL, NULL, '', 1, 1),
(326, '2018-02-12 21:00:00', NULL, 0.9142, 3500, 3199.7, 1, 'Т347ВВ', '', NULL, 'Латат', 1, 1),
(327, '2018-02-12 21:00:00', 16, 5.5057, 3500, 19269.9, 2, 'Т347ВВ', NULL, NULL, '1-2 СОРТ', 1, 1),
(328, '2018-02-12 21:00:00', 16, 25.68, 2800, 71904, 2, 'Т347ВВ', NULL, NULL, '3 СОРТ', 1, 1),
(329, '2018-02-08 21:00:00', NULL, 0.857, 3500, 2999.5, 1, 'Т347ВВ', '', NULL, 'Латат', 1, 1),
(330, '2018-02-08 21:00:00', NULL, 0.942, 3500, 3297, 1, 'Е687ХЕ', '', NULL, 'Латат', 1, 1);

-- --------------------------------------------------------

--
-- Структура таблицы `wood_group`
--

CREATE TABLE IF NOT EXISTS `wood_group` (
  `id` tinyint(3) UNSIGNED NOT NULL AUTO_INCREMENT,
  `name` varchar(32) NOT NULL,
  `sort` smallint(5) UNSIGNED NOT NULL DEFAULT '500',
  PRIMARY KEY (`id`)
) ENGINE=InnoDB AUTO_INCREMENT=4 DEFAULT CHARSET=utf8;

--
-- Дамп данных таблицы `wood_group`
--

INSERT INTO `wood_group` (`id`, `name`, `sort`) VALUES
(1, 'Общая', 100),
(2, 'Инкино', 200),
(3, 'Бундюр (Кибиш)', 300);

-- --------------------------------------------------------

--
-- Структура таблицы `wood_provider`
--

CREATE TABLE IF NOT EXISTS `wood_provider` (
  `id` int(10) UNSIGNED NOT NULL AUTO_INCREMENT,
  `name` varchar(256) NOT NULL,
  `phone` varchar(20) DEFAULT NULL,
  `email` varchar(128) DEFAULT NULL,
  `inn` varchar(12) DEFAULT NULL,
  `sort` int(11) NOT NULL DEFAULT '500',
  PRIMARY KEY (`id`)
) ENGINE=InnoDB AUTO_INCREMENT=21 DEFAULT CHARSET=utf8;

--
-- Дамп данных таблицы `wood_provider`
--

INSERT INTO `wood_provider` (`id`, `name`, `phone`, `email`, `inn`, `sort`) VALUES
(3, 'ООО \"Лесоустроитель\"', '', '', '7017211161', 500),
(4, 'Глава крестьянского (фермерского) хозяйства Сосняков Владимир Леонидович', '', '', '701401327950', 200),
(5, 'ИП Медведев Павел Васильевич', '', '', '701502031317', 100),
(6, 'ООО \"Прогресс\"', '', '', '7017394606', 400),
(8, 'ООО Алтай-Форест', '', '', NULL, 600),
(9, 'ООО \"Сибирь\"', '', '', NULL, 600),
(10, 'ООО \"ИнтелСтрой\"', '', '', '7003000611', 500),
(11, 'ИП Струк Владимир Николаевич', '', '', '701500534932', 100),
(12, 'ИП Бессонова Екатерина Александровна', '', '', '701743022510', 400),
(13, 'ИП Лебедев Сергей Александрович', '', '', '701400570800', 300),
(14, 'ИП Гринько Сергей Валерьевич', '', '', '701718416408', 500),
(15, 'ООО \"ТрансСиб\"', '', '', '7017206267', 500),
(16, 'ООО \"Монолит-Строй\"', '', '', '7702513119', 400),
(17, 'ООО \"Сатурн\"', '', '', '7014044829', 500),
(18, '\"Томлестех\" Мажор', '', '', NULL, 500),
(19, '\"Транслес\" Широков Валентин', '', '', NULL, 500),
(20, 'ООО \"МАЛЕН ТРЕЙД\"', '', '', '7017418600', 500);

-- --------------------------------------------------------

--
-- Структура таблицы `worker`
--

CREATE TABLE IF NOT EXISTS `worker` (
  `id` smallint(10) UNSIGNED NOT NULL AUTO_INCREMENT,
  `name` varchar(80) NOT NULL,
  `post_id` tinyint(3) UNSIGNED NOT NULL,
  `salary` smallint(5) UNSIGNED NOT NULL,
  PRIMARY KEY (`id`)
) ENGINE=InnoDB AUTO_INCREMENT=8 DEFAULT CHARSET=utf8;

--
-- Дамп данных таблицы `worker`
--

INSERT INTO `worker` (`id`, `name`, `post_id`, `salary`) VALUES
(2, 'Федоров Петр Арсеньевич', 2, 500),
(3, 'Чехов Антон Павлович', 2, 600),
(4, 'Павлов Сергей Сергеевич', 2, 1000),
(5, 'Семенов Сергей Андреевич', 1, 0),
(6, 'Курносов Андрей Викторович', 1, 0),
(7, 'Пименов Владислав Михайлович', 1, 0);

/*!40101 SET CHARACTER_SET_CLIENT=@OLD_CHARACTER_SET_CLIENT */;
/*!40101 SET CHARACTER_SET_RESULTS=@OLD_CHARACTER_SET_RESULTS */;
/*!40101 SET COLLATION_CONNECTION=@OLD_COLLATION_CONNECTION */;
