-- phpMyAdmin SQL Dump
-- version 4.7.8
-- https://www.phpmyadmin.net/
--
-- Хост: localhost
-- Время создания: Июл 19 2018 г., 14:10
-- Версия сервера: 5.6.39-83.1
-- Версия PHP: 5.6.30

SET SQL_MODE = "NO_AUTO_VALUE_ON_ZERO";
SET time_zone = "+00:00";


/*!40101 SET @OLD_CHARACTER_SET_CLIENT=@@CHARACTER_SET_CLIENT */;
/*!40101 SET @OLD_CHARACTER_SET_RESULTS=@@CHARACTER_SET_RESULTS */;
/*!40101 SET @OLD_COLLATION_CONNECTION=@@COLLATION_CONNECTION */;
/*!40101 SET NAMES utf8mb4 */;

--
-- База данных: `ca03222_tlt`
--

-- --------------------------------------------------------

--
-- Структура таблицы `board`
--

CREATE TABLE IF NOT EXISTS `board` (
  `id` int(10) UNSIGNED NOT NULL AUTO_INCREMENT,
  `date` timestamp NOT NULL DEFAULT CURRENT_TIMESTAMP,
  `plant_id` tinyint(3) UNSIGNED NOT NULL,
  PRIMARY KEY (`id`)
) ENGINE=InnoDB AUTO_INCREMENT=421 DEFAULT CHARSET=utf8;

--
-- Дамп данных таблицы `board`
--

INSERT INTO `board` (`id`, `date`, `plant_id`) VALUES
(31, '2018-01-31 21:00:00', 2),
(32, '2018-01-31 21:00:00', 2),
(33, '2018-01-31 21:00:00', 3),
(34, '2018-01-31 21:00:00', 2),
(35, '2018-01-31 21:00:00', 3),
(36, '2018-02-01 21:00:00', 2),
(37, '2018-02-01 21:00:00', 3),
(38, '2018-02-01 21:00:00', 2),
(39, '2018-02-01 21:00:00', 2),
(40, '2018-02-01 21:00:00', 3),
(41, '2018-02-01 21:00:00', 2),
(42, '2018-02-01 21:00:00', 3),
(43, '2018-02-01 21:00:00', 2),
(44, '2018-02-01 21:00:00', 2),
(45, '2018-02-02 21:00:00', 2),
(46, '2018-02-02 21:00:00', 2),
(47, '2018-02-02 21:00:00', 2),
(48, '2018-02-02 21:00:00', 2),
(49, '2018-02-02 21:00:00', 3),
(50, '2018-02-02 21:00:00', 2),
(51, '2018-02-03 21:00:00', 2),
(52, '2018-02-03 21:00:00', 3),
(53, '2018-02-03 21:00:00', 2),
(54, '2018-02-03 21:00:00', 2),
(55, '2018-02-03 21:00:00', 3),
(56, '2018-02-04 21:00:00', 2),
(57, '2018-02-04 21:00:00', 2),
(58, '2018-02-04 21:00:00', 3),
(59, '2018-02-04 21:00:00', 3),
(60, '2018-02-04 21:00:00', 2),
(61, '2018-02-05 21:00:00', 2),
(62, '2018-02-05 21:00:00', 2),
(63, '2018-02-05 21:00:00', 3),
(64, '2018-02-05 21:00:00', 3),
(65, '2018-02-06 21:00:00', 2),
(66, '2018-02-06 21:00:00', 2),
(67, '2018-02-06 21:00:00', 2),
(68, '2018-02-06 21:00:00', 3),
(69, '2018-02-06 21:00:00', 4),
(70, '2018-02-06 21:00:00', 2),
(71, '2018-02-06 21:00:00', 2),
(72, '2018-02-06 21:00:00', 2),
(73, '2018-02-07 21:00:00', 2),
(74, '2018-02-07 21:00:00', 2),
(75, '2018-02-07 21:00:00', 2),
(76, '2018-02-07 21:00:00', 3),
(77, '2018-02-07 21:00:00', 3),
(78, '2018-02-08 21:00:00', 4),
(79, '2018-02-07 21:00:00', 3),
(80, '2018-02-08 21:00:00', 2),
(81, '2018-02-08 21:00:00', 2),
(82, '2018-02-08 21:00:00', 3),
(83, '2018-02-09 21:00:00', 4),
(84, '2018-02-10 21:00:00', 4),
(85, '2018-02-10 21:00:00', 4),
(86, '2018-02-08 21:00:00', 2),
(87, '2018-02-08 21:00:00', 3),
(88, '2018-02-08 21:00:00', 3),
(89, '2018-02-09 21:00:00', 2),
(90, '2018-02-09 21:00:00', 2),
(91, '2018-02-09 21:00:00', 3),
(92, '2018-02-09 21:00:00', 2),
(93, '2018-02-09 21:00:00', 2),
(94, '2018-02-09 21:00:00', 3),
(95, '2018-02-10 21:00:00', 2),
(96, '2018-02-10 21:00:00', 2),
(97, '2018-02-10 21:00:00', 3),
(98, '2018-02-10 21:00:00', 3),
(99, '2018-02-10 21:00:00', 2),
(100, '2018-02-10 21:00:00', 2),
(101, '2018-02-10 21:00:00', 3),
(102, '2018-02-11 21:00:00', 2),
(103, '2018-02-11 21:00:00', 2),
(104, '2018-02-11 21:00:00', 3),
(105, '2018-02-11 21:00:00', 2),
(106, '2018-02-11 21:00:00', 2),
(107, '2018-02-11 21:00:00', 3),
(108, '2018-02-12 21:00:00', 2),
(109, '2018-02-12 21:00:00', 2),
(110, '2018-02-12 21:00:00', 3),
(111, '2018-02-12 21:00:00', 2),
(112, '2018-02-12 21:00:00', 3),
(113, '2018-02-12 21:00:00', 3),
(114, '2018-02-12 21:00:00', 2),
(115, '2018-02-13 21:00:00', 2),
(116, '2018-02-11 21:00:00', 4),
(117, '2018-02-12 21:00:00', 4),
(118, '2018-02-13 21:00:00', 2),
(119, '2018-02-13 21:00:00', 3),
(120, '2018-02-13 21:00:00', 4),
(121, '2018-02-14 21:00:00', 4),
(122, '2018-02-13 21:00:00', 3),
(123, '2018-02-13 21:00:00', 3),
(124, '2018-02-13 21:00:00', 2),
(125, '2018-02-14 21:00:00', 2),
(126, '2018-02-14 21:00:00', 3),
(127, '2018-02-14 21:00:00', 2),
(128, '2018-02-15 21:00:00', 4),
(129, '2018-02-15 21:00:00', 2),
(130, '2018-02-15 21:00:00', 2),
(131, '2018-02-15 21:00:00', 3),
(132, '2018-02-16 21:00:00', 4),
(133, '2018-02-17 21:00:00', 4),
(134, '2018-02-17 21:00:00', 4),
(135, '2018-02-18 21:00:00', 4),
(136, '2018-02-17 21:00:00', 2),
(137, '2018-02-17 21:00:00', 2),
(138, '2018-02-17 21:00:00', 3),
(139, '2018-02-17 21:00:00', 2),
(140, '2018-02-17 21:00:00', 3),
(142, '2018-02-17 21:00:00', 2),
(143, '2018-02-17 21:00:00', 3),
(144, '2018-02-17 21:00:00', 3),
(145, '2018-02-17 21:00:00', 2),
(146, '2018-02-18 21:00:00', 2),
(147, '2018-02-18 21:00:00', 3),
(148, '2018-02-18 21:00:00', 2),
(149, '2018-02-18 21:00:00', 3),
(150, '2018-02-18 21:00:00', 2),
(151, '2018-02-18 21:00:00', 3),
(152, '2018-02-19 21:00:00', 4),
(153, '2018-02-19 21:00:00', 2),
(154, '2018-02-19 21:00:00', 3),
(156, '2018-02-19 21:00:00', 2),
(157, '2018-02-19 21:00:00', 3),
(158, '2018-02-20 21:00:00', 2),
(159, '2018-02-20 21:00:00', 4),
(160, '2018-02-20 21:00:00', 3),
(161, '2018-02-21 21:00:00', 4),
(162, '2018-02-20 21:00:00', 2),
(163, '2018-02-20 21:00:00', 3),
(164, '2018-02-20 21:00:00', 2),
(165, '2018-02-21 21:00:00', 3),
(166, '2018-02-21 21:00:00', 3),
(167, '2018-02-21 21:00:00', 3),
(168, '2018-02-21 21:00:00', 2),
(169, '2018-02-21 21:00:00', 2),
(170, '2018-02-22 21:00:00', 2),
(171, '2018-02-21 21:00:00', 4),
(172, '2018-02-22 21:00:00', 4),
(173, '2018-02-22 21:00:00', 4),
(174, '2018-02-22 21:00:00', 3),
(175, '2018-02-22 21:00:00', 3),
(176, '2018-02-23 21:00:00', 4),
(177, '2018-02-25 21:00:00', 4),
(178, '2018-02-22 21:00:00', 3),
(179, '2018-02-23 21:00:00', 3),
(180, '2018-02-23 21:00:00', 2),
(181, '2018-02-23 21:00:00', 3),
(182, '2018-02-23 21:00:00', 2),
(183, '2018-02-23 21:00:00', 2),
(184, '2018-02-23 21:00:00', 3),
(185, '2018-02-24 21:00:00', 3),
(186, '2018-02-24 21:00:00', 2),
(187, '2018-02-24 21:00:00', 3),
(188, '2018-02-24 21:00:00', 2),
(189, '2018-02-24 21:00:00', 3),
(190, '2018-02-24 21:00:00', 3),
(191, '2018-02-25 21:00:00', 3),
(192, '2018-02-25 21:00:00', 2),
(193, '2018-02-25 21:00:00', 2),
(194, '2018-02-25 21:00:00', 2),
(195, '2018-02-26 21:00:00', 4),
(196, '2018-02-26 21:00:00', 3),
(197, '2018-02-26 21:00:00', 3),
(198, '2018-02-26 21:00:00', 2),
(199, '2018-02-27 21:00:00', 4),
(200, '2018-02-26 21:00:00', 3),
(201, '2018-02-26 21:00:00', 2),
(202, '2018-02-26 21:00:00', 3),
(203, '2018-02-27 21:00:00', 3),
(204, '2018-02-27 21:00:00', 2),
(205, '2018-02-27 21:00:00', 3),
(206, '2018-02-27 21:00:00', 2),
(207, '2018-02-27 21:00:00', 3),
(208, '2018-02-28 21:00:00', 3),
(209, '2018-02-28 21:00:00', 2),
(210, '2018-02-28 21:00:00', 2),
(211, '2018-02-28 21:00:00', 3),
(212, '2018-03-01 21:00:00', 4),
(213, '2018-03-01 21:00:00', 4),
(214, '2018-02-28 21:00:00', 2),
(215, '2018-02-28 21:00:00', 3),
(216, '2018-03-01 21:00:00', 3),
(217, '2018-03-01 21:00:00', 2),
(218, '2018-03-01 21:00:00', 3),
(219, '2018-03-01 21:00:00', 2),
(220, '2018-03-01 21:00:00', 2),
(221, '2018-03-01 21:00:00', 3),
(222, '2018-03-01 21:00:00', 2),
(223, '2018-03-01 21:00:00', 3),
(224, '2018-03-03 21:00:00', 4),
(225, '2018-03-04 21:00:00', 4),
(226, '2018-03-04 21:00:00', 4),
(227, '2018-03-02 21:00:00', 2),
(228, '2018-03-02 21:00:00', 3),
(229, '2018-03-02 21:00:00', 2),
(230, '2018-03-02 21:00:00', 3),
(231, '2018-03-02 21:00:00', 3),
(232, '2018-03-02 21:00:00', 2),
(233, '2018-03-02 21:00:00', 3),
(234, '2018-03-02 21:00:00', 2),
(235, '2018-03-03 21:00:00', 3),
(236, '2018-03-03 21:00:00', 2),
(237, '2018-03-03 21:00:00', 3),
(238, '2018-03-03 21:00:00', 3),
(239, '2018-03-03 21:00:00', 2),
(240, '2018-03-03 21:00:00', 3),
(241, '2018-03-03 21:00:00', 2),
(242, '2018-03-04 21:00:00', 3),
(243, '2018-03-05 21:00:00', 2),
(244, '2018-03-05 21:00:00', 4),
(245, '2018-03-05 21:00:00', 2),
(246, '2018-03-05 21:00:00', 2),
(247, '2018-03-05 21:00:00', 3),
(248, '2018-03-05 21:00:00', 3),
(249, '2018-03-05 21:00:00', 3),
(250, '2018-03-06 21:00:00', 3),
(251, '2018-03-06 21:00:00', 3),
(252, '2018-03-06 21:00:00', 4),
(253, '2018-03-06 21:00:00', 4),
(254, '2018-03-06 21:00:00', 2),
(255, '2018-03-06 21:00:00', 3),
(256, '2018-03-06 21:00:00', 2),
(257, '2018-03-06 21:00:00', 4),
(258, '2018-03-07 21:00:00', 4),
(259, '2018-03-08 21:00:00', 4),
(260, '2018-03-08 21:00:00', 4),
(261, '2018-03-08 21:00:00', 4),
(262, '2018-03-06 21:00:00', 2),
(263, '2018-03-07 21:00:00', 3),
(264, '2018-03-07 21:00:00', 3),
(265, '2018-03-07 21:00:00', 2),
(266, '2018-03-07 21:00:00', 2),
(267, '2018-03-07 21:00:00', 3),
(268, '2018-03-07 21:00:00', 2),
(269, '2018-03-07 21:00:00', 2),
(270, '2018-03-08 21:00:00', 2),
(271, '2018-03-08 21:00:00', 3),
(272, '2018-03-10 21:00:00', 4),
(273, '2018-03-10 21:00:00', 4),
(274, '2018-03-10 21:00:00', 4),
(275, '2018-03-11 21:00:00', 4),
(276, '2018-03-08 21:00:00', 2),
(277, '2018-03-09 21:00:00', 3),
(278, '2018-03-09 21:00:00', 2),
(279, '2018-03-09 21:00:00', 3),
(280, '2018-03-09 21:00:00', 2),
(281, '2018-03-09 21:00:00', 3),
(282, '2018-03-09 21:00:00', 2),
(283, '2018-03-09 21:00:00', 3),
(284, '2018-03-09 21:00:00', 2),
(285, '2018-03-10 21:00:00', 2),
(286, '2018-03-10 21:00:00', 3),
(287, '2018-03-10 21:00:00', 2),
(288, '2018-03-10 21:00:00', 3),
(289, '2018-03-11 21:00:00', 2),
(290, '2018-03-11 21:00:00', 3),
(291, '2018-03-11 21:00:00', 2),
(292, '2018-03-11 21:00:00', 3),
(293, '2018-03-11 21:00:00', 2),
(294, '2018-03-11 21:00:00', 3),
(295, '2018-03-12 21:00:00', 3),
(296, '2018-03-12 21:00:00', 2),
(297, '2018-03-12 21:00:00', 4),
(298, '2018-03-12 21:00:00', 4),
(299, '2018-03-13 21:00:00', 4),
(300, '2018-03-12 21:00:00', 3),
(301, '2018-03-12 21:00:00', 2),
(302, '2018-03-12 21:00:00', 3),
(303, '2018-03-13 21:00:00', 2),
(304, '2018-03-13 21:00:00', 2),
(305, '2018-03-14 21:00:00', 4),
(306, '2018-03-14 21:00:00', 4),
(307, '2018-03-13 21:00:00', 3),
(308, '2018-03-13 21:00:00', 3),
(309, '2018-03-13 21:00:00', 2),
(310, '2018-03-14 21:00:00', 3),
(311, '2018-03-14 21:00:00', 3),
(312, '2018-03-14 21:00:00', 2),
(313, '2018-03-14 21:00:00', 2),
(314, '2018-03-14 21:00:00', 2),
(315, '2018-03-14 21:00:00', 3),
(316, '2018-03-14 21:00:00', 4),
(317, '2018-03-15 21:00:00', 4),
(318, '2018-03-15 21:00:00', 4),
(319, '2018-03-15 21:00:00', 2),
(320, '2018-03-15 21:00:00', 2),
(321, '2018-03-15 21:00:00', 2),
(322, '2018-03-16 21:00:00', 4),
(323, '2018-03-16 21:00:00', 4),
(324, '2018-03-17 21:00:00', 4),
(325, '2018-03-17 21:00:00', 4),
(326, '2018-03-18 21:00:00', 4),
(327, '2018-03-18 21:00:00', 4),
(328, '2018-03-15 21:00:00', 2),
(329, '2018-03-16 21:00:00', 2),
(330, '2018-03-16 21:00:00', 3),
(331, '2018-03-16 21:00:00', 2),
(332, '2018-03-16 21:00:00', 2),
(333, '2018-03-16 21:00:00', 2),
(334, '2018-03-16 21:00:00', 2),
(335, '2018-03-17 21:00:00', 2),
(336, '2018-03-17 21:00:00', 2),
(337, '2018-03-17 21:00:00', 2),
(338, '2018-03-17 21:00:00', 2),
(339, '2018-03-17 21:00:00', 2),
(340, '2018-03-17 21:00:00', 2),
(341, '2018-03-18 21:00:00', 2),
(342, '2018-03-18 21:00:00', 2),
(343, '2018-03-18 21:00:00', 2),
(344, '2018-03-18 21:00:00', 2),
(345, '2018-03-18 21:00:00', 2),
(346, '2018-03-19 21:00:00', 2),
(347, '2018-03-19 21:00:00', 2),
(348, '2018-03-19 21:00:00', 2),
(349, '2018-03-19 21:00:00', 2),
(350, '2018-03-20 21:00:00', 4),
(351, '2018-03-20 21:00:00', 4),
(352, '2018-03-19 21:00:00', 2),
(353, '2018-03-19 21:00:00', 2),
(354, '2018-03-20 21:00:00', 2),
(355, '2018-03-20 21:00:00', 2),
(356, '2018-03-20 21:00:00', 2),
(357, '2018-03-21 21:00:00', 2),
(358, '2018-03-21 21:00:00', 2),
(359, '2018-03-21 21:00:00', 2),
(360, '2018-03-21 21:00:00', 2),
(361, '2018-03-22 21:00:00', 4),
(362, '2018-03-22 21:00:00', 4),
(363, '2018-03-21 21:00:00', 2),
(364, '2018-03-21 21:00:00', 2),
(365, '2018-03-22 21:00:00', 2),
(366, '2018-03-22 21:00:00', 2),
(367, '2018-03-22 21:00:00', 2),
(368, '2018-03-22 21:00:00', 2),
(369, '2018-03-23 21:00:00', 4),
(370, '2018-03-23 21:00:00', 4),
(371, '2018-03-24 21:00:00', 4),
(372, '2018-03-25 21:00:00', 4),
(373, '2018-03-22 21:00:00', 2),
(374, '2018-03-22 21:00:00', 2),
(375, '2018-03-23 21:00:00', 2),
(376, '2018-03-23 21:00:00', 2),
(377, '2018-03-23 21:00:00', 3),
(378, '2018-03-23 21:00:00', 2),
(379, '2018-03-23 21:00:00', 3),
(380, '2018-03-24 21:00:00', 3),
(381, '2018-03-24 21:00:00', 2),
(382, '2018-03-25 21:00:00', 2),
(383, '2018-03-25 21:00:00', 4),
(384, '2018-03-25 21:00:00', 3),
(385, '2018-03-26 21:00:00', 4),
(386, '2018-03-25 21:00:00', 3),
(387, '2018-03-26 21:00:00', 3),
(388, '2018-03-26 21:00:00', 3),
(389, '2018-03-26 21:00:00', 2),
(390, '2018-03-26 21:00:00', 3),
(391, '2018-03-27 21:00:00', 3),
(392, '2018-03-26 21:00:00', 2),
(393, '2018-03-27 21:00:00', 4),
(394, '2018-03-27 21:00:00', 3),
(395, '2018-03-27 21:00:00', 4),
(396, '2018-03-27 21:00:00', 2),
(397, '2018-03-28 21:00:00', 3),
(398, '2018-03-28 21:00:00', 4),
(399, '2018-03-28 21:00:00', 3),
(400, '2018-03-28 21:00:00', 2),
(402, '2018-03-28 21:00:00', 3),
(403, '2018-03-29 21:00:00', 4),
(404, '2018-03-28 21:00:00', 2),
(405, '2018-03-29 21:00:00', 3),
(406, '2018-03-29 21:00:00', 4),
(407, '2018-03-29 21:00:00', 4),
(408, '2018-03-29 21:00:00', 2),
(409, '2018-03-29 21:00:00', 3),
(410, '2018-03-29 21:00:00', 2),
(411, '2018-03-29 21:00:00', 4),
(412, '2018-03-30 21:00:00', 4),
(413, '2018-03-31 21:00:00', 4),
(414, '2018-03-31 21:00:00', 4),
(415, '2018-03-31 21:00:00', 4),
(416, '2018-04-01 21:00:00', 4),
(417, '2018-04-02 21:00:00', 4),
(418, '2018-04-11 21:00:00', 4),
(419, '2018-04-11 21:00:00', 4),
(420, '2018-04-11 21:00:00', 4);

-- --------------------------------------------------------

--
-- Структура таблицы `board_item`
--

CREATE TABLE IF NOT EXISTS `board_item` (
  `id` int(10) UNSIGNED NOT NULL AUTO_INCREMENT,
  `board_id` int(10) UNSIGNED NOT NULL,
  `thickness` float NOT NULL,
  `width` float NOT NULL,
  `length` float NOT NULL,
  `count` float NOT NULL,
  `price` int(11) DEFAULT NULL,
  PRIMARY KEY (`id`)
) ENGINE=InnoDB AUTO_INCREMENT=2911 DEFAULT CHARSET=utf8;

--
-- Дамп данных таблицы `board_item`
--

INSERT INTO `board_item` (`id`, `board_id`, `thickness`, `width`, `length`, `count`, `price`) VALUES
(9, 13, 2.3, 123.213, 2, 2, NULL),
(23, 12, 2.2, 2.2, 2.2, 1.1, NULL),
(24, 12, 1, 1, 1, 50, NULL),
(25, 12, 2, 2.123, 0.23, 60, NULL),
(26, 12, 3, 0.1, 3, 70, NULL),
(27, 12, 4, 4, 4, 4, NULL),
(28, 1, 2.2, 0.26, 2.6, 63, NULL),
(29, 1, 2, 0.15, 3.5, 40, NULL),
(30, 1, 1.5, 0.5, 5, 20, NULL),
(31, 1, 3.7, 0.3, 4, 50, NULL),
(32, 10, 2.4, 0.21, 2.5, 50, NULL),
(33, 10, 2.1, 0.5, 5, 30, NULL),
(34, 10, 1.8, 0.3, 3, 40, NULL),
(39, 14, 1.8, 0.4, 4, 67, NULL),
(40, 14, 1.1, 0.3, 3.78, 87, NULL),
(44, 11, 2.3, 2.1, 1, 89, NULL),
(45, 11, 2.1, 0.3, 3, 12, NULL),
(46, 11, 4.3, 1, 2, 30, NULL),
(60, 16, 1, 2, 3, 5, 1800),
(61, 16, 2, 1.5, 2.3, 10, 2300),
(62, 15, 12, 2, 2.3, 10, 320),
(63, 15, 2.1, 6, 3, 20, 1900),
(64, 17, 12, 323, 323, 3, 232),
(65, 18, 2, 3, 4, 10, NULL),
(66, 19, 0.033, 0.103, 3.6, 300, NULL),
(67, 19, 0.033, 1, 3.6, 30, NULL),
(68, 19, 0.033, 0.178, 3.6, 180, NULL),
(69, 19, 0.033, 0.178, 3.6, 180, NULL),
(70, 19, 0.019, 0.078, 2.4, 520, NULL),
(71, 19, 0.019, 0.095, 3.6, 440, NULL),
(72, 19, 0.033, 0.153, 3.6, 210, NULL),
(80, 20, 0.019, 0.103, 3.6, 400, NULL),
(81, 20, 0.033, 0.103, 3.6, 300, NULL),
(82, 20, 0.033, 0.128, 3.6, 240, NULL),
(83, 20, 0.033, 0.128, 2.4, 240, NULL),
(84, 20, 0.033, 0.153, 3.6, 210, NULL),
(85, 20, 0.033, 0.128, 3.6, 240, NULL),
(86, 20, 0.019, 0.078, 3.6, 520, NULL),
(92, 21, 0.033, 0.153, 3.6, 210, NULL),
(93, 21, 0.033, 1, 3.6, 30, NULL),
(94, 21, 0.033, 0.103, 2, 300, NULL),
(95, 21, 0.033, 0.103, 2, 300, NULL),
(96, 21, 0.033, 0.178, 3.6, 180, NULL),
(97, 21, 0.033, 0.128, 2.4, 240, NULL),
(98, 21, 0.033, 0.178, 2.4, 180, NULL),
(99, 21, 0.033, 0.178, 3.6, 180, NULL),
(105, 22, 0.019, 0.103, 3.6, 400, NULL),
(106, 22, 0.033, 0.103, 3.6, 300, NULL),
(107, 22, 0.033, 0.128, 3.6, 240, NULL),
(108, 22, 0.033, 0.128, 2.4, 240, NULL),
(109, 22, 0.033, 0.153, 3.6, 210, NULL),
(110, 22, 0.033, 0.128, 3.6, 240, NULL),
(111, 22, 0.019, 0.078, 3.6, 520, NULL),
(128, 23, 0.033, 0.178, 3.6, 180, NULL),
(129, 23, 0.033, 0.103, 3.6, 300, NULL),
(130, 23, 0.033, 0.103, 2.4, 300, NULL),
(131, 23, 0.019, 0.095, 2.4, 440, NULL),
(132, 23, 0.019, 1, 3.6, 40, NULL),
(133, 23, 0.033, 0.153, 3.6, 210, NULL),
(134, 23, 0.033, 0.153, 2.4, 210, NULL),
(135, 23, 0.033, 0.178, 2.4, 180, NULL),
(136, 24, 0.033, 0.103, 3.6, 300, NULL),
(137, 24, 0.033, 1, 3.6, 30, NULL),
(138, 24, 0.033, 0.178, 3.6, 180, NULL),
(139, 24, 0.033, 0.178, 3.6, 180, NULL),
(140, 24, 0.019, 0.078, 2.4, 520, NULL),
(141, 24, 0.019, 0.095, 3.6, 440, NULL),
(142, 24, 0.033, 0.153, 3.6, 210, NULL),
(150, 25, 0.033, 0.153, 3.6, 210, NULL),
(151, 25, 0.033, 0.178, 3.6, 180, NULL),
(152, 25, 0.033, 0.128, 3.6, 240, NULL),
(153, 25, 0.033, 0.178, 2.4, 180, NULL),
(154, 25, 0.033, 0.103, 3.6, 300, NULL),
(155, 25, 0.033, 0.103, 3.6, 300, NULL),
(156, 25, 0.033, 0.178, 3.6, 180, NULL),
(157, 26, 0.033, 0.178, 3.6, 180, NULL),
(158, 26, 0.033, 1, 3.6, 31, NULL),
(159, 26, 0.019, 1, 3.6, 41, NULL),
(160, 26, 0.033, 0.153, 2.4, 210, NULL),
(161, 26, 0.033, 0.103, 3.6, 300, NULL),
(162, 26, 0.033, 0.103, 3.6, 300, NULL),
(163, 26, 0.019, 1, 3.6, 45, NULL),
(164, 27, 0.033, 0.103, 3.6, 300, NULL),
(165, 27, 0.033, 0.153, 3.6, 210, NULL),
(166, 27, 0.033, 0.153, 3.6, 210, NULL),
(167, 27, 0.033, 0.178, 3.6, 180, NULL),
(168, 27, 0.033, 0.128, 3.6, 240, NULL),
(169, 27, 0.019, 0.095, 3.6, 440, NULL),
(170, 27, 0.033, 0.178, 2.4, 180, NULL),
(171, 28, 0.033, 0.178, 3.6, 180, NULL),
(172, 28, 0.033, 0.128, 3.6, 240, NULL),
(173, 28, 0.019, 1, 2.4, 40, NULL),
(174, 28, 0.033, 0.153, 2.4, 210, NULL),
(175, 28, 0.033, 0.128, 3.6, 240, NULL),
(176, 28, 0.033, 0.128, 3.6, 240, NULL),
(177, 28, 0.019, 1, 2.4, 39, NULL),
(178, 28, 0.033, 0.103, 2.4, 300, NULL),
(188, 29, 0.033, 0.153, 3.6, 210, NULL),
(189, 29, 0.019, 1, 3.6, 39, NULL),
(190, 29, 0.033, 1, 2.4, 30, NULL),
(191, 29, 0.033, 1, 2.4, 30, NULL),
(192, 29, 0.033, 0.103, 2.4, 300, NULL),
(193, 29, 0.033, 0.103, 2.4, 300, NULL),
(194, 29, 0.033, 0.128, 2.4, 240, NULL),
(195, 29, 0.033, 0.153, 2.4, 210, NULL),
(196, 29, 0.033, 0.153, 2.4, 210, NULL),
(204, 30, 0.033, 0.178, 3.6, 180, NULL),
(205, 30, 0.033, 0.103, 3.6, 300, NULL),
(206, 30, 0.033, 0.103, 3.6, 300, NULL),
(207, 30, 0.033, 0.128, 2.4, 240, NULL),
(208, 30, 0.033, 0.178, 2.4, 180, NULL),
(209, 30, 0.033, 0.153, 3.6, 210, NULL),
(210, 30, 0.033, 0.153, 3.6, 210, NULL),
(219, 31, 0.033, 0.103, 2.4, 210, NULL),
(220, 31, 0.033, 0.128, 2.4, 99, NULL),
(221, 31, 0.033, 0.153, 2.4, 364, NULL),
(222, 31, 0.033, 0.178, 2.4, 276, NULL),
(223, 31, 0.019, 1, 2.4, 28, NULL),
(224, 31, 0.033, 1, 2.4, 30, NULL),
(225, 31, 0.019, 1, 3, 65, NULL),
(226, 31, 0.019, 1, 2, 30, NULL),
(227, 32, 0.033, 0.85, 1.8, 30, NULL),
(228, 32, 0.019, 0.095, 2.4, 440, NULL),
(229, 32, 0.019, 0.095, 2.4, 440, NULL),
(230, 32, 0.019, 0.095, 1.8, 440, NULL),
(231, 32, 0.019, 1, 3, 40, NULL),
(232, 32, 0.033, 0.153, 2.4, 210, NULL),
(233, 32, 0.019, 1, 2.4, 40, NULL),
(234, 32, 0.033, 0.103, 2.4, 300, NULL),
(235, 32, 0.033, 0.178, 2.4, 180, NULL),
(236, 32, 0.033, 0.128, 2.4, 240, NULL),
(237, 33, 0.032, 0.082, 3, 264, NULL),
(238, 33, 0.032, 0.082, 3, 264, NULL),
(239, 33, 0.032, 0.082, 3, 264, NULL),
(240, 33, 0.032, 0.082, 3, 264, NULL),
(241, 33, 0.032, 0.082, 3, 264, NULL),
(242, 33, 0.032, 0.082, 3, 264, NULL),
(243, 33, 0.032, 0.082, 3, 264, NULL),
(244, 33, 0.032, 0.082, 3, 264, NULL),
(245, 33, 0.032, 0.082, 3, 264, NULL),
(246, 33, 0.032, 0.082, 3, 264, NULL),
(247, 33, 0.032, 0.082, 3, 264, NULL),
(248, 33, 0.032, 0.082, 3, 264, NULL),
(249, 34, 0.033, 1, 3.6, 30, NULL),
(250, 34, 0.033, 1, 2.4, 30, NULL),
(251, 34, 0.033, 0.178, 2.4, 180, NULL),
(252, 34, 0.019, 0.095, 2.4, 550, NULL),
(253, 34, 0.033, 0.153, 2.4, 210, NULL),
(254, 35, 0.032, 0.082, 3, 264, NULL),
(255, 35, 0.032, 0.082, 3, 264, NULL),
(256, 35, 0.032, 0.082, 3, 264, NULL),
(257, 35, 0.032, 0.082, 3, 264, NULL),
(258, 35, 0.032, 0.082, 3, 264, NULL),
(259, 36, 0.033, 0.128, 3.6, 240, NULL),
(260, 36, 0.033, 0.153, 3.6, 210, NULL),
(261, 36, 0.033, 0.178, 3.6, 180, NULL),
(262, 36, 0.033, 0.128, 2.4, 240, NULL),
(263, 36, 0.019, 1, 3, 40, NULL),
(264, 36, 0.019, 1, 3, 40, NULL),
(265, 37, 0.032, 0.082, 3, 264, NULL),
(266, 38, 0.033, 0.103, 2.4, 300, NULL),
(267, 38, 0.033, 0.128, 2.4, 240, NULL),
(268, 38, 0.033, 0.128, 2.4, 240, NULL),
(269, 38, 0.033, 0.128, 2.4, 240, NULL),
(270, 38, 0.033, 0.128, 2.4, 240, NULL),
(271, 38, 0.033, 0.128, 2.4, 240, NULL),
(272, 38, 0.033, 0.128, 2.4, 240, NULL),
(273, 38, 0.033, 0.128, 2.4, 240, NULL),
(274, 38, 0.033, 0.153, 2.4, 210, NULL),
(275, 38, 0.033, 0.178, 2.4, 180, NULL),
(276, 39, 0.033, 0.128, 2.4, 240, NULL),
(277, 39, 0.033, 0.128, 2.4, 240, NULL),
(278, 39, 0.033, 0.178, 2.4, 180, NULL),
(279, 40, 0.032, 0.082, 3, 264, NULL),
(280, 40, 0.032, 0.082, 3, 264, NULL),
(281, 40, 0.032, 0.082, 3, 264, NULL),
(282, 40, 0.032, 0.082, 3, 264, NULL),
(283, 40, 0.032, 0.082, 3, 264, NULL),
(284, 40, 0.032, 0.082, 3, 264, NULL),
(285, 40, 0.032, 0.082, 3, 264, NULL),
(286, 40, 0.032, 0.082, 3, 264, NULL),
(287, 40, 0.032, 0.082, 3, 264, NULL),
(288, 41, 0.033, 0.128, 2.4, 240, NULL),
(289, 41, 0.033, 0.128, 2.4, 240, NULL),
(290, 41, 0.033, 0.128, 2.4, 240, NULL),
(291, 41, 0.033, 0.103, 2.4, 300, NULL),
(292, 41, 0.019, 0.095, 2.4, 440, NULL),
(293, 41, 0.033, 1, 2.4, 30, NULL),
(294, 41, 0.033, 1, 2.4, 30, NULL),
(295, 41, 0.033, 0.103, 3.6, 300, NULL),
(296, 41, 0.019, 1, 3, 22, NULL),
(297, 42, 0.032, 0.082, 2, 264, NULL),
(298, 43, 0.033, 1, 3, 30, NULL),
(299, 43, 0.033, 1, 2.4, 30, NULL),
(300, 43, 0.019, 1, 2.4, 40, NULL),
(301, 43, 0.019, 1, 3, 40, NULL),
(302, 43, 0.033, 0.128, 3.6, 240, NULL),
(303, 43, 0.033, 0.153, 3.6, 210, NULL),
(304, 43, 0.033, 0.178, 3.6, 180, NULL),
(305, 44, 0.033, 0.103, 3.6, 300, NULL),
(306, 44, 0.033, 0.153, 2.4, 210, NULL),
(307, 44, 0.033, 1, 2.4, 29, NULL),
(308, 44, 0.033, 0.128, 2.4, 240, NULL),
(309, 44, 0.033, 0.128, 2.4, 240, NULL),
(310, 44, 0.033, 0.128, 2.4, 240, NULL),
(311, 44, 0.033, 1, 1.8, 30, NULL),
(312, 44, 0.033, 0.178, 2.4, 180, NULL),
(313, 44, 0.019, 0.095, 2.4, 550, NULL),
(314, 45, 0.033, 0.128, 2.4, 240, NULL),
(315, 45, 0.033, 0.128, 2.4, 240, NULL),
(316, 45, 0.033, 0.128, 2.4, 240, NULL),
(317, 45, 0.033, 0.128, 2.4, 240, NULL),
(318, 45, 0.033, 0.128, 2.4, 240, NULL),
(319, 45, 0.033, 0.128, 2.4, 240, NULL),
(320, 45, 0.033, 0.103, 2.4, 300, NULL),
(321, 45, 0.033, 1, 2.4, 30, NULL),
(322, 45, 0.033, 1, 2.4, 30, NULL),
(323, 45, 0.033, 1, 2.4, 30, NULL),
(324, 46, 0.033, 0.128, 2.4, 240, NULL),
(325, 46, 0.033, 0.128, 2.4, 240, NULL),
(326, 46, 0.033, 0.128, 2.4, 240, NULL),
(327, 46, 0.033, 0.128, 2.4, 240, NULL),
(328, 46, 0.033, 0.128, 2.4, 240, NULL),
(329, 46, 0.033, 0.128, 2.4, 240, NULL),
(330, 46, 0.033, 0.178, 2.4, 180, NULL),
(331, 46, 0.033, 0.153, 2.4, 210, NULL),
(332, 46, 0.033, 1, 2.4, 30, NULL),
(333, 46, 0.019, 0.095, 2.4, 440, NULL),
(334, 47, 0.033, 0.178, 3.6, 180, NULL),
(335, 47, 0.033, 0.128, 3.6, 240, NULL),
(336, 47, 0.033, 0.153, 3.6, 210, NULL),
(337, 47, 0.019, 1, 3.6, 40, NULL),
(338, 47, 0.033, 0.153, 2.4, 131, NULL),
(339, 47, 0.033, 0.103, 2.4, 300, NULL),
(340, 47, 0.033, 0.128, 2.4, 213, NULL),
(341, 47, 0.019, 1, 2.4, 18, NULL),
(342, 47, 0.033, 1, 2.4, 20, NULL),
(343, 48, 0.033, 0.153, 3.6, 210, NULL),
(344, 48, 0.033, 0.128, 2.4, 240, NULL),
(345, 48, 0.033, 1, 2.4, 30, NULL),
(346, 48, 0.033, 0.128, 2.4, 240, NULL),
(347, 48, 0.033, 0.128, 2.4, 240, NULL),
(348, 48, 0.033, 1, 1.8, 30, NULL),
(349, 48, 0.019, 1, 3, 40, NULL),
(350, 48, 0.033, 0.128, 2.4, 240, NULL),
(351, 48, 0.033, 1, 2.4, 30, NULL),
(352, 49, 0.032, 0.082, 3, 264, NULL),
(353, 49, 0.032, 0.082, 3, 264, NULL),
(354, 49, 0.032, 0.082, 3, 264, NULL),
(355, 49, 0.032, 0.082, 3, 264, NULL),
(356, 49, 0.032, 0.082, 3, 264, NULL),
(357, 49, 0.032, 0.082, 3, 264, NULL),
(358, 49, 0.032, 0.082, 3, 264, NULL),
(359, 49, 0.032, 0.082, 3, 264, NULL),
(360, 50, 0.033, 0.178, 3.6, 180, NULL),
(361, 50, 0.033, 0.128, 2.4, 240, NULL),
(362, 50, 0.019, 1, 1.8, 40, NULL),
(363, 50, 0.033, 1, 2.4, 30, NULL),
(364, 51, 0.033, 1, 3.6, 21, NULL),
(365, 51, 0.019, 1, 3.6, 4, NULL),
(366, 51, 0.033, 0.153, 3.6, 210, NULL),
(367, 51, 0.033, 0.153, 3.6, 210, NULL),
(368, 51, 0.033, 0.153, 3.6, 210, NULL),
(369, 51, 0.019, 0.095, 1.8, 550, NULL),
(370, 51, 0.033, 0.128, 2.4, 240, NULL),
(371, 51, 0.033, 0.128, 2.4, 240, NULL),
(372, 51, 0.033, 1, 2.4, 30, NULL),
(373, 52, 0.032, 0.082, 3, 264, NULL),
(374, 52, 0.032, 0.082, 3, 264, NULL),
(375, 52, 0.032, 0.082, 3, 264, NULL),
(376, 52, 0.032, 0.082, 3, 264, NULL),
(377, 52, 0.032, 0.082, 3, 264, NULL),
(378, 52, 0.032, 0.082, 3, 264, NULL),
(379, 52, 0.032, 0.082, 3, 264, NULL),
(380, 52, 0.032, 0.082, 3, 264, NULL),
(381, 52, 0.032, 0.082, 3, 264, NULL),
(382, 52, 0.032, 0.082, 3, 264, NULL),
(383, 52, 0.032, 0.082, 3, 264, NULL),
(384, 52, 0.032, 0.082, 3, 264, NULL),
(385, 53, 0.033, 0.153, 3.6, 210, NULL),
(386, 53, 0.033, 0.128, 3.6, 222, NULL),
(387, 53, 0.033, 0.178, 3.6, 28, NULL),
(388, 53, 0.033, 0.153, 3.6, 97, NULL),
(389, 53, 0.033, 0.103, 3.6, 358, NULL),
(390, 53, 0.033, 0.128, 2.4, 240, NULL),
(391, 53, 0.019, 0.095, 2.4, 550, NULL),
(392, 53, 0.033, 1, 2.4, 30, NULL),
(393, 54, 0.033, 1, 2.4, 30, NULL),
(394, 54, 0.033, 0.128, 2.4, 240, NULL),
(395, 54, 0.033, 0.128, 2.4, 240, NULL),
(396, 54, 0.033, 0.128, 2.4, 240, NULL),
(397, 54, 0.033, 1, 2.4, 30, NULL),
(398, 55, 0.032, 0.082, 3, 264, NULL),
(399, 55, 0.032, 0.082, 3, 264, NULL),
(400, 55, 0.032, 0.082, 3, 264, NULL),
(401, 55, 0.032, 0.082, 3, 264, NULL),
(402, 55, 0.032, 0.082, 3, 264, NULL),
(403, 55, 0.032, 0.082, 3, 264, NULL),
(404, 56, 0.033, 0.153, 3.6, 210, NULL),
(405, 56, 0.033, 0.153, 3.6, 210, NULL),
(406, 56, 0.033, 0.153, 3.6, 210, NULL),
(407, 56, 0.033, 0.153, 3.6, 210, NULL),
(408, 56, 0.033, 1, 3.6, 30, NULL),
(409, 56, 0.033, 0.128, 2.4, 240, NULL),
(410, 56, 0.019, 1, 3, 49, NULL),
(411, 57, 0.033, 0.153, 3.6, 210, NULL),
(412, 57, 0.033, 0.153, 3.6, 210, NULL),
(413, 57, 0.033, 0.128, 2.4, 240, NULL),
(414, 57, 0.033, 1, 2.4, 30, NULL),
(415, 58, 0.032, 0.082, 3, 264, NULL),
(416, 58, 0.032, 0.082, 3, 264, NULL),
(417, 58, 0.032, 0.082, 3, 264, NULL),
(418, 58, 0.032, 0.082, 3, 264, NULL),
(419, 58, 0.032, 0.082, 3, 264, NULL),
(420, 58, 0.032, 0.082, 3, 264, NULL),
(421, 59, 0.032, 0.082, 3, 264, NULL),
(422, 59, 0.032, 0.082, 3, 264, NULL),
(423, 59, 0.032, 0.082, 3, 264, NULL),
(424, 59, 0.032, 0.082, 3, 264, NULL),
(425, 59, 0.032, 0.082, 3, 264, NULL),
(426, 59, 0.032, 0.082, 3, 264, NULL),
(427, 59, 0.032, 0.082, 3, 264, NULL),
(428, 59, 0.032, 0.082, 3, 264, NULL),
(429, 59, 0.032, 0.082, 3, 264, NULL),
(430, 59, 0.032, 0.082, 3, 264, NULL),
(431, 59, 0.032, 0.082, 3, 264, NULL),
(432, 59, 0.032, 0.082, 3, 264, NULL),
(433, 59, 0.032, 0.082, 2, 264, NULL),
(434, 60, 0.033, 1, 3, 6, NULL),
(435, 60, 0.019, 1, 3, 21, NULL),
(436, 60, 0.019, 1, 2.4, 49, NULL),
(437, 60, 0.019, 1, 1.8, 25, NULL),
(438, 60, 0.019, 1, 2.4, 24, NULL),
(439, 60, 0.019, 1, 2, 35, NULL),
(440, 60, 0.019, 1, 3.6, 23, NULL),
(441, 60, 0.019, 1, 3, 40, NULL),
(442, 60, 0.033, 0.128, 2.4, 240, NULL),
(443, 60, 0.033, 0.153, 3.6, 210, NULL),
(444, 60, 0.019, 0.095, 2.4, 550, NULL),
(445, 61, 0.033, 0.153, 3.6, 210, NULL),
(446, 61, 0.033, 0.153, 3.6, 210, NULL),
(447, 61, 0.033, 0.153, 3.6, 210, NULL),
(448, 61, 0.033, 0.153, 3.6, 210, NULL),
(449, 61, 0.033, 0.153, 3.6, 210, NULL),
(450, 61, 0.033, 0.128, 2.4, 240, NULL),
(451, 61, 0.033, 1, 3.6, 30, NULL),
(452, 62, 0.033, 0.128, 2.4, 240, NULL),
(453, 62, 0.033, 0.128, 2.4, 240, NULL),
(454, 62, 0.033, 0.128, 2.4, 240, NULL),
(455, 62, 0.033, 0.128, 2.4, 240, NULL),
(456, 62, 0.033, 0.128, 2.4, 240, NULL),
(457, 62, 0.033, 1, 3.6, 30, NULL),
(458, 62, 0.033, 1, 2.4, 30, NULL),
(459, 62, 0.033, 0.153, 3.6, 210, NULL),
(460, 63, 0.032, 0.082, 3, 264, NULL),
(461, 63, 0.032, 0.082, 3, 264, NULL),
(462, 63, 0.032, 0.082, 3, 264, NULL),
(463, 63, 0.032, 0.082, 3, 264, NULL),
(464, 63, 0.032, 0.082, 3, 264, NULL),
(465, 63, 0.032, 0.082, 3, 264, NULL),
(466, 63, 0.032, 0.082, 3, 264, NULL),
(467, 63, 0.032, 0.082, 3, 264, NULL),
(468, 63, 0.032, 0.082, 3, 264, NULL),
(469, 63, 0.032, 0.082, 3, 264, NULL),
(470, 63, 0.032, 0.082, 3, 264, NULL),
(471, 63, 0.032, 0.082, 3, 264, NULL),
(472, 64, 0.032, 0.082, 3, 264, NULL),
(473, 64, 0.032, 0.082, 3, 264, NULL),
(474, 64, 0.032, 0.082, 3, 264, NULL),
(475, 64, 0.032, 0.082, 3, 264, NULL),
(476, 64, 0.032, 0.082, 3, 264, NULL),
(477, 64, 0.032, 0.082, 3, 264, NULL),
(478, 64, 0.032, 0.082, 3, 264, NULL),
(479, 64, 0.032, 0.082, 3, 264, NULL),
(480, 64, 0.032, 0.082, 3, 264, NULL),
(481, 64, 0.032, 0.082, 3, 264, NULL),
(482, 64, 0.032, 0.082, 3, 264, NULL),
(483, 64, 0.032, 0.082, 3, 264, NULL),
(484, 65, 0.033, 0.128, 2.4, 240, NULL),
(485, 65, 0.033, 0.128, 2.4, 240, NULL),
(486, 65, 0.033, 0.128, 2.4, 240, NULL),
(487, 65, 0.033, 0.128, 2.4, 240, NULL),
(488, 65, 0.033, 0.128, 2.4, 240, NULL),
(489, 65, 0.033, 1, 3, 30, NULL),
(490, 65, 0.033, 1, 3, 30, NULL),
(491, 65, 0.033, 1, 3, 30, NULL),
(492, 65, 0.033, 0.153, 3.6, 210, NULL),
(493, 65, 0.033, 1, 3.6, 10, NULL),
(494, 65, 0.019, 1, 3.6, 8, NULL),
(495, 66, 0.033, 0.128, 2.4, 240, NULL),
(496, 66, 0.033, 0.128, 2.4, 240, NULL),
(497, 66, 0.033, 0.128, 2.4, 240, NULL),
(498, 66, 0.033, 0.128, 2.4, 240, NULL),
(499, 66, 0.033, 0.128, 2.4, 240, NULL),
(500, 66, 0.033, 1, 2.4, 30, NULL),
(501, 66, 0.033, 1, 2.4, 30, NULL),
(502, 66, 0.033, 1, 3.6, 40, NULL),
(503, 66, 0.019, 1, 3.6, 40, NULL),
(504, 67, 0.033, 0.128, 2.4, 240, NULL),
(505, 67, 0.033, 0.128, 2.4, 240, NULL),
(506, 67, 0.033, 0.128, 2.4, 240, NULL),
(507, 67, 0.033, 0.153, 3.6, 210, NULL),
(508, 67, 0.033, 0.153, 3.6, 210, NULL),
(509, 67, 0.033, 0.153, 3.6, 210, NULL),
(510, 67, 0.033, 1, 3.6, 30, NULL),
(511, 67, 0.033, 1, 2.4, 30, NULL),
(512, 68, 0.028, 0.078, 3, 288, NULL),
(513, 68, 0.028, 0.078, 3, 288, NULL),
(514, 68, 0.028, 0.078, 3, 288, NULL),
(515, 68, 0.028, 0.078, 3, 288, NULL),
(516, 68, 0.032, 0.082, 3, 264, NULL),
(517, 68, 0.032, 0.082, 3, 264, NULL),
(518, 68, 0.032, 0.082, 3, 264, NULL),
(519, 68, 0.032, 0.082, 3, 264, NULL),
(520, 68, 0.032, 0.082, 3, 264, NULL),
(521, 68, 0.032, 0.082, 3, 264, NULL),
(522, 68, 0.032, 0.082, 3, 264, NULL),
(523, 68, 0.032, 0.082, 3, 264, NULL),
(524, 69, 0.032, 0.128, 3.6, 1584, NULL),
(525, 69, 0.032, 0.128, 2.4, 1430, NULL),
(526, 69, 0.021, 1, 3.6, 31, NULL),
(527, 69, 0.021, 1, 2.4, 30, NULL),
(528, 70, 0.033, 0.128, 2.4, 240, NULL),
(529, 70, 0.033, 0.128, 2.4, 240, NULL),
(530, 70, 0.033, 0.153, 3.6, 210, NULL),
(531, 70, 0.033, 0.153, 3.6, 210, NULL),
(532, 70, 0.033, 0.153, 3.6, 210, NULL),
(533, 70, 0.019, 1, 3.6, 8, NULL),
(534, 70, 0.033, 1, 3.6, 30, NULL),
(535, 70, 0.019, 0.095, 2.4, 990, NULL),
(536, 71, 0.033, 0.153, 3.6, 210, NULL),
(537, 71, 0.033, 0.153, 3.6, 210, NULL),
(538, 71, 0.033, 0.128, 2.4, 240, NULL),
(539, 71, 0.033, 0.128, 2.4, 240, NULL),
(540, 71, 0.033, 0.128, 2.4, 240, NULL),
(541, 71, 0.033, 0.128, 2.4, 240, NULL),
(542, 71, 0.033, 0.128, 2.4, 240, NULL),
(543, 71, 0.033, 1, 2.4, 30, NULL),
(544, 71, 0.033, 1, 2.4, 30, NULL),
(545, 72, 0.033, 1, 3, 76, NULL),
(546, 72, 0.033, 0.128, 2.4, 240, NULL),
(547, 72, 0.033, 0.128, 2.4, 240, NULL),
(548, 72, 0.033, 0.128, 2.4, 240, NULL),
(549, 72, 0.033, 1, 2.4, 30, NULL),
(550, 72, 0.033, 1, 2.4, 30, NULL),
(551, 72, 0.019, 1, 3, 25, NULL),
(552, 72, 0.033, 1, 1.8, 30, NULL),
(553, 73, 0.018, 0.095, 2.4, 550, NULL),
(554, 73, 0.032, 0.153, 3.6, 210, NULL),
(555, 73, 0.032, 0.153, 3.6, 210, NULL),
(556, 73, 0.032, 0.153, 3.6, 210, NULL),
(557, 73, 0.032, 0.128, 2.4, 240, NULL),
(558, 73, 0.032, 0.128, 2.4, 240, NULL),
(559, 73, 0.032, 1, 2.4, 30, NULL),
(560, 73, 0.032, 1, 3.6, 37, NULL),
(561, 73, 0.018, 1, 3.6, 8, NULL),
(562, 74, 0.032, 0.153, 3.6, 210, NULL),
(563, 74, 0.032, 0.153, 3.6, 210, NULL),
(564, 74, 0.032, 0.153, 3.6, 210, NULL),
(565, 74, 0.032, 0.153, 3.6, 210, NULL),
(566, 74, 0.032, 0.153, 3.6, 210, NULL),
(567, 74, 0.018, 1, 3, 40, NULL),
(568, 74, 0.032, 1, 2.4, 6, NULL),
(569, 74, 0.032, 1, 1.8, 19, NULL),
(570, 75, 0.032, 1, 3.6, 30, NULL),
(571, 75, 0.032, 1, 3.6, 30, NULL),
(572, 75, 0.032, 1, 2, 30, NULL),
(573, 75, 0.033, 1, 2.4, 30, NULL),
(574, 75, 0.032, 0.128, 2.4, 240, NULL),
(575, 75, 0.032, 0.153, 3.6, 210, NULL),
(576, 76, 0.028, 0.078, 3, 300, NULL),
(577, 76, 0.032, 0.082, 2, 264, NULL),
(578, 76, 0.032, 0.082, 2, 264, NULL),
(579, 77, 0.028, 0.078, 3, 300, NULL),
(580, 77, 0.028, 0.078, 3, 300, NULL),
(581, 77, 0.028, 0.078, 3, 300, NULL),
(582, 77, 0.028, 0.078, 3, 300, NULL),
(583, 77, 0.032, 0.082, 3, 264, NULL),
(584, 77, 0.032, 0.082, 3, 264, NULL),
(585, 77, 0.032, 0.082, 3, 264, NULL),
(586, 77, 0.032, 0.082, 3, 264, NULL),
(587, 78, 0.032, 0.103, 3.6, 600, NULL),
(588, 78, 0.032, 0.153, 3.6, 840, NULL),
(589, 78, 0.032, 0.103, 2.4, 300, NULL),
(590, 78, 0.032, 0.153, 2.4, 1400, NULL),
(595, 79, 0.028, 0.078, 3, 300, NULL),
(596, 79, 0.028, 0.078, 3, 300, NULL),
(597, 79, 0.028, 0.078, 3, 300, NULL),
(598, 79, 0.028, 0.078, 3, 300, NULL),
(599, 79, 0.028, 0.078, 3, 300, NULL),
(600, 79, 0.028, 0.078, 3, 300, NULL),
(601, 79, 0.028, 0.078, 3, 300, NULL),
(602, 79, 0.028, 0.078, 3, 300, NULL),
(603, 79, 0.028, 0.078, 3, 288, NULL),
(604, 79, 0.028, 0.078, 3, 288, NULL),
(605, 79, 0.032, 0.082, 3, 264, NULL),
(606, 79, 0.032, 0.082, 3, 264, NULL),
(607, 80, 0.032, 0.153, 3.6, 210, NULL),
(608, 80, 0.032, 0.153, 3.6, 210, NULL),
(609, 80, 0.032, 0.153, 3.6, 210, NULL),
(610, 80, 0.032, 0.153, 3.6, 210, NULL),
(611, 80, 0.032, 1, 3.6, 30, NULL),
(612, 80, 0.032, 1, 3.6, 30, NULL),
(613, 80, 0.032, 0.128, 2.4, 240, NULL),
(614, 80, 0.018, 1, 3.6, 9, NULL),
(615, 80, 0.032, 1, 3.6, 2, NULL),
(616, 81, 0.032, 0.153, 3.6, 210, NULL),
(617, 81, 0.032, 0.153, 3.6, 210, NULL),
(618, 81, 0.032, 0.153, 3.6, 210, NULL),
(619, 81, 0.018, 1, 3, 40, NULL),
(620, 81, 0.018, 1, 3, 40, NULL),
(621, 81, 0.032, 0.128, 2.4, 240, NULL),
(622, 81, 0.032, 0.128, 2.4, 240, NULL),
(623, 81, 0.032, 1, 2.4, 30, NULL),
(624, 82, 0.028, 0.078, 3, 300, NULL),
(625, 82, 0.028, 0.078, 3, 300, NULL),
(626, 82, 0.028, 0.078, 3, 300, NULL),
(627, 82, 0.028, 0.078, 3, 300, NULL),
(628, 82, 0.028, 0.078, 3, 300, NULL),
(629, 82, 0.028, 0.078, 3, 300, NULL),
(630, 82, 0.028, 0.078, 3, 300, NULL),
(631, 82, 0.028, 0.078, 3, 300, NULL),
(632, 82, 0.028, 0.078, 3, 300, NULL),
(633, 82, 0.028, 0.078, 3, 300, NULL),
(634, 82, 0.028, 0.078, 3, 300, NULL),
(635, 82, 0.028, 0.078, 3, 300, NULL),
(636, 83, 0.032, 0.103, 3.6, 1000, NULL),
(637, 83, 0.032, 0.103, 2.4, 600, NULL),
(638, 83, 0.032, 0.08, 2.4, 360, NULL),
(639, 83, 0.018, 0.08, 2.4, 200, NULL),
(640, 83, 0.032, 0.128, 2.4, 960, NULL),
(641, 83, 0.032, 0.128, 3.6, 800, NULL),
(642, 84, 0.032, 0.103, 3.6, 800, NULL),
(643, 84, 0.032, 0.128, 3.6, 640, NULL),
(644, 84, 0.032, 1, 3.6, 21, NULL),
(645, 84, 0.032, 0.08, 3.6, 144, NULL),
(646, 84, 0.018, 0.08, 3.6, 240, NULL),
(647, 84, 0.032, 0.128, 2.4, 640, NULL),
(648, 84, 0.018, 0.128, 2.4, 240, NULL),
(649, 84, 0.018, 0.08, 2.4, 360, NULL),
(650, 84, 0.018, 0.9, 2.4, 25, NULL),
(651, 84, 0.032, 0.103, 2.4, 700, NULL),
(652, 84, 0.032, 1, 2.4, 20, NULL),
(653, 85, 0.032, 0.128, 3.6, 213, NULL),
(654, 85, 0.032, 0.103, 3.6, 800, NULL),
(655, 85, 0.032, 0.153, 3.6, 660, NULL),
(656, 85, 0.032, 0.103, 2.4, 1415, NULL),
(657, 85, 0.032, 1, 2.4, 20, NULL),
(658, 85, 0.018, 1, 2.4, 60, NULL),
(659, 86, 0.018, 0.095, 2.4, 550, NULL),
(660, 86, 0.018, 0.095, 3, 440, NULL),
(661, 86, 0.032, 0.128, 2.4, 240, NULL),
(662, 86, 0.032, 0.128, 2.4, 240, NULL),
(663, 86, 0.032, 1, 2.4, 30, NULL),
(664, 86, 0.032, 1, 3.6, 30, NULL),
(665, 86, 0.028, 1, 3, 30, NULL),
(666, 86, 0.018, 0.095, 3.6, 440, NULL),
(667, 87, 0.028, 0.078, 3, 300, NULL),
(668, 87, 0.028, 0.078, 3, 300, NULL),
(669, 87, 0.028, 0.078, 3, 300, NULL),
(670, 87, 0.028, 0.078, 3, 300, NULL),
(671, 87, 0.028, 0.078, 3, 300, NULL),
(672, 87, 0.028, 0.078, 3, 300, NULL),
(673, 87, 0.028, 0.078, 3, 300, NULL),
(674, 87, 0.028, 0.078, 3, 300, NULL),
(675, 87, 0.028, 0.078, 3, 300, NULL),
(676, 87, 0.028, 0.078, 3, 300, NULL),
(677, 87, 0.028, 0.078, 3, 300, NULL),
(678, 87, 0.028, 0.078, 3, 300, NULL),
(679, 88, 0.028, 0.078, 3, 300, NULL),
(680, 88, 0.028, 0.078, 3, 300, NULL),
(681, 88, 0.028, 0.078, 3, 300, NULL),
(682, 88, 0.028, 0.078, 3, 300, NULL),
(683, 88, 0.028, 0.078, 3, 300, NULL),
(684, 88, 0.028, 0.078, 3, 300, NULL),
(685, 88, 0.028, 0.078, 3, 300, NULL),
(686, 88, 0.028, 0.078, 3, 300, NULL),
(687, 88, 0.028, 0.078, 3, 300, NULL),
(688, 88, 0.028, 0.078, 3, 300, NULL),
(689, 88, 0.032, 0.082, 2, 264, NULL),
(690, 88, 0.032, 0.082, 2, 264, NULL),
(691, 88, 0.032, 0.082, 3, 264, NULL),
(692, 89, 0.028, 1, 3, 30, NULL),
(693, 89, 0.032, 0.153, 3.6, 210, NULL),
(694, 89, 0.032, 0.153, 3.6, 210, NULL),
(695, 89, 0.032, 0.153, 3.6, 210, NULL),
(696, 89, 0.032, 1, 2.4, 30, NULL),
(697, 89, 0.032, 0.128, 2.4, 240, NULL),
(698, 89, 0.032, 0.128, 2.4, 240, NULL),
(699, 89, 0.032, 0.128, 2.4, 240, NULL),
(700, 89, 0.018, 1, 3.6, 6.5, NULL),
(701, 90, 0.032, 1, 3.6, 30, NULL),
(702, 90, 0.032, 1, 3.6, 30, NULL),
(703, 90, 0.032, 0.153, 3.6, 210, NULL),
(704, 90, 0.032, 0.153, 3.6, 210, NULL),
(705, 90, 0.032, 0.153, 3.6, 210, NULL),
(706, 90, 0.032, 0.153, 3.6, 210, NULL),
(707, 90, 0.032, 0.128, 2.4, 240, NULL),
(708, 91, 0.028, 0.078, 3, 300, NULL),
(709, 91, 0.028, 0.078, 3, 300, NULL),
(710, 91, 0.028, 0.078, 3, 300, NULL),
(711, 91, 0.028, 0.078, 3, 300, NULL),
(712, 91, 0.028, 0.078, 3, 300, NULL),
(713, 91, 0.028, 0.078, 3, 300, NULL),
(714, 91, 0.028, 0.078, 3, 300, NULL),
(715, 91, 0.028, 0.078, 3, 300, NULL),
(716, 91, 0.028, 0.078, 3, 300, NULL),
(717, 91, 0.028, 0.078, 3, 300, NULL),
(718, 91, 0.028, 0.078, 3, 300, NULL),
(719, 91, 0.028, 0.078, 3, 300, NULL),
(720, 92, 0.032, 1, 2.4, 30, NULL),
(721, 92, 0.028, 1, 3, 30, NULL),
(722, 92, 0.018, 0.095, 3.6, 550, NULL),
(723, 92, 0.032, 0.128, 2.4, 240, NULL),
(724, 92, 0.028, 1, 3, 30, NULL),
(725, 92, 0.018, 1, 3, 40, NULL),
(726, 92, 0.032, 0.128, 2.4, 240, NULL),
(727, 92, 0.032, 0.153, 3.6, 210, NULL),
(728, 93, 0.032, 1, 2.4, 30, NULL),
(729, 93, 0.032, 0.128, 2.4, 240, NULL),
(730, 93, 0.032, 0.128, 2.4, 240, NULL),
(731, 93, 0.032, 0.128, 2.4, 240, NULL),
(732, 93, 0.032, 0.128, 2.4, 240, NULL),
(733, 93, 0.032, 0.128, 2.4, 240, NULL),
(734, 93, 0.032, 1, 2, 30, NULL),
(735, 93, 0.032, 1, 3.6, 30, NULL),
(736, 93, 0.032, 1, 2.4, 30, NULL),
(737, 94, 0.028, 0.078, 3, 300, NULL),
(738, 94, 0.028, 0.078, 3, 300, NULL),
(739, 94, 0.028, 0.078, 3, 300, NULL),
(740, 94, 0.028, 0.078, 3, 300, NULL),
(741, 94, 0.028, 0.078, 3, 300, NULL),
(742, 94, 0.028, 0.078, 3, 300, NULL),
(743, 94, 0.028, 0.078, 3, 300, NULL),
(744, 94, 0.028, 0.078, 3, 300, NULL),
(745, 94, 0.028, 0.078, 3, 300, NULL),
(746, 94, 0.028, 0.078, 3, 300, NULL),
(747, 94, 0.028, 0.078, 3, 300, NULL),
(748, 94, 0.028, 0.078, 3, 300, NULL),
(749, 94, 0.028, 0.078, 2, 300, NULL),
(750, 95, 0.032, 0.153, 3.6, 210, NULL),
(751, 95, 0.032, 0.153, 3.6, 210, NULL),
(752, 95, 0.032, 0.153, 3.6, 210, NULL),
(753, 95, 0.032, 0.153, 3.6, 210, NULL),
(754, 95, 0.028, 1, 3, 30, NULL),
(755, 95, 0.032, 1, 3.6, 13, NULL),
(756, 95, 0.018, 1, 3.6, 2, NULL),
(757, 95, 0.032, 1, 2.4, 30, NULL),
(758, 96, 0.032, 0.153, 3.6, 210, NULL),
(759, 96, 0.032, 0.153, 3.6, 210, NULL),
(760, 96, 0.032, 0.128, 2.4, 240, NULL),
(761, 96, 0.032, 0.128, 2.4, 240, NULL),
(762, 96, 0.032, 1, 3, 30, NULL),
(763, 96, 0.018, 1, 2.4, 40, NULL),
(764, 97, 0.028, 0.078, 3, 300, NULL),
(765, 97, 0.028, 0.078, 3, 300, NULL),
(766, 97, 0.028, 0.078, 3, 300, NULL),
(767, 97, 0.028, 0.078, 3, 300, NULL),
(768, 98, 0.028, 0.078, 3, 300, NULL),
(769, 98, 0.028, 0.078, 3, 300, NULL),
(770, 98, 0.028, 0.078, 3, 300, NULL),
(771, 98, 0.028, 0.078, 3, 300, NULL),
(772, 98, 0.028, 0.078, 3, 300, NULL),
(773, 98, 0.028, 0.078, 3, 300, NULL),
(774, 98, 0.028, 0.078, 3, 300, NULL),
(775, 98, 0.028, 0.078, 3, 300, NULL),
(776, 99, 0.032, 1, 3.6, 30, NULL),
(777, 99, 0.032, 0.128, 2.4, 240, NULL),
(778, 99, 0.032, 0.128, 2.4, 240, NULL),
(779, 99, 0.032, 1, 2.4, 30, NULL),
(780, 100, 0.018, 1, 3, 40, NULL),
(781, 100, 0.032, 0.128, 2.4, 240, NULL),
(782, 100, 0.032, 0.128, 2.4, 240, NULL),
(783, 100, 0.032, 1, 2, 30, NULL),
(784, 100, 0.032, 1, 1.8, 29.5, NULL),
(785, 101, 0.028, 0.078, 3, 300, NULL),
(786, 101, 0.028, 0.078, 3, 300, NULL),
(787, 101, 0.028, 0.078, 3, 300, NULL),
(788, 101, 0.028, 0.078, 3, 300, NULL),
(789, 101, 0.028, 0.078, 3, 300, NULL),
(790, 101, 0.028, 0.078, 3, 300, NULL),
(791, 101, 0.028, 0.078, 3, 300, NULL),
(792, 101, 0.028, 0.078, 3, 300, NULL),
(793, 102, 0.032, 0.153, 3.6, 210, NULL),
(794, 102, 0.032, 0.153, 3.6, 210, NULL),
(795, 102, 0.032, 0.153, 3.6, 210, NULL),
(796, 102, 0.032, 0.153, 3.6, 210, NULL),
(797, 102, 0.032, 0.128, 2.4, 240, NULL),
(798, 102, 0.032, 0.128, 2.4, 240, NULL),
(799, 102, 0.032, 0.128, 2.4, 240, NULL),
(800, 102, 0.032, 1, 2.4, 30, NULL),
(801, 103, 0.032, 1, 3.6, 30, NULL),
(802, 103, 0.032, 1, 3.6, 30, NULL),
(803, 103, 0.032, 0.153, 3.6, 210, NULL),
(804, 103, 0.032, 0.153, 3.6, 210, NULL),
(805, 103, 0.032, 0.153, 3.6, 210, NULL),
(806, 103, 0.028, 1, 3, 30, NULL),
(807, 103, 0.032, 0.128, 2.4, 240, NULL),
(808, 104, 0.028, 0.078, 3, 300, NULL),
(809, 104, 0.028, 0.078, 3, 300, NULL),
(810, 104, 0.028, 0.078, 3, 300, NULL),
(811, 104, 0.028, 0.078, 3, 300, NULL),
(812, 104, 0.028, 0.078, 3, 300, NULL),
(813, 104, 0.028, 0.078, 3, 300, NULL),
(814, 104, 0.028, 0.078, 3, 300, NULL),
(815, 104, 0.028, 0.078, 3, 300, NULL),
(816, 104, 0.028, 0.078, 3, 300, NULL),
(817, 104, 0.028, 0.078, 3, 300, NULL),
(818, 104, 0.028, 0.078, 3, 300, NULL),
(819, 104, 0.028, 0.078, 3, 300, NULL),
(820, 104, 0.028, 0.078, 2, 300, NULL),
(821, 105, 0.018, 1, 3, 40, NULL),
(822, 105, 0.032, 0.153, 3.6, 210, NULL),
(823, 105, 0.032, 0.128, 2.4, 240, NULL),
(824, 105, 0.032, 0.128, 2.4, 240, NULL),
(825, 105, 0.032, 0.128, 2.4, 240, NULL),
(826, 105, 0.018, 0.095, 3.6, 550, NULL),
(827, 105, 0.028, 1, 3, 30, NULL),
(828, 105, 0.032, 1, 2.4, 30, NULL),
(829, 106, 0.032, 0.128, 2.4, 240, NULL),
(830, 106, 0.032, 0.128, 2.4, 240, NULL),
(831, 106, 0.032, 0.128, 2.4, 240, NULL),
(832, 106, 0.032, 1, 2.4, 30, NULL),
(833, 107, 0.028, 0.078, 3, 300, NULL),
(834, 107, 0.028, 0.078, 3, 300, NULL),
(835, 107, 0.028, 0.078, 3, 300, NULL),
(836, 107, 0.028, 0.078, 3, 300, NULL),
(837, 107, 0.028, 0.078, 3, 300, NULL),
(838, 107, 0.028, 0.078, 3, 300, NULL),
(839, 107, 0.028, 0.078, 3, 300, NULL),
(840, 107, 0.028, 0.078, 3, 300, NULL),
(841, 108, 0.032, 0.153, 3.6, 210, NULL),
(842, 108, 0.032, 0.153, 3.6, 210, NULL),
(843, 108, 0.032, 0.153, 3.6, 210, NULL),
(844, 108, 0.032, 1, 3.6, 30, NULL),
(845, 108, 0.032, 0.128, 2.4, 240, NULL),
(846, 108, 0.032, 0.128, 2.4, 240, NULL),
(847, 108, 0.032, 0.128, 2.4, 240, NULL),
(848, 108, 0.032, 0.128, 2.4, 240, NULL),
(849, 109, 0.028, 1, 3, 30, NULL),
(850, 109, 0.018, 1, 3, 40, NULL),
(851, 109, 0.032, 0.153, 3.6, 210, NULL),
(852, 109, 0.032, 0.153, 3.6, 210, NULL),
(853, 109, 0.032, 0.153, 3.6, 210, NULL),
(854, 109, 0.032, 1, 3.6, 30, NULL),
(855, 109, 0.032, 0.128, 2.4, 240, NULL),
(856, 110, 0.028, 0.078, 3, 300, NULL),
(857, 110, 0.028, 0.078, 3, 300, NULL),
(858, 110, 0.028, 0.078, 3, 300, NULL),
(859, 110, 0.028, 0.078, 3, 300, NULL),
(860, 110, 0.028, 0.078, 3, 300, NULL),
(861, 110, 0.028, 0.078, 3, 300, NULL),
(862, 110, 0.028, 0.078, 3, 300, NULL),
(863, 110, 0.028, 0.078, 3, 300, NULL),
(864, 110, 0.028, 0.078, 3, 300, NULL),
(865, 110, 0.028, 0.078, 3, 300, NULL),
(866, 110, 0.028, 0.078, 3, 300, NULL),
(867, 110, 0.028, 0.078, 3, 300, NULL),
(868, 111, 0.032, 0.128, 3.6, 240, NULL),
(869, 111, 0.032, 1, 3.6, 30, NULL),
(870, 111, 0.032, 1, 2.4, 10, NULL),
(871, 111, 0.032, 0.128, 2.4, 420, NULL),
(872, 112, 0.028, 0.078, 3, 300, NULL),
(873, 112, 0.028, 0.078, 3, 300, NULL),
(874, 112, 0.028, 0.078, 3, 300, NULL),
(875, 112, 0.028, 0.078, 3, 300, NULL),
(876, 112, 0.028, 0.078, 3, 300, NULL),
(877, 112, 0.028, 0.078, 3, 300, NULL),
(878, 112, 0.028, 0.078, 3, 300, NULL),
(879, 112, 0.028, 0.078, 3, 300, NULL),
(880, 113, 0.028, 0.078, 3, 300, NULL),
(881, 113, 0.028, 0.078, 3, 300, NULL),
(882, 113, 0.028, 0.078, 3, 300, NULL),
(883, 113, 0.028, 0.078, 3, 300, NULL),
(884, 114, 0.032, 0.153, 3.6, 210, NULL),
(885, 114, 0.032, 0.128, 2.4, 240, NULL),
(886, 114, 0.018, 0.095, 1.8, 550, NULL),
(887, 114, 0.018, 0.095, 3, 550, NULL),
(888, 114, 0.032, 1, 2.4, 30, NULL),
(889, 114, 0.032, 0.128, 3.6, 240, NULL),
(890, 115, 0.032, 0.153, 3.6, 210, NULL),
(891, 115, 0.032, 0.153, 3.6, 210, NULL),
(892, 115, 0.032, 0.153, 3.6, 210, NULL),
(893, 115, 0.032, 0.128, 3.6, 240, NULL),
(894, 115, 0.028, 1, 3, 30, NULL),
(895, 115, 0.028, 1, 3, 30, NULL),
(896, 116, 0.032, 0.103, 3.6, 800, NULL),
(897, 116, 0.032, 0.128, 3.6, 480, NULL),
(898, 116, 0.032, 1, 3.6, 18, NULL),
(899, 116, 0.018, 1, 3.6, 40, NULL),
(900, 116, 0.032, 0.103, 2.4, 1200, NULL),
(901, 116, 0.032, 0.128, 2.4, 600, NULL),
(909, 117, 0.032, 0.128, 3.6, 960, NULL),
(910, 117, 0.032, 0.103, 3.6, 450, NULL),
(911, 117, 0.018, 0.103, 3.6, 200, NULL),
(912, 117, 0.032, 0.128, 2.4, 1080, NULL),
(913, 117, 0.018, 0.08, 2.4, 240, NULL),
(914, 117, 0.032, 0.08, 2.4, 480, NULL),
(915, 117, 0.032, 0.103, 2.4, 300, NULL),
(916, 118, 0.032, 0.153, 3.6, 210, NULL),
(917, 118, 0.032, 0.153, 3.6, 210, NULL),
(918, 118, 0.032, 1, 3.6, 30, NULL),
(919, 118, 0.032, 1, 3.6, 30, NULL),
(920, 118, 0.018, 0.095, 2.4, 550, NULL),
(921, 118, 0.018, 1, 3, 40, NULL),
(922, 118, 0.032, 0.128, 3.6, 240, NULL),
(923, 119, 0.028, 0.078, 3, 300, NULL),
(924, 119, 0.028, 0.078, 3, 300, NULL),
(925, 119, 0.028, 0.078, 3, 300, NULL),
(926, 119, 0.028, 0.078, 3, 300, NULL),
(927, 119, 0.028, 0.078, 3, 300, NULL),
(928, 119, 0.028, 0.078, 3, 300, NULL),
(929, 119, 0.028, 0.078, 3, 300, NULL),
(930, 119, 0.028, 0.078, 3, 300, NULL),
(931, 119, 0.028, 0.078, 3, 300, NULL),
(932, 119, 0.028, 0.078, 3, 300, NULL),
(933, 119, 0.028, 0.078, 3, 300, NULL),
(934, 119, 0.028, 0.078, 3, 300, NULL),
(935, 120, 0.032, 0.153, 3.6, 140, NULL),
(936, 120, 0.032, 0.103, 3.6, 600, NULL),
(937, 120, 0.032, 0.103, 2.4, 750, NULL),
(938, 120, 0.032, 0.128, 2.4, 840, NULL),
(939, 120, 0.032, 0.128, 3.6, 840, NULL),
(940, 121, 0.032, 0.103, 3.6, 1800, NULL),
(941, 121, 0.018, 1, 3.6, 30, NULL),
(942, 121, 0.032, 0.128, 3.6, 600, NULL),
(943, 121, 0.032, 0.128, 2.4, 240, NULL),
(944, 121, 0.032, 0.128, 3, 151, NULL),
(945, 121, 0.032, 0.153, 3, 56, NULL),
(946, 122, 0.028, 0.078, 3, 300, NULL),
(947, 122, 0.028, 0.078, 3, 300, NULL),
(948, 122, 0.028, 0.078, 3, 300, NULL),
(949, 122, 0.028, 0.078, 3, 300, NULL),
(950, 122, 0.028, 0.078, 3, 300, NULL),
(951, 122, 0.028, 0.078, 3, 300, NULL),
(952, 122, 0.028, 0.078, 3, 300, NULL),
(953, 122, 0.028, 0.078, 3, 300, NULL),
(954, 122, 0.028, 0.078, 3, 300, NULL),
(955, 122, 0.028, 0.078, 3, 300, NULL),
(956, 122, 0.028, 0.078, 3, 300, NULL),
(957, 122, 0.028, 0.078, 3, 300, NULL),
(958, 122, 0.028, 0.078, 2, 300, NULL),
(959, 123, 0.028, 0.078, 3, 300, NULL),
(960, 123, 0.028, 0.078, 3, 300, NULL),
(961, 123, 0.028, 0.078, 3, 300, NULL),
(962, 123, 0.028, 0.078, 3, 300, NULL),
(963, 124, 0.032, 0.128, 3.6, 240, NULL),
(964, 124, 0.032, 0.128, 3.6, 240, NULL),
(965, 124, 0.032, 0.128, 3.6, 240, NULL),
(966, 124, 0.028, 1, 3, 30, NULL),
(967, 124, 0.032, 0.9, 1.8, 30, NULL),
(968, 124, 0.032, 0.9, 2, 32, NULL),
(969, 125, 0.032, 0.153, 3.6, 210, NULL),
(970, 125, 0.032, 0.153, 3.6, 210, NULL),
(971, 125, 0.032, 0.153, 3.6, 210, NULL),
(972, 125, 0.032, 0.153, 3.6, 210, NULL),
(973, 125, 0.032, 0.153, 3.6, 210, NULL),
(974, 125, 0.032, 1, 3.6, 30, NULL),
(975, 125, 0.032, 1, 1.8, 22.5, NULL),
(976, 126, 0.028, 0.078, 3, 300, NULL),
(977, 126, 0.028, 0.078, 3, 300, NULL),
(978, 126, 0.028, 0.078, 3, 300, NULL),
(979, 126, 0.028, 0.078, 3, 300, NULL),
(980, 126, 0.028, 0.078, 3, 300, NULL),
(981, 126, 0.028, 0.078, 3, 300, NULL),
(982, 126, 0.028, 0.078, 3, 300, NULL),
(983, 126, 0.028, 0.078, 3, 300, NULL),
(984, 127, 0.032, 0.153, 3.6, 210, NULL),
(985, 127, 0.032, 0.153, 3.6, 210, NULL),
(986, 128, 0.032, 0.128, 3.6, 1440, NULL),
(987, 128, 0.032, 0.128, 2.4, 1440, NULL),
(988, 129, 0.032, 0.153, 3.6, 210, NULL),
(989, 129, 0.032, 0.153, 3.6, 210, NULL),
(990, 129, 0.032, 0.153, 3.6, 210, NULL),
(991, 129, 0.032, 0.153, 3.6, 210, NULL),
(992, 129, 0.018, 1, 3, 40, NULL),
(993, 129, 0.018, 0.095, 3.6, 550, NULL),
(994, 130, 0.028, 1, 3, 30, NULL),
(995, 130, 0.018, 1, 3, 40, NULL),
(996, 130, 0.032, 1, 3.6, 30, NULL),
(997, 130, 0.018, 0.095, 1.8, 440, NULL),
(998, 130, 0.018, 0.095, 3, 440, NULL),
(999, 130, 0.032, 0.153, 3.6, 210, NULL),
(1000, 130, 0.032, 0.153, 3.6, 210, NULL),
(1001, 131, 0.028, 0.078, 3, 300, NULL),
(1002, 131, 0.028, 0.078, 3, 300, NULL),
(1003, 131, 0.028, 0.078, 3, 300, NULL),
(1004, 131, 0.028, 0.078, 3, 300, NULL),
(1005, 131, 0.028, 0.078, 3, 300, NULL),
(1006, 131, 0.028, 0.078, 3, 300, NULL),
(1007, 131, 0.028, 0.078, 3, 300, NULL),
(1008, 131, 0.028, 0.078, 3, 300, NULL),
(1009, 131, 0.028, 0.078, 3, 300, NULL),
(1010, 131, 0.028, 0.078, 3, 300, NULL),
(1011, 131, 0.028, 0.078, 3, 300, NULL),
(1012, 131, 0.028, 0.078, 3, 300, NULL),
(1013, 132, 0.032, 0.103, 2.4, 1650, NULL),
(1014, 132, 0.018, 0.08, 2.4, 240, NULL),
(1015, 132, 0.018, 0.103, 2.4, 180, NULL),
(1016, 132, 0.032, 0.08, 2.4, 150, NULL),
(1017, 132, 0.032, 1.1, 2.4, 35, NULL),
(1018, 132, 0.032, 1.2, 3.6, 15, NULL),
(1019, 132, 0.032, 0.103, 3.6, 1200, NULL),
(1020, 133, 0.032, 0.08, 2.4, 286, NULL),
(1021, 133, 0.018, 0.08, 2.4, 120, NULL),
(1022, 133, 0.032, 0.08, 1.8, 564, NULL),
(1023, 133, 0.018, 0.103, 3.6, 400, NULL),
(1024, 133, 0.032, 0.08, 3.6, 180, NULL),
(1025, 133, 0.018, 0.08, 3.6, 226, NULL),
(1026, 133, 0.032, 0.128, 3.6, 1376, NULL),
(1027, 133, 0.032, 0.128, 2.4, 600, NULL),
(1028, 134, 0.032, 0.103, 3.6, 750, NULL),
(1029, 134, 0.032, 0.103, 2.4, 600, NULL),
(1030, 134, 0.032, 0.128, 3.6, 840, NULL),
(1031, 134, 0.032, 0.128, 2.4, 960, NULL),
(1032, 135, 0.032, 0.128, 3.6, 1568, NULL),
(1033, 135, 0.032, 0.128, 2.4, 1440, NULL),
(1034, 135, 0.032, 1, 3.6, 15, NULL),
(1035, 135, 0.018, 1, 3.6, 20, NULL),
(1036, 136, 0.032, 0.153, 3.6, 210, NULL),
(1037, 136, 0.032, 0.153, 3.6, 210, NULL),
(1038, 136, 0.032, 0.153, 3.6, 210, NULL),
(1039, 136, 0.032, 0.153, 3.6, 210, NULL),
(1040, 136, 0.032, 0.153, 3.6, 210, NULL),
(1041, 136, 0.032, 1, 3.6, 30, NULL),
(1042, 136, 0.032, 1, 2.4, 30, NULL),
(1043, 137, 0.032, 1, 3.6, 30, NULL),
(1044, 137, 0.032, 0.153, 3.6, 210, NULL),
(1045, 137, 0.032, 0.153, 3.6, 210, NULL),
(1046, 137, 0.032, 0.9, 3.6, 30, NULL),
(1047, 137, 0.032, 1, 3.6, 30, NULL),
(1048, 137, 0.032, 0.128, 2.4, 240, NULL),
(1049, 137, 0.018, 1, 3, 40, NULL),
(1050, 138, 0.028, 0.078, 3, 300, NULL),
(1051, 138, 0.028, 0.078, 3, 300, NULL),
(1052, 138, 0.028, 0.078, 3, 300, NULL),
(1053, 138, 0.028, 0.078, 3, 300, NULL),
(1054, 138, 0.028, 0.078, 3, 300, NULL),
(1055, 138, 0.028, 0.078, 3, 300, NULL),
(1056, 138, 0.028, 0.078, 3, 300, NULL),
(1057, 138, 0.028, 0.078, 3, 300, NULL),
(1058, 138, 0.028, 0.078, 3, 300, NULL),
(1059, 138, 0.028, 0.078, 3, 300, NULL),
(1060, 138, 0.028, 0.078, 3, 300, NULL),
(1061, 138, 0.028, 0.078, 3, 300, NULL),
(1062, 138, 0.028, 0.078, 2, 300, NULL),
(1063, 139, 0.032, 0.153, 3.6, 210, NULL),
(1064, 139, 0.032, 0.153, 3.6, 210, NULL),
(1065, 139, 0.032, 0.128, 3.6, 240, NULL),
(1066, 139, 0.032, 1, 3.6, 30, NULL),
(1067, 139, 0.032, 0.128, 2.4, 240, NULL),
(1068, 139, 0.028, 1, 3, 30, NULL),
(1069, 139, 0.028, 1, 3, 30, NULL),
(1070, 140, 0.028, 0.078, 3, 300, NULL),
(1071, 140, 0.028, 0.078, 3, 300, NULL),
(1072, 140, 0.028, 0.078, 3, 300, NULL),
(1073, 140, 0.028, 0.078, 3, 300, NULL),
(1074, 140, 0.028, 0.078, 3, 300, NULL),
(1075, 140, 0.028, 0.078, 3, 300, NULL),
(1076, 140, 0.028, 0.078, 3, 300, NULL),
(1077, 140, 0.028, 0.078, 3, 300, NULL),
(1078, 140, 0.028, 0.078, 3, 300, NULL),
(1079, 140, 0.028, 0.078, 3, 300, NULL),
(1080, 140, 0.028, 0.078, 3, 300, NULL),
(1081, 140, 0.028, 0.078, 3, 300, NULL),
(1082, 141, 0.032, 0.153, 3.6, 210, NULL),
(1083, 141, 0.032, 0.153, 3.6, 210, NULL),
(1084, 141, 0.032, 0.153, 3.6, 210, NULL),
(1085, 141, 0.032, 0.153, 3.6, 210, NULL),
(1086, 141, 0.032, 0.128, 3.6, 240, NULL),
(1087, 141, 0.018, 1, 3, 40, NULL),
(1088, 141, 0.018, 1, 2, 40, NULL),
(1089, 142, 0.032, 0.153, 3.6, 210, NULL),
(1090, 142, 0.032, 0.153, 3.6, 210, NULL),
(1091, 142, 0.032, 0.153, 3.6, 210, NULL),
(1092, 142, 0.032, 0.153, 3.6, 210, NULL),
(1093, 142, 0.032, 0.128, 3.6, 240, NULL),
(1094, 142, 0.018, 1, 3, 40, NULL),
(1095, 142, 0.018, 1, 2, 40, NULL),
(1096, 143, 0.028, 0.078, 3, 300, NULL),
(1097, 143, 0.028, 0.078, 3, 300, NULL),
(1098, 143, 0.028, 0.078, 3, 300, NULL),
(1099, 143, 0.028, 0.078, 3, 300, NULL),
(1100, 143, 0.028, 0.078, 3, 300, NULL),
(1101, 143, 0.028, 0.078, 3, 300, NULL),
(1102, 143, 0.028, 0.078, 3, 300, NULL),
(1103, 143, 0.028, 0.078, 3, 300, NULL),
(1104, 143, 0.028, 0.078, 3, 300, NULL),
(1105, 143, 0.028, 0.078, 3, 300, NULL),
(1106, 143, 0.028, 0.078, 3, 300, NULL),
(1107, 143, 0.028, 0.078, 3, 300, NULL),
(1108, 144, 0.028, 0.078, 3, 300, NULL),
(1109, 144, 0.028, 0.078, 3, 300, NULL),
(1110, 144, 0.028, 0.078, 3, 300, NULL),
(1111, 144, 0.028, 0.078, 3, 300, NULL),
(1112, 144, 0.028, 0.078, 2, 300, NULL),
(1113, 145, 0.032, 0.9, 3.6, 30, NULL),
(1114, 145, 0.032, 1, 3.6, 30, NULL),
(1115, 145, 0.018, 0.095, 3.6, 550, NULL),
(1116, 145, 0.032, 0.153, 3.6, 210, NULL),
(1117, 146, 0.032, 0.153, 3.6, 210, NULL),
(1118, 146, 0.032, 0.153, 3.6, 210, NULL),
(1119, 146, 0.032, 0.153, 3.6, 210, NULL),
(1120, 146, 0.032, 0.153, 3.6, 210, NULL),
(1121, 146, 0.032, 1, 3.6, 30, NULL),
(1122, 146, 0.032, 1, 3.6, 30, NULL),
(1123, 146, 0.032, 1, 2.4, 30, NULL),
(1124, 147, 0.028, 0.078, 3, 300, NULL),
(1125, 147, 0.028, 0.078, 3, 300, NULL),
(1126, 147, 0.028, 0.078, 3, 300, NULL),
(1127, 147, 0.028, 0.078, 3, 300, NULL),
(1128, 147, 0.028, 0.078, 3, 300, NULL),
(1129, 147, 0.028, 0.078, 3, 300, NULL),
(1130, 147, 0.028, 0.078, 3, 300, NULL),
(1131, 147, 0.028, 0.078, 3, 300, NULL),
(1132, 147, 0.028, 0.078, 3, 300, NULL),
(1133, 147, 0.028, 0.078, 3, 300, NULL),
(1134, 147, 0.028, 0.078, 3, 300, NULL),
(1135, 147, 0.028, 0.078, 3, 300, NULL),
(1136, 148, 0.032, 0.153, 3.6, 210, NULL),
(1137, 148, 0.032, 0.153, 3.6, 210, NULL),
(1138, 148, 0.032, 0.153, 3.6, 210, NULL),
(1139, 148, 0.032, 0.153, 3.6, 210, NULL),
(1140, 148, 0.032, 1, 2.4, 30, NULL),
(1141, 148, 0.018, 1, 3, 40, NULL),
(1142, 148, 0.028, 1, 3, 30, NULL),
(1143, 149, 0.028, 0.078, 3, 300, NULL),
(1144, 149, 0.028, 0.078, 3, 300, NULL),
(1145, 149, 0.028, 0.078, 3, 300, NULL),
(1146, 149, 0.028, 0.078, 3, 300, NULL),
(1147, 149, 0.028, 0.078, 3, 300, NULL),
(1148, 149, 0.028, 0.078, 3, 300, NULL),
(1149, 149, 0.028, 0.078, 3, 300, NULL),
(1150, 149, 0.028, 0.078, 3, 300, NULL),
(1151, 149, 0.028, 0.078, 3, 300, NULL),
(1152, 149, 0.028, 0.078, 3, 300, NULL),
(1153, 149, 0.028, 0.078, 3, 300, NULL),
(1154, 149, 0.028, 0.078, 3, 300, NULL),
(1155, 150, 0.028, 1, 3, 30, NULL),
(1156, 150, 0.032, 0.128, 2.4, 240, NULL),
(1157, 150, 0.032, 0.128, 2.4, 240, NULL),
(1158, 150, 0.032, 0.128, 2.4, 240, NULL),
(1159, 150, 0.032, 0.128, 2.4, 240, NULL),
(1160, 150, 0.032, 1, 2.4, 29, NULL),
(1161, 150, 0.032, 1, 3.6, 30, NULL),
(1162, 150, 0.032, 0.153, 3.6, 210, NULL),
(1163, 151, 0.028, 0.078, 3, 300, NULL),
(1164, 151, 0.028, 0.078, 3, 300, NULL),
(1165, 151, 0.028, 0.078, 3, 300, NULL),
(1166, 151, 0.028, 0.078, 3, 300, NULL),
(1167, 151, 0.028, 0.078, 3, 300, NULL),
(1168, 151, 0.028, 0.078, 3, 300, NULL),
(1169, 151, 0.028, 0.078, 3, 300, NULL),
(1170, 151, 0.028, 0.078, 3, 300, NULL),
(1171, 151, 0.028, 0.078, 3, 300, NULL),
(1172, 151, 0.028, 0.078, 3, 300, NULL),
(1173, 151, 0.028, 0.078, 3, 300, NULL),
(1174, 151, 0.028, 0.078, 3, 300, NULL),
(1175, 151, 0.028, 0.078, 2, 300, NULL),
(1176, 152, 0.032, 0.103, 3.6, 1800, NULL),
(1177, 152, 0.032, 0.103, 2.4, 1350, NULL),
(1178, 152, 0.032, 0.08, 2.4, 450, NULL),
(1179, 153, 0.018, 0.095, 3.6, 550, NULL),
(1180, 153, 0.018, 1, 3.6, 22, NULL),
(1181, 153, 0.018, 0.095, 1.8, 440, NULL),
(1182, 153, 0.032, 0.128, 2.4, 240, NULL),
(1183, 153, 0.032, 0.128, 2.4, 240, NULL),
(1184, 153, 0.032, 0.128, 2.4, 240, NULL),
(1185, 153, 0.032, 0.9, 2.4, 30, NULL),
(1186, 153, 0.018, 1, 3.6, 40, NULL),
(1187, 153, 0.028, 1, 3, 30, NULL),
(1188, 154, 0.028, 0.078, 3, 300, NULL),
(1189, 154, 0.028, 0.078, 3, 300, NULL),
(1190, 154, 0.028, 0.078, 3, 300, NULL),
(1191, 154, 0.028, 0.078, 3, 300, NULL),
(1192, 154, 0.028, 0.078, 3, 300, NULL),
(1193, 154, 0.028, 0.078, 3, 300, NULL),
(1194, 154, 0.028, 0.078, 3, 300, NULL),
(1195, 154, 0.028, 0.078, 3, 300, NULL),
(1196, 154, 0.028, 0.078, 3, 300, NULL),
(1197, 154, 0.028, 0.078, 3, 300, NULL),
(1198, 154, 0.028, 0.078, 3, 300, NULL),
(1199, 154, 0.028, 0.078, 3, 300, NULL),
(1200, 155, 0.032, 0.128, 2.4, 240, NULL),
(1201, 155, 0.032, 0.128, 2.4, 240, NULL),
(1202, 155, 0.032, 0.128, 2.4, 240, NULL),
(1203, 155, 0.032, 0.128, 2.4, 240, NULL),
(1204, 155, 0.032, 0.128, 2.4, 240, NULL),
(1205, 155, 0.032, 0.128, 2.4, 240, NULL),
(1206, 155, 0.032, 0.128, 2.4, 240, NULL),
(1207, 155, 0.032, 0.128, 2.4, 240, NULL),
(1208, 155, 0.032, 1, 2.4, 30, NULL),
(1209, 155, 0.018, 1, 2.4, 40, NULL),
(1210, 156, 0.032, 0.128, 2.4, 240, NULL),
(1211, 156, 0.032, 0.128, 2.4, 240, NULL),
(1212, 156, 0.032, 0.128, 2.4, 240, NULL),
(1213, 156, 0.032, 0.128, 2.4, 240, NULL),
(1214, 156, 0.032, 0.128, 2.4, 240, NULL),
(1215, 156, 0.032, 0.128, 2.4, 240, NULL),
(1216, 156, 0.032, 0.128, 2.4, 240, NULL),
(1217, 156, 0.032, 0.128, 2.4, 240, NULL),
(1218, 156, 0.032, 1, 2.4, 30, NULL),
(1219, 156, 0.018, 1, 2.4, 40, NULL),
(1220, 157, 0.028, 0.078, 3, 300, NULL),
(1221, 157, 0.028, 0.078, 3, 300, NULL),
(1222, 157, 0.028, 0.078, 3, 300, NULL),
(1223, 157, 0.028, 0.078, 3, 300, NULL),
(1224, 157, 0.028, 0.078, 3, 300, NULL),
(1225, 157, 0.028, 0.078, 3, 300, NULL),
(1226, 157, 0.028, 0.078, 3, 300, NULL),
(1227, 157, 0.028, 0.078, 3, 300, NULL),
(1228, 157, 0.028, 0.078, 3, 300, NULL),
(1229, 157, 0.028, 0.078, 3, 300, NULL),
(1230, 157, 0.028, 0.078, 3, 300, NULL),
(1231, 157, 0.028, 0.078, 3, 300, NULL),
(1232, 158, 0.032, 0.128, 2.4, 240, NULL),
(1233, 158, 0.032, 0.128, 2.4, 240, NULL),
(1234, 158, 0.032, 0.128, 2.4, 240, NULL),
(1235, 158, 0.032, 0.128, 2.4, 240, NULL),
(1236, 158, 0.032, 0.128, 2.4, 240, NULL),
(1237, 158, 0.032, 0.128, 2.4, 240, NULL),
(1238, 158, 0.032, 0.128, 2.4, 240, NULL),
(1239, 158, 0.032, 0.9, 2.4, 30, NULL),
(1240, 158, 0.018, 1, 2.4, 40, NULL),
(1241, 158, 0.032, 1, 2.4, 30, NULL),
(1242, 159, 0.032, 0.103, 3.6, 900, NULL),
(1243, 159, 0.032, 0.103, 2.4, 450, NULL),
(1244, 159, 0.032, 1, 2.4, 30, NULL),
(1245, 159, 0.032, 0.128, 2.4, 840, NULL),
(1246, 159, 0.032, 0.128, 3.6, 960, NULL),
(1247, 160, 0.028, 0.078, 3, 300, NULL),
(1248, 160, 0.028, 0.078, 3, 300, NULL),
(1249, 160, 0.028, 0.078, 3, 300, NULL),
(1250, 160, 0.028, 0.078, 3, 300, NULL),
(1251, 160, 0.028, 0.078, 3, 300, NULL),
(1252, 160, 0.028, 0.078, 3, 300, NULL),
(1253, 160, 0.028, 0.078, 3, 300, NULL),
(1254, 160, 0.028, 0.078, 3, 300, NULL),
(1255, 160, 0.028, 0.078, 3, 300, NULL),
(1256, 160, 0.028, 0.078, 3, 300, NULL),
(1257, 160, 0.028, 0.078, 3, 300, NULL),
(1258, 160, 0.028, 0.078, 3, 300, NULL),
(1259, 161, 0.032, 0.103, 3.6, 1350, NULL),
(1260, 161, 0.032, 0.103, 2.4, 1650, NULL),
(1261, 161, 0.032, 0.128, 2, 85, NULL),
(1262, 161, 0.032, 0.153, 2, 40, NULL),
(1263, 161, 0.032, 1, 3.6, 20, NULL),
(1264, 161, 0.032, 0.128, 3.6, 360, NULL),
(1265, 162, 0.032, 0.128, 2.4, 240, NULL),
(1266, 162, 0.032, 0.128, 2.4, 240, NULL),
(1267, 162, 0.032, 1, 2.4, 30, NULL),
(1268, 163, 0.028, 0.078, 3, 300, NULL),
(1269, 163, 0.028, 0.078, 3, 300, NULL),
(1270, 163, 0.028, 0.078, 3, 300, NULL),
(1271, 163, 0.028, 0.078, 3, 300, NULL),
(1272, 163, 0.028, 0.078, 3, 300, NULL),
(1273, 163, 0.028, 0.078, 3, 300, NULL),
(1274, 163, 0.028, 0.078, 3, 300, NULL),
(1275, 163, 0.028, 0.078, 3, 300, NULL),
(1276, 164, 0.032, 0.128, 2.4, 240, NULL),
(1277, 164, 0.032, 0.128, 2.4, 240, NULL),
(1278, 164, 0.032, 0.128, 2.4, 240, NULL),
(1279, 164, 0.018, 0.095, 2.4, 550, NULL),
(1280, 164, 0.032, 1, 2.4, 30, NULL),
(1281, 164, 0.032, 1, 2.4, 30, NULL),
(1282, 164, 0.028, 1, 3, 30, NULL),
(1283, 164, 0.028, 1, 3, 30, NULL),
(1284, 164, 0.018, 1, 3, 40, NULL),
(1285, 165, 0.028, 0.078, 3, 300, NULL),
(1286, 165, 0.028, 0.078, 3, 300, NULL),
(1287, 165, 0.028, 0.078, 3, 300, NULL),
(1288, 165, 0.028, 0.078, 3, 300, NULL),
(1289, 165, 0.028, 0.078, 3, 300, NULL),
(1290, 165, 0.028, 0.078, 3, 300, NULL),
(1291, 165, 0.028, 0.078, 3, 300, NULL),
(1292, 165, 0.028, 0.078, 3, 300, NULL),
(1293, 165, 0.028, 0.078, 3, 300, NULL),
(1294, 165, 0.028, 0.078, 3, 300, NULL),
(1295, 165, 0.028, 0.078, 3, 300, NULL),
(1296, 165, 0.028, 0.078, 3, 300, NULL),
(1297, 166, 0.028, 0.078, 3, 300, NULL),
(1298, 166, 0.028, 0.078, 3, 300, NULL),
(1299, 166, 0.028, 0.078, 3, 300, NULL),
(1300, 166, 0.028, 0.078, 3, 300, NULL),
(1301, 166, 0.028, 0.078, 3, 300, NULL),
(1302, 166, 0.028, 0.078, 3, 300, NULL),
(1303, 166, 0.028, 0.078, 3, 300, NULL),
(1304, 166, 0.028, 0.078, 3, 300, NULL),
(1305, 166, 0.028, 0.078, 3, 300, NULL),
(1306, 166, 0.028, 0.078, 3, 300, NULL),
(1307, 166, 0.028, 0.078, 3, 300, NULL),
(1308, 166, 0.028, 0.078, 3, 300, NULL),
(1309, 167, 0.028, 0.078, 3, 300, NULL),
(1310, 167, 0.028, 0.078, 3, 300, NULL),
(1311, 167, 0.028, 0.078, 3, 300, NULL),
(1312, 167, 0.028, 0.078, 3, 300, NULL),
(1313, 167, 0.028, 0.078, 3, 300, NULL),
(1314, 167, 0.028, 0.078, 3, 300, NULL),
(1315, 167, 0.028, 0.078, 3, 300, NULL),
(1316, 167, 0.028, 0.078, 3, 300, NULL),
(1317, 167, 0.028, 0.078, 3, 300, NULL),
(1318, 167, 0.028, 0.078, 3, 300, NULL),
(1319, 167, 0.028, 0.078, 3, 300, NULL),
(1320, 167, 0.028, 0.078, 3, 300, NULL),
(1326, 168, 0.032, 0.128, 2.4, 240, NULL),
(1327, 168, 0.032, 0.128, 2.4, 240, NULL),
(1328, 168, 0.032, 0.128, 2.4, 240, NULL),
(1329, 168, 0.032, 0.128, 2.4, 240, NULL),
(1330, 168, 0.018, 1, 2.4, 13.5, NULL),
(1331, 168, 0.028, 1, 3, 30, NULL),
(1332, 168, 0.018, 1, 3, 40, NULL),
(1333, 168, 0.032, 1, 2.4, 30, NULL),
(1334, 168, 0.032, 1, 2.4, 30, NULL),
(1335, 168, 0.018, 0.095, 3, 550, NULL),
(1336, 169, 0.032, 0.128, 2.4, 240, NULL),
(1337, 169, 0.032, 0.128, 2.4, 240, NULL),
(1338, 169, 0.032, 0.128, 2.4, 240, NULL),
(1339, 169, 0.032, 0.128, 2.4, 240, NULL),
(1340, 169, 0.032, 0.128, 2.4, 240, NULL),
(1341, 169, 0.032, 0.128, 2.4, 240, NULL),
(1342, 169, 0.032, 0.128, 2.4, 240, NULL),
(1343, 169, 0.032, 1, 2.4, 30, NULL),
(1344, 169, 0.028, 1, 3, 30, NULL),
(1345, 170, 0.018, 1, 2.4, 41, NULL),
(1346, 170, 0.028, 1, 3, 30, NULL),
(1347, 170, 0.018, 0.095, 3.6, 550, NULL),
(1348, 170, 0.032, 0.128, 2.4, 160, NULL),
(1349, 170, 0.032, 1, 2.4, 16, NULL),
(1350, 170, 0.018, 1, 2.4, 52, NULL),
(1351, 170, 0.032, 1, 3.6, 16, NULL),
(1352, 170, 0.018, 1, 3.6, 25, NULL),
(1353, 170, 0.018, 1, 3, 54, NULL),
(1354, 170, 0.018, 0.095, 2.4, 550, NULL),
(1355, 171, 0.032, 0.128, 3.6, 1320, NULL),
(1356, 171, 0.032, 0.128, 2.4, 1440, NULL),
(1357, 171, 0.032, 1, 3.6, 30, NULL),
(1358, 171, 0.018, 1, 3.6, 16, NULL),
(1359, 172, 0.032, 0.103, 3.6, 900, NULL),
(1360, 172, 0.032, 0.103, 2.4, 900, NULL),
(1361, 172, 0.032, 0.128, 2.4, 720, NULL),
(1362, 172, 0.032, 0.128, 3.6, 960, NULL),
(1363, 173, 0.032, 0.128, 2.4, 1800, NULL),
(1364, 173, 0.032, 1, 2.4, 15, NULL),
(1365, 173, 0.032, 0.103, 2.4, 300, NULL),
(1366, 173, 0.032, 0.128, 2, 240, NULL),
(1367, 173, 0.032, 0.128, 3.6, 720, NULL),
(1368, 174, 0.028, 0.078, 3, 300, NULL),
(1369, 174, 0.028, 0.078, 3, 300, NULL),
(1370, 174, 0.028, 0.078, 3, 300, NULL),
(1371, 174, 0.028, 0.078, 3, 300, NULL),
(1372, 174, 0.028, 0.078, 3, 300, NULL),
(1373, 174, 0.028, 0.078, 3, 300, NULL),
(1374, 174, 0.028, 0.078, 3, 300, NULL),
(1375, 174, 0.028, 0.078, 3, 300, NULL),
(1376, 174, 0.028, 0.078, 3, 300, NULL),
(1377, 174, 0.028, 0.078, 3, 300, NULL),
(1378, 174, 0.028, 0.078, 3, 300, NULL),
(1379, 174, 0.028, 0.078, 3, 300, NULL),
(1380, 174, 0.028, 0.078, 2, 288, NULL),
(1381, 175, 0.028, 0.078, 3, 300, NULL),
(1382, 175, 0.028, 0.078, 3, 300, NULL),
(1383, 175, 0.028, 0.078, 3, 300, NULL),
(1384, 175, 0.028, 0.078, 3, 300, NULL),
(1385, 175, 0.028, 0.078, 3, 300, NULL),
(1386, 175, 0.028, 0.078, 3, 300, NULL),
(1387, 175, 0.028, 0.078, 3, 300, NULL),
(1388, 175, 0.028, 0.078, 3, 300, NULL),
(1389, 175, 0.028, 0.078, 3, 300, NULL),
(1390, 175, 0.028, 0.078, 3, 300, NULL),
(1391, 175, 0.028, 0.078, 3, 300, NULL),
(1392, 175, 0.028, 0.078, 3, 300, NULL),
(1393, 176, 0.032, 0.103, 3.6, 900, NULL),
(1394, 176, 0.032, 0.103, 2.4, 450, NULL),
(1395, 176, 0.032, 0.128, 2.4, 600, NULL),
(1396, 176, 0.032, 0.128, 3.6, 1080, NULL),
(1397, 176, 0.032, 1, 3.6, 15, NULL),
(1398, 177, 0.032, 0.128, 3.6, 1320, NULL),
(1399, 177, 0.032, 0.128, 2.4, 1320, NULL),
(1400, 177, 0.032, 1, 2.4, 15, NULL),
(1401, 177, 0.032, 0.128, 2, 240, NULL),
(1402, 177, 0.032, 0.128, 3, 240, NULL),
(1403, 177, 0.032, 1, 3.6, 15, NULL),
(1404, 178, 0.028, 0.078, 3, 300, NULL),
(1405, 178, 0.028, 0.078, 3, 300, NULL),
(1406, 178, 0.028, 0.078, 3, 300, NULL),
(1407, 178, 0.028, 0.078, 3, 300, NULL),
(1408, 178, 0.028, 0.078, 3, 300, NULL),
(1409, 178, 0.028, 0.078, 3, 300, NULL),
(1410, 178, 0.028, 0.078, 3, 300, NULL),
(1411, 178, 0.028, 0.078, 3, 300, NULL),
(1412, 178, 0.028, 0.078, 3, 300, NULL),
(1413, 178, 0.028, 0.078, 3, 300, NULL),
(1414, 178, 0.028, 0.078, 3, 300, NULL),
(1415, 178, 0.028, 0.078, 3, 300, NULL),
(1416, 179, 0.028, 0.078, 3, 300, NULL),
(1417, 179, 0.028, 0.078, 3, 300, NULL),
(1418, 179, 0.028, 0.078, 3, 300, NULL),
(1419, 179, 0.028, 0.078, 3, 300, NULL),
(1420, 179, 0.028, 0.078, 3, 300, NULL),
(1421, 179, 0.028, 0.078, 3, 300, NULL),
(1422, 179, 0.028, 0.078, 3, 300, NULL),
(1423, 179, 0.028, 0.078, 3, 300, NULL),
(1424, 179, 0.028, 0.078, 3, 300, NULL),
(1425, 179, 0.028, 0.078, 3, 300, NULL),
(1426, 179, 0.028, 0.078, 3, 300, NULL),
(1427, 179, 0.028, 0.078, 3, 300, NULL),
(1428, 180, 0.028, 1, 3, 30, NULL),
(1429, 180, 0.028, 1, 3, 30, NULL),
(1430, 180, 0.028, 1, 3, 13, NULL),
(1431, 180, 0.032, 0.103, 3.6, 300, NULL),
(1432, 180, 0.032, 0.103, 3.6, 300, NULL),
(1433, 180, 0.032, 0.103, 3.6, 300, NULL),
(1434, 180, 0.032, 0.103, 3.6, 300, NULL),
(1435, 180, 0.018, 1, 1.8, 17, NULL),
(1436, 180, 0.032, 1, 1.8, 10, NULL),
(1437, 180, 0.018, 0.095, 1.8, 550, NULL),
(1438, 181, 0.028, 0.078, 3, 300, NULL),
(1439, 181, 0.028, 0.078, 3, 300, NULL);
INSERT INTO `board_item` (`id`, `board_id`, `thickness`, `width`, `length`, `count`, `price`) VALUES
(1440, 181, 0.028, 0.078, 3, 300, NULL),
(1441, 181, 0.028, 0.078, 3, 300, NULL),
(1442, 181, 0.028, 0.078, 3, 300, NULL),
(1443, 181, 0.028, 0.078, 3, 300, NULL),
(1444, 181, 0.028, 0.078, 3, 300, NULL),
(1445, 181, 0.028, 0.078, 3, 300, NULL),
(1446, 181, 0.028, 0.078, 3, 300, NULL),
(1447, 181, 0.028, 0.078, 3, 300, NULL),
(1448, 181, 0.028, 0.078, 3, 300, NULL),
(1449, 181, 0.028, 0.078, 3, 300, NULL),
(1450, 181, 0.028, 0.078, 2, 288, NULL),
(1451, 181, 0.028, 0.078, 2, 300, NULL),
(1452, 182, 0.032, 0.103, 3.6, 300, NULL),
(1453, 182, 0.032, 0.128, 3.6, 169, NULL),
(1454, 182, 0.032, 0.128, 3.6, 240, NULL),
(1455, 182, 0.028, 1, 3, 30, NULL),
(1456, 182, 0.028, 1, 3, 30, NULL),
(1457, 182, 0.018, 0.095, 1.8, 550, NULL),
(1458, 182, 0.018, 1, 1.8, 11.5, NULL),
(1459, 182, 0.032, 1, 1.8, 30, NULL),
(1460, 182, 0.032, 1, 3.6, 30, NULL),
(1461, 183, 0.032, 1, 3.6, 30, NULL),
(1462, 183, 0.018, 0.095, 2.4, 550, NULL),
(1463, 183, 0.032, 1, 1.8, 30, NULL),
(1464, 183, 0.032, 1, 2.4, 30, NULL),
(1465, 183, 0.032, 0.103, 3.6, 300, NULL),
(1466, 183, 0.018, 1, 3, 40, NULL),
(1467, 183, 0.028, 1, 3, 30, NULL),
(1468, 183, 0.032, 0.128, 2.4, 240, NULL),
(1469, 183, 0.018, 0.095, 1.8, 440, NULL),
(1470, 184, 0.028, 0.078, 3, 300, NULL),
(1471, 184, 0.028, 0.078, 3, 300, NULL),
(1472, 184, 0.028, 0.078, 3, 300, NULL),
(1473, 184, 0.028, 0.078, 3, 300, NULL),
(1474, 184, 0.028, 0.078, 3, 300, NULL),
(1475, 184, 0.028, 0.078, 3, 300, NULL),
(1476, 184, 0.028, 0.078, 3, 300, NULL),
(1477, 184, 0.028, 0.078, 3, 300, NULL),
(1478, 184, 0.028, 0.078, 3, 300, NULL),
(1479, 184, 0.028, 0.078, 3, 300, NULL),
(1480, 184, 0.028, 0.078, 3, 300, NULL),
(1481, 184, 0.028, 0.078, 3, 300, NULL),
(1482, 184, 0.028, 0.078, 2, 300, NULL),
(1483, 184, 0.028, 0.078, 2, 300, NULL),
(1484, 185, 0.028, 0.078, 3, 300, NULL),
(1485, 185, 0.028, 0.078, 3, 300, NULL),
(1486, 185, 0.028, 0.078, 3, 300, NULL),
(1487, 185, 0.028, 0.078, 3, 300, NULL),
(1488, 185, 0.028, 0.078, 3, 300, NULL),
(1489, 185, 0.028, 0.078, 3, 300, NULL),
(1490, 185, 0.028, 0.078, 3, 300, NULL),
(1491, 185, 0.028, 0.078, 3, 300, NULL),
(1492, 185, 0.028, 0.078, 3, 300, NULL),
(1493, 185, 0.028, 0.078, 3, 300, NULL),
(1494, 185, 0.028, 0.078, 3, 300, NULL),
(1495, 185, 0.028, 0.078, 3, 300, NULL),
(1496, 186, 0.032, 0.103, 3.6, 300, NULL),
(1497, 186, 0.032, 0.103, 3.6, 300, NULL),
(1498, 186, 0.032, 0.103, 3.6, 300, NULL),
(1499, 186, 0.032, 0.103, 3.6, 300, NULL),
(1500, 186, 0.032, 1, 3.6, 30, NULL),
(1501, 186, 0.028, 1, 3, 30, NULL),
(1502, 186, 0.018, 0.095, 2.4, 440, NULL),
(1503, 187, 0.028, 0.078, 3, 300, NULL),
(1504, 187, 0.028, 0.078, 3, 300, NULL),
(1505, 187, 0.028, 0.078, 3, 300, NULL),
(1506, 187, 0.028, 0.078, 3, 300, NULL),
(1507, 187, 0.028, 0.078, 3, 300, NULL),
(1508, 187, 0.028, 0.078, 3, 300, NULL),
(1509, 187, 0.028, 0.078, 3, 300, NULL),
(1510, 187, 0.028, 0.078, 3, 300, NULL),
(1511, 187, 0.028, 0.078, 3, 300, NULL),
(1512, 187, 0.028, 0.078, 3, 300, NULL),
(1513, 187, 0.028, 0.078, 3, 300, NULL),
(1514, 187, 0.028, 0.078, 3, 300, NULL),
(1515, 187, 0.028, 0.078, 2, 300, NULL),
(1516, 188, 0.032, 1, 3.6, 30, NULL),
(1517, 188, 0.018, 1, 3, 40, NULL),
(1518, 188, 0.018, 1, 3, 40, NULL),
(1519, 188, 0.028, 1, 3, 30, NULL),
(1520, 188, 0.032, 0.103, 3.6, 300, NULL),
(1521, 188, 0.032, 0.103, 3.6, 300, NULL),
(1522, 189, 0.028, 0.078, 3, 300, NULL),
(1523, 190, 0.028, 0.078, 3, 300, NULL),
(1524, 190, 0.028, 0.078, 3, 300, NULL),
(1525, 190, 0.028, 0.078, 3, 300, NULL),
(1526, 190, 0.028, 0.078, 3, 300, NULL),
(1527, 190, 0.028, 0.078, 3, 300, NULL),
(1528, 190, 0.028, 0.078, 3, 300, NULL),
(1529, 190, 0.028, 0.078, 3, 300, NULL),
(1530, 190, 0.028, 0.078, 3, 300, NULL),
(1531, 190, 0.028, 0.078, 3, 300, NULL),
(1532, 190, 0.028, 0.078, 3, 300, NULL),
(1533, 190, 0.028, 0.078, 3, 300, NULL),
(1534, 190, 0.028, 0.078, 3, 300, NULL),
(1535, 191, 0.028, 0.078, 3, 300, NULL),
(1536, 191, 0.028, 0.078, 3, 300, NULL),
(1537, 191, 0.028, 0.078, 3, 300, NULL),
(1538, 191, 0.028, 0.078, 3, 300, NULL),
(1539, 191, 0.028, 0.078, 3, 300, NULL),
(1540, 191, 0.028, 0.078, 3, 300, NULL),
(1541, 191, 0.028, 0.078, 3, 300, NULL),
(1542, 191, 0.028, 0.078, 3, 300, NULL),
(1543, 191, 0.028, 0.078, 3, 300, NULL),
(1544, 191, 0.028, 0.078, 3, 300, NULL),
(1545, 191, 0.028, 0.078, 3, 300, NULL),
(1546, 192, 0.018, 1, 3, 40, NULL),
(1547, 193, 0.032, 0.103, 3.6, 300, NULL),
(1548, 193, 0.032, 0.103, 3.6, 300, NULL),
(1549, 193, 0.032, 0.103, 3.6, 300, NULL),
(1550, 193, 0.028, 1, 3, 30, NULL),
(1551, 193, 0.028, 1, 3, 30, NULL),
(1552, 193, 0.018, 0.095, 2.4, 550, NULL),
(1553, 193, 0.032, 1, 3.6, 30, NULL),
(1554, 194, 0.032, 1, 3.6, 30, NULL),
(1555, 194, 0.032, 1, 3.6, 30, NULL),
(1556, 194, 0.032, 0.103, 3.6, 300, NULL),
(1557, 194, 0.032, 0.103, 3.6, 300, NULL),
(1558, 194, 0.032, 0.103, 3.6, 300, NULL),
(1559, 194, 0.032, 1, 2.4, 30, NULL),
(1560, 194, 0.028, 1, 3, 30, NULL),
(1565, 195, 0.032, 0.128, 2.4, 1560, NULL),
(1566, 195, 0.032, 0.128, 3.6, 1320, NULL),
(1567, 195, 0.018, 1, 2.4, 20, NULL),
(1568, 195, 0.032, 1, 2.4, 45, NULL),
(1569, 195, 0.018, 1, 2.4, 20, NULL),
(1570, 196, 0.028, 0.078, 3, 300, NULL),
(1571, 196, 0.028, 0.078, 3, 300, NULL),
(1572, 196, 0.028, 0.078, 3, 300, NULL),
(1573, 196, 0.028, 0.078, 3, 300, NULL),
(1574, 196, 0.028, 0.078, 3, 300, NULL),
(1575, 196, 0.028, 0.078, 3, 300, NULL),
(1576, 196, 0.028, 0.078, 3, 300, NULL),
(1577, 196, 0.028, 0.078, 3, 300, NULL),
(1578, 196, 0.028, 0.078, 3, 300, NULL),
(1579, 196, 0.028, 0.078, 3, 300, NULL),
(1580, 196, 0.028, 0.078, 3, 300, NULL),
(1581, 196, 0.028, 0.078, 3, 300, NULL),
(1582, 197, 0.028, 0.078, 3, 300, NULL),
(1583, 197, 0.028, 0.078, 3, 300, NULL),
(1584, 197, 0.028, 0.078, 3, 300, NULL),
(1585, 197, 0.028, 0.078, 3, 300, NULL),
(1586, 197, 0.028, 0.078, 3, 300, NULL),
(1587, 197, 0.028, 0.078, 3, 300, NULL),
(1588, 197, 0.028, 0.078, 3, 300, NULL),
(1589, 197, 0.028, 0.078, 3, 300, NULL),
(1590, 197, 0.028, 0.078, 3, 300, NULL),
(1591, 197, 0.028, 0.078, 3, 300, NULL),
(1592, 197, 0.028, 0.078, 3, 300, NULL),
(1593, 197, 0.028, 0.078, 3, 300, NULL),
(1594, 198, 0.018, 1, 3, 40, NULL),
(1595, 198, 0.032, 0.103, 3.6, 300, NULL),
(1596, 198, 0.032, 0.103, 3.6, 300, NULL),
(1597, 198, 0.032, 0.103, 3.6, 300, NULL),
(1598, 198, 0.032, 0.103, 3.6, 300, NULL),
(1599, 198, 0.032, 1, 3.6, 30, NULL),
(1600, 198, 0.032, 0.103, 2.4, 300, NULL),
(1601, 199, 0.032, 0.128, 3.6, 1200, NULL),
(1602, 199, 0.032, 1, 3.6, 45, NULL),
(1603, 199, 0.018, 1, 3.6, 20, NULL),
(1604, 199, 0.032, 0.128, 2.4, 960, NULL),
(1605, 199, 0.018, 1, 2.4, 40, NULL),
(1606, 199, 0.032, 1, 2.4, 30, NULL),
(1607, 199, 0.032, 1, 2, 15, NULL),
(1608, 199, 0.032, 1, 1.8, 15, NULL),
(1609, 200, 0.028, 0.078, 3, 300, NULL),
(1610, 200, 0.028, 0.078, 3, 300, NULL),
(1611, 200, 0.028, 0.078, 3, 300, NULL),
(1612, 200, 0.028, 0.078, 3, 300, NULL),
(1613, 200, 0.028, 0.078, 3, 300, NULL),
(1614, 200, 0.028, 0.078, 3, 300, NULL),
(1615, 200, 0.028, 0.078, 3, 300, NULL),
(1616, 200, 0.028, 0.078, 3, 300, NULL),
(1617, 200, 0.028, 0.078, 3, 300, NULL),
(1618, 200, 0.028, 0.078, 3, 300, NULL),
(1619, 200, 0.028, 0.078, 3, 300, NULL),
(1620, 200, 0.028, 0.078, 3, 300, NULL),
(1621, 200, 0.028, 0.078, 2, 300, NULL),
(1622, 201, 0.018, 0.095, 3.6, 550, NULL),
(1623, 201, 0.018, 1, 3, 40, NULL),
(1624, 201, 0.018, 0.095, 1.8, 550, NULL),
(1625, 201, 0.032, 1, 2.4, 30, NULL),
(1626, 201, 0.028, 1, 3, 30, NULL),
(1627, 201, 0.028, 1, 3, 30, NULL),
(1628, 202, 0.028, 0.078, 3, 300, NULL),
(1629, 202, 0.028, 0.078, 3, 300, NULL),
(1630, 202, 0.028, 0.078, 3, 300, NULL),
(1631, 202, 0.028, 0.078, 3, 300, NULL),
(1640, 203, 0.028, 0.078, 3, 300, NULL),
(1641, 203, 0.028, 0.078, 3, 300, NULL),
(1642, 203, 0.028, 0.078, 3, 300, NULL),
(1643, 203, 0.028, 0.078, 3, 300, NULL),
(1644, 203, 0.028, 0.078, 3, 300, NULL),
(1645, 203, 0.028, 0.078, 3, 300, NULL),
(1646, 203, 0.028, 0.078, 3, 300, NULL),
(1647, 203, 0.028, 0.078, 3, 300, NULL),
(1648, 203, 0.028, 0.078, 3, 300, NULL),
(1649, 203, 0.028, 0.078, 3, 300, NULL),
(1650, 203, 0.028, 0.078, 3, 300, NULL),
(1651, 203, 0.028, 0.078, 3, 300, NULL),
(1652, 204, 0.028, 1, 3, 30, NULL),
(1653, 204, 0.018, 1, 3, 40, NULL),
(1654, 204, 0.032, 0.103, 2.4, 300, NULL),
(1655, 204, 0.032, 0.103, 2.4, 300, NULL),
(1656, 204, 0.032, 0.103, 2.4, 300, NULL),
(1657, 204, 0.032, 0.103, 2.4, 300, NULL),
(1658, 204, 0.032, 0.103, 2.4, 300, NULL),
(1659, 204, 0.032, 0.103, 2.4, 300, NULL),
(1660, 204, 0.032, 0.103, 2.4, 300, NULL),
(1661, 205, 0.028, 0.078, 3, 300, NULL),
(1662, 205, 0.028, 0.078, 3, 300, NULL),
(1663, 205, 0.028, 0.078, 3, 300, NULL),
(1664, 205, 0.028, 0.078, 3, 300, NULL),
(1665, 205, 0.028, 0.078, 3, 300, NULL),
(1666, 205, 0.028, 0.078, 3, 300, NULL),
(1667, 205, 0.028, 0.078, 3, 300, NULL),
(1668, 205, 0.028, 0.078, 3, 300, NULL),
(1669, 205, 0.028, 0.078, 3, 300, NULL),
(1670, 205, 0.028, 0.078, 3, 300, NULL),
(1671, 205, 0.028, 0.078, 3, 300, NULL),
(1672, 205, 0.028, 0.078, 3, 300, NULL),
(1673, 206, 0.032, 0.103, 2.4, 300, NULL),
(1674, 206, 0.032, 0.103, 2.4, 300, NULL),
(1675, 206, 0.032, 1, 2, 30, NULL),
(1676, 206, 0.018, 1, 2, 40, NULL),
(1677, 206, 0.028, 1, 3, 30, NULL),
(1678, 207, 0.028, 0.078, 3, 300, NULL),
(1679, 207, 0.028, 0.078, 3, 300, NULL),
(1680, 207, 0.028, 0.078, 3, 300, NULL),
(1681, 207, 0.028, 0.078, 3, 300, NULL),
(1682, 207, 0.028, 0.078, 3, 300, NULL),
(1683, 207, 0.028, 0.078, 3, 300, NULL),
(1684, 207, 0.028, 0.078, 3, 300, NULL),
(1685, 207, 0.028, 0.078, 3, 300, NULL),
(1686, 208, 0.028, 0.078, 3, 300, NULL),
(1687, 208, 0.028, 0.078, 3, 300, NULL),
(1688, 208, 0.028, 0.078, 3, 300, NULL),
(1689, 208, 0.028, 0.078, 3, 300, NULL),
(1690, 208, 0.028, 0.078, 3, 300, NULL),
(1691, 208, 0.028, 0.078, 3, 300, NULL),
(1692, 208, 0.028, 0.078, 3, 300, NULL),
(1693, 208, 0.028, 0.078, 3, 300, NULL),
(1694, 209, 0.032, 0.103, 2.4, 300, NULL),
(1695, 209, 0.032, 0.103, 2.4, 300, NULL),
(1696, 209, 0.018, 1, 3, 40, NULL),
(1697, 209, 0.028, 1, 3, 30, NULL),
(1698, 210, 0.032, 1, 2.4, 30, NULL),
(1699, 210, 0.032, 1, 2.4, 30, NULL),
(1700, 210, 0.032, 1, 2.4, 30, NULL),
(1701, 210, 0.032, 1, 2.4, 30, NULL),
(1702, 210, 0.032, 1, 2.4, 30, NULL),
(1703, 210, 0.032, 0.103, 2.4, 300, NULL),
(1704, 210, 0.032, 0.103, 2.4, 300, NULL),
(1705, 210, 0.032, 0.103, 2.4, 300, NULL),
(1706, 210, 0.032, 0.103, 2.4, 300, NULL),
(1707, 210, 0.018, 0.095, 2.4, 550, NULL),
(1708, 211, 0.028, 0.078, 3, 300, NULL),
(1709, 211, 0.028, 0.078, 3, 300, NULL),
(1710, 211, 0.028, 0.078, 3, 300, NULL),
(1711, 211, 0.028, 0.078, 3, 300, NULL),
(1712, 211, 0.028, 0.078, 3, 300, NULL),
(1713, 211, 0.028, 0.078, 3, 300, NULL),
(1714, 211, 0.028, 0.078, 3, 300, NULL),
(1715, 211, 0.028, 0.078, 3, 300, NULL),
(1716, 211, 0.028, 0.078, 3, 300, NULL),
(1717, 211, 0.028, 0.078, 3, 300, NULL),
(1718, 211, 0.028, 0.078, 3, 300, NULL),
(1719, 211, 0.028, 0.078, 3, 300, NULL),
(1720, 211, 0.028, 0.078, 2, 300, NULL),
(1721, 211, 0.028, 0.078, 2, 360, NULL),
(1722, 212, 0.032, 0.128, 3.6, 120, NULL),
(1723, 212, 0.018, 1, 3.6, 21, NULL),
(1724, 212, 0.032, 0.103, 3.6, 300, NULL),
(1725, 212, 0.032, 0.08, 3.6, 276, NULL),
(1726, 212, 0.018, 0.103, 3.6, 400, NULL),
(1727, 212, 0.032, 1, 3.6, 75, NULL),
(1728, 212, 0.032, 0.08, 2.4, 840, NULL),
(1729, 212, 0.018, 0.08, 2.4, 480, NULL),
(1730, 212, 0.032, 0.103, 2.4, 250, NULL),
(1731, 212, 0.032, 1, 2.4, 60, NULL),
(1732, 213, 0.032, 0.128, 3.6, 1680, NULL),
(1733, 213, 0.032, 0.128, 2.4, 1560, NULL),
(1734, 214, 0.032, 0.103, 2.4, 300, NULL),
(1735, 214, 0.032, 0.103, 2.4, 300, NULL),
(1736, 214, 0.032, 0.103, 2.4, 300, NULL),
(1737, 214, 0.028, 1, 3, 30, NULL),
(1738, 215, 0.028, 0.078, 3, 300, NULL),
(1739, 215, 0.028, 0.078, 3, 300, NULL),
(1740, 215, 0.028, 0.078, 3, 300, NULL),
(1741, 215, 0.028, 0.078, 3, 300, NULL),
(1742, 215, 0.028, 0.078, 3, 300, NULL),
(1743, 215, 0.028, 0.078, 3, 300, NULL),
(1744, 215, 0.028, 0.078, 3, 300, NULL),
(1745, 215, 0.028, 0.078, 3, 300, NULL),
(1746, 216, 0.028, 0.078, 3, 300, NULL),
(1747, 216, 0.028, 0.078, 3, 300, NULL),
(1748, 216, 0.028, 0.078, 3, 300, NULL),
(1749, 216, 0.028, 0.078, 3, 300, NULL),
(1750, 216, 0.028, 0.078, 3, 300, NULL),
(1751, 216, 0.028, 0.078, 3, 300, NULL),
(1752, 216, 0.028, 0.078, 3, 300, NULL),
(1753, 216, 0.028, 0.078, 3, 300, NULL),
(1754, 217, 0.032, 0.103, 2.4, 300, NULL),
(1755, 217, 0.032, 0.103, 2.4, 300, NULL),
(1756, 217, 0.032, 1, 2.4, 30, NULL),
(1757, 217, 0.032, 1, 2.4, 30, NULL),
(1758, 217, 0.018, 1, 2.4, 40, NULL),
(1759, 218, 0.028, 0.078, 3, 300, NULL),
(1760, 218, 0.028, 0.078, 3, 300, NULL),
(1761, 218, 0.028, 0.078, 3, 300, NULL),
(1762, 218, 0.028, 0.078, 3, 300, NULL),
(1763, 218, 0.028, 0.078, 3, 300, NULL),
(1764, 218, 0.028, 0.078, 3, 300, NULL),
(1765, 218, 0.028, 0.078, 3, 300, NULL),
(1766, 218, 0.028, 0.078, 3, 300, NULL),
(1767, 219, 0.032, 0.103, 2.4, 300, NULL),
(1768, 219, 0.032, 0.103, 2.4, 300, NULL),
(1769, 219, 0.032, 0.103, 2.4, 300, NULL),
(1770, 219, 0.032, 0.103, 2.4, 300, NULL),
(1771, 219, 0.018, 0.095, 2.4, 550, NULL),
(1772, 220, 0.028, 1, 3, 30, NULL),
(1773, 220, 0.028, 1, 3, 30, NULL),
(1774, 220, 0.032, 0.103, 2.4, 300, NULL),
(1775, 220, 0.032, 0.103, 2.4, 300, NULL),
(1776, 220, 0.018, 0.095, 1.8, 550, NULL),
(1777, 220, 0.018, 0.095, 1.8, 550, NULL),
(1778, 221, 0.028, 0.078, 3, 300, NULL),
(1779, 221, 0.028, 0.078, 3, 300, NULL),
(1780, 221, 0.028, 0.078, 3, 300, NULL),
(1781, 221, 0.028, 0.078, 3, 300, NULL),
(1782, 221, 0.028, 0.078, 2, 360, NULL),
(1783, 222, 0.018, 1, 3, 40, NULL),
(1784, 222, 0.032, 0.103, 2.4, 300, NULL),
(1785, 223, 0.028, 0.078, 3, 300, NULL),
(1786, 223, 0.028, 0.078, 3, 300, NULL),
(1787, 223, 0.028, 0.078, 3, 300, NULL),
(1788, 223, 0.028, 0.078, 3, 300, NULL),
(1789, 223, 0.028, 0.078, 3, 300, NULL),
(1790, 223, 0.028, 0.078, 3, 300, NULL),
(1791, 223, 0.028, 0.078, 3, 300, NULL),
(1792, 223, 0.028, 0.078, 3, 300, NULL),
(1793, 223, 0.028, 0.078, 3, 300, NULL),
(1794, 223, 0.028, 0.078, 3, 300, NULL),
(1795, 224, 0.032, 0.128, 3.6, 720, NULL),
(1796, 224, 0.032, 1, 3.6, 30, NULL),
(1797, 224, 0.032, 0.128, 2.4, 720, NULL),
(1798, 224, 0.032, 1, 2.4, 33, NULL),
(1799, 224, 0.032, 0.103, 3.6, 900, NULL),
(1800, 224, 0.032, 0.103, 2.4, 900, NULL),
(1801, 225, 0.032, 0.128, 3.6, 960, NULL),
(1802, 225, 0.032, 0.128, 2.4, 960, NULL),
(1803, 225, 0.032, 1, 2.4, 15, NULL),
(1804, 225, 0.032, 1, 2.4, 21, NULL),
(1805, 225, 0.018, 1, 2.4, 20, NULL),
(1806, 225, 0.018, 1, 3.6, 19, NULL),
(1807, 225, 0.018, 1, 3.6, 21, NULL),
(1808, 225, 0.018, 1, 2.4, 21, NULL),
(1809, 225, 0.018, 1, 2.4, 22, NULL),
(1810, 225, 0.032, 1, 3.6, 16, NULL),
(1811, 225, 0.032, 1, 3.6, 12, NULL),
(1812, 225, 0.032, 1, 3.6, 15, NULL),
(1813, 225, 0.032, 1, 3.6, 15, NULL),
(1814, 225, 0.032, 1, 2.4, 18, NULL),
(1815, 225, 0.018, 1, 2.4, 30, NULL),
(1816, 225, 0.018, 1, 2.4, 20, NULL),
(1817, 226, 0.018, 0.103, 2.4, 190, NULL),
(1818, 226, 0.032, 0.078, 2, 168, NULL),
(1819, 226, 0.032, 0.103, 3.6, 1500, NULL),
(1820, 226, 0.032, 0.103, 2.4, 1200, NULL),
(1821, 226, 0.018, 0.103, 3.6, 200, NULL),
(1822, 226, 0.018, 0.078, 3.6, 240, NULL),
(1823, 226, 0.032, 0.078, 2.4, 360, NULL),
(1824, 227, 0.032, 0.103, 2.4, 300, NULL),
(1825, 227, 0.032, 0.103, 2.4, 300, NULL),
(1826, 227, 0.032, 0.103, 2.4, 300, NULL),
(1827, 227, 0.032, 1, 2.4, 30, NULL),
(1828, 227, 0.032, 1, 2.4, 30, NULL),
(1829, 228, 0.028, 0.078, 3, 300, NULL),
(1830, 228, 0.028, 0.078, 3, 300, NULL),
(1831, 228, 0.028, 0.078, 3, 300, NULL),
(1832, 228, 0.028, 0.078, 3, 300, NULL),
(1833, 228, 0.028, 0.078, 3, 300, NULL),
(1834, 228, 0.028, 0.078, 3, 300, NULL),
(1835, 228, 0.028, 0.078, 3, 300, NULL),
(1836, 228, 0.028, 0.078, 3, 300, NULL),
(1837, 229, 0.028, 1, 3, 30, NULL),
(1838, 229, 0.032, 0.103, 2.4, 300, NULL),
(1839, 229, 0.032, 0.103, 2.4, 300, NULL),
(1840, 229, 0.018, 1, 3.6, 40, NULL),
(1841, 230, 0.028, 0.078, 3, 300, NULL),
(1842, 230, 0.028, 0.078, 3, 300, NULL),
(1843, 230, 0.028, 0.078, 3, 300, NULL),
(1844, 230, 0.028, 0.078, 3, 300, NULL),
(1845, 230, 0.028, 0.078, 3, 300, NULL),
(1846, 230, 0.028, 0.078, 3, 300, NULL),
(1847, 230, 0.028, 0.078, 3, 300, NULL),
(1848, 230, 0.028, 0.078, 3, 300, NULL),
(1849, 231, 0.028, 0.078, 3, 300, NULL),
(1850, 231, 0.028, 0.078, 3, 300, NULL),
(1851, 231, 0.028, 0.078, 3, 300, NULL),
(1852, 231, 0.028, 0.078, 3, 300, NULL),
(1853, 232, 0.032, 0.103, 3.6, 300, NULL),
(1854, 232, 0.032, 0.103, 3.6, 300, NULL),
(1855, 232, 0.032, 1, 2.4, 30, NULL),
(1856, 232, 0.032, 0.103, 2.4, 500, NULL),
(1857, 232, 0.028, 1, 3, 30, NULL),
(1858, 233, 0.028, 0.078, 3, 300, NULL),
(1859, 233, 0.028, 0.078, 3, 300, NULL),
(1860, 233, 0.028, 0.078, 3, 300, NULL),
(1861, 233, 0.028, 0.078, 3, 300, NULL),
(1862, 233, 0.028, 0.078, 3, 300, NULL),
(1863, 233, 0.028, 0.078, 3, 300, NULL),
(1864, 233, 0.028, 0.078, 3, 300, NULL),
(1865, 233, 0.028, 0.078, 3, 300, NULL),
(1866, 233, 0.028, 0.078, 3, 300, NULL),
(1867, 234, 0.028, 1, 3, 30, NULL),
(1868, 234, 0.018, 1, 1.8, 50, NULL),
(1869, 234, 0.032, 0.103, 3.6, 300, NULL),
(1870, 235, 0.028, 0.078, 2, 360, NULL),
(1871, 236, 0.032, 1, 2.4, 30, NULL),
(1872, 236, 0.018, 1, 1.8, 50, NULL),
(1873, 236, 0.018, 1, 3, 40, NULL),
(1874, 236, 0.028, 1, 3, 30, NULL),
(1875, 236, 0.032, 0.103, 3.6, 300, NULL),
(1876, 236, 0.032, 0.103, 3.6, 300, NULL),
(1877, 236, 0.032, 1, 3.6, 30, NULL),
(1878, 237, 0.028, 0.078, 3, 300, NULL),
(1879, 237, 0.028, 0.078, 3, 300, NULL),
(1880, 237, 0.028, 0.078, 3, 300, NULL),
(1881, 237, 0.028, 0.078, 3, 300, NULL),
(1882, 237, 0.028, 0.078, 3, 300, NULL),
(1883, 237, 0.028, 0.078, 3, 300, NULL),
(1884, 237, 0.028, 0.078, 3, 300, NULL),
(1885, 237, 0.028, 0.078, 3, 300, NULL),
(1886, 237, 0.028, 0.078, 3, 300, NULL),
(1887, 237, 0.028, 0.078, 3, 300, NULL),
(1888, 237, 0.028, 0.078, 3, 300, NULL),
(1889, 237, 0.028, 0.078, 3, 300, NULL),
(1890, 237, 0.028, 0.078, 2, 360, NULL),
(1891, 238, 0.028, 0.078, 3, 300, NULL),
(1892, 238, 0.028, 0.078, 3, 300, NULL),
(1893, 238, 0.028, 0.078, 3, 300, NULL),
(1894, 238, 0.028, 0.078, 3, 300, NULL),
(1895, 238, 0.028, 0.078, 3, 300, NULL),
(1896, 238, 0.028, 0.078, 3, 300, NULL),
(1897, 238, 0.028, 0.078, 3, 300, NULL),
(1898, 238, 0.028, 0.078, 3, 300, NULL),
(1899, 239, 0.032, 0.103, 3.6, 300, NULL),
(1900, 239, 0.032, 0.103, 3.6, 300, NULL),
(1901, 239, 0.018, 1, 1.8, 50, NULL),
(1902, 239, 0.018, 1, 3, 40, NULL),
(1903, 240, 0.028, 0.078, 3, 300, NULL),
(1904, 240, 0.028, 0.078, 3, 300, NULL),
(1905, 240, 0.028, 0.078, 3, 300, NULL),
(1906, 240, 0.028, 0.078, 3, 300, NULL),
(1907, 240, 0.028, 0.078, 3, 300, NULL),
(1908, 240, 0.028, 0.078, 3, 300, NULL),
(1909, 240, 0.028, 0.078, 3, 300, NULL),
(1910, 240, 0.028, 0.078, 3, 300, NULL),
(1911, 240, 0.028, 0.078, 3, 300, NULL),
(1912, 240, 0.028, 0.078, 3, 300, NULL),
(1913, 241, 0.032, 0.103, 3.6, 300, NULL),
(1914, 241, 0.028, 1, 3, 30, NULL),
(1915, 242, 0.028, 0.078, 3, 300, NULL),
(1916, 242, 0.028, 0.078, 3, 300, NULL),
(1917, 242, 0.028, 0.078, 3, 300, NULL),
(1918, 242, 0.028, 0.078, 3, 300, NULL),
(1919, 242, 0.028, 0.078, 3, 300, NULL),
(1920, 242, 0.028, 0.078, 3, 300, NULL),
(1921, 242, 0.028, 0.078, 3, 300, NULL),
(1922, 242, 0.028, 0.078, 3, 300, NULL),
(1923, 242, 0.028, 0.078, 3, 300, NULL),
(1924, 242, 0.028, 0.078, 3, 300, NULL),
(1925, 242, 0.028, 0.078, 3, 300, NULL),
(1926, 242, 0.028, 0.078, 3, 300, NULL),
(1927, 243, 0.032, 0.103, 3.6, 1500, NULL),
(1928, 243, 0.032, 1, 3.6, 30, NULL),
(1929, 243, 0.032, 1, 1.8, 30, NULL),
(1930, 244, 0.032, 0.128, 3.6, 1920, NULL),
(1931, 244, 0.032, 0.128, 2.4, 1680, NULL),
(1932, 245, 0.032, 0.103, 3.6, 300, NULL),
(1933, 245, 0.032, 0.103, 3.6, 300, NULL),
(1934, 245, 0.032, 0.103, 3.6, 300, NULL),
(1935, 245, 0.032, 1, 3.6, 30, NULL),
(1936, 245, 0.032, 1, 3.6, 30, NULL),
(1937, 245, 0.032, 1, 3.6, 30, NULL),
(1938, 245, 0.018, 1, 2.4, 50, NULL),
(1939, 246, 0.028, 1, 3, 30, NULL),
(1940, 246, 0.018, 1, 3, 40, NULL),
(1941, 246, 0.018, 1, 3, 40, NULL),
(1942, 246, 0.028, 1, 3, 30, NULL),
(1943, 246, 0.028, 1, 3, 30, NULL),
(1944, 246, 0.028, 1, 3, 30, NULL),
(1945, 246, 0.018, 1, 3, 50, NULL),
(1946, 246, 0.018, 1, 3, 40, NULL),
(1947, 247, 0.028, 0.078, 3, 300, NULL),
(1948, 247, 0.028, 0.078, 3, 300, NULL),
(1949, 247, 0.028, 0.078, 3, 300, NULL),
(1950, 247, 0.028, 0.078, 3, 300, NULL),
(1951, 247, 0.028, 0.078, 3, 300, NULL),
(1952, 247, 0.028, 0.078, 3, 300, NULL),
(1953, 247, 0.028, 0.078, 3, 300, NULL),
(1954, 247, 0.028, 0.078, 3, 300, NULL),
(1955, 247, 0.028, 0.078, 3, 300, NULL),
(1956, 247, 0.028, 0.078, 3, 300, NULL),
(1957, 247, 0.028, 0.078, 3, 300, NULL),
(1958, 247, 0.028, 0.078, 3, 300, NULL),
(1959, 247, 0.028, 0.078, 2, 300, NULL),
(1960, 248, 0.028, 0.078, 3, 300, NULL),
(1961, 248, 0.028, 0.078, 3, 300, NULL),
(1962, 248, 0.028, 0.078, 3, 300, NULL),
(1963, 248, 0.028, 0.078, 3, 300, NULL),
(1964, 248, 0.028, 0.078, 3, 300, NULL),
(1965, 248, 0.028, 0.078, 3, 300, NULL),
(1966, 248, 0.028, 0.078, 3, 300, NULL),
(1967, 248, 0.028, 0.078, 3, 300, NULL),
(1968, 248, 0.028, 0.078, 3, 300, NULL),
(1969, 248, 0.028, 0.078, 3, 300, NULL),
(1970, 248, 0.028, 0.078, 3, 300, NULL),
(1971, 248, 0.028, 0.078, 3, 300, NULL),
(1972, 248, 0.028, 0.078, 2, 360, NULL),
(1973, 249, 0.028, 0.078, 3, 300, NULL),
(1974, 249, 0.028, 0.078, 3, 300, NULL),
(1975, 249, 0.028, 0.078, 3, 300, NULL),
(1976, 249, 0.028, 0.078, 3, 300, NULL),
(1977, 249, 0.028, 0.078, 3, 300, NULL),
(1978, 249, 0.028, 0.078, 3, 300, NULL),
(1979, 249, 0.028, 0.078, 3, 300, NULL),
(1980, 249, 0.028, 0.078, 3, 300, NULL),
(1981, 249, 0.028, 0.078, 3, 300, NULL),
(1982, 249, 0.028, 0.078, 3, 300, NULL),
(1983, 249, 0.028, 0.078, 3, 300, NULL),
(1984, 249, 0.028, 0.078, 3, 300, NULL),
(1985, 250, 0.028, 0.078, 3, 300, NULL),
(1986, 250, 0.028, 0.078, 3, 300, NULL),
(1987, 250, 0.028, 0.078, 3, 300, NULL),
(1988, 250, 0.028, 0.078, 3, 300, NULL),
(1989, 250, 0.028, 0.078, 3, 300, NULL),
(1990, 250, 0.028, 0.078, 3, 300, NULL),
(1991, 250, 0.028, 0.078, 3, 300, NULL),
(1992, 250, 0.028, 0.078, 3, 300, NULL),
(1993, 250, 0.028, 0.078, 3, 300, NULL),
(1994, 250, 0.028, 0.078, 3, 300, NULL),
(1995, 250, 0.028, 0.078, 3, 300, NULL),
(1996, 250, 0.028, 0.078, 3, 300, NULL),
(1997, 251, 0.028, 0.078, 3, 300, NULL),
(1998, 251, 0.028, 0.078, 3, 300, NULL),
(1999, 251, 0.028, 0.078, 3, 300, NULL),
(2000, 251, 0.028, 0.078, 3, 300, NULL),
(2001, 251, 0.028, 0.078, 3, 300, NULL),
(2002, 251, 0.028, 0.078, 3, 300, NULL),
(2003, 251, 0.028, 0.078, 3, 300, NULL),
(2004, 251, 0.028, 0.078, 3, 300, NULL),
(2005, 251, 0.028, 0.078, 3, 300, NULL),
(2006, 251, 0.028, 0.078, 3, 300, NULL),
(2007, 251, 0.028, 0.078, 3, 300, NULL),
(2008, 251, 0.028, 0.078, 3, 300, NULL),
(2009, 252, 0.032, 0.128, 3.6, 1320, NULL),
(2010, 252, 0.032, 0.128, 2.4, 1680, NULL),
(2011, 252, 0.032, 1, 2.4, 15, NULL),
(2012, 252, 0.032, 1, 2, 15, NULL),
(2013, 252, 0.6, 0.8, 3.6, 1, NULL),
(2014, 252, 0.032, 1, 2, 15, NULL),
(2015, 253, 0.032, 0.078, 2.4, 540, NULL),
(2016, 253, 0.018, 1, 2.4, 20, NULL),
(2017, 253, 0.032, 0.103, 2.4, 1800, NULL),
(2018, 253, 0.032, 0.103, 3.6, 1500, NULL),
(2019, 253, 0.018, 0.078, 2.4, 440, NULL),
(2020, 253, 0.018, 0.078, 2.4, 240, NULL),
(2021, 253, 0.018, 0.103, 2.4, 240, NULL),
(2022, 254, 0.032, 0.103, 3.6, 300, NULL),
(2023, 254, 0.032, 0.103, 3.6, 300, NULL),
(2024, 254, 0.032, 0.103, 3.6, 300, NULL),
(2025, 254, 0.032, 0.103, 3.6, 300, NULL),
(2026, 254, 0.032, 1, 3.6, 30, NULL),
(2027, 254, 0.032, 1, 3.6, 30, NULL),
(2028, 254, 0.018, 1, 2.4, 40, NULL),
(2029, 255, 0.028, 0.078, 3, 300, NULL),
(2030, 255, 0.028, 0.078, 3, 300, NULL),
(2031, 255, 0.028, 0.078, 3, 300, NULL),
(2032, 255, 0.028, 0.078, 3, 300, NULL),
(2033, 255, 0.028, 0.078, 3, 300, NULL),
(2034, 255, 0.028, 0.078, 3, 300, NULL),
(2035, 255, 0.028, 0.078, 3, 300, NULL),
(2036, 255, 0.028, 0.078, 3, 300, NULL),
(2037, 255, 0.028, 0.078, 3, 300, NULL),
(2038, 255, 0.028, 0.078, 3, 300, NULL),
(2039, 255, 0.028, 0.078, 3, 300, NULL),
(2040, 255, 0.028, 0.078, 3, 300, NULL),
(2041, 256, 0.032, 1, 3.6, 30, NULL),
(2042, 256, 0.032, 0.103, 3.6, 300, NULL),
(2043, 256, 0.032, 0.103, 3.6, 300, NULL),
(2044, 256, 0.032, 0.103, 3.6, 300, NULL),
(2045, 256, 0.032, 0.103, 3.6, 300, NULL),
(2046, 256, 0.032, 0.103, 3.6, 300, NULL),
(2047, 256, 0.028, 1, 2, 30, NULL),
(2048, 257, 0.032, 0.128, 3.6, 1440, NULL),
(2049, 257, 0.032, 0.128, 2.4, 1440, NULL),
(2050, 257, 0.032, 1, 3.6, 30, NULL),
(2051, 257, 0.032, 0.9, 3.6, 30, NULL),
(2052, 257, 0.018, 0.9, 2.4, 40, NULL),
(2053, 257, 0.032, 0.9, 2.4, 30, NULL),
(2054, 258, 0.032, 0.128, 3.6, 1680, NULL),
(2055, 258, 0.032, 0.128, 2.4, 1920, NULL),
(2056, 258, 0.032, 1, 3.6, 30, NULL),
(2057, 259, 0.032, 0.103, 3.6, 1800, NULL),
(2058, 259, 0.032, 0.103, 2.4, 1650, NULL),
(2059, 259, 0.032, 0.078, 2, 178, NULL),
(2060, 260, 0.032, 0.128, 3.6, 440, NULL),
(2061, 260, 0.032, 1, 3.6, 112, NULL),
(2062, 260, 0.032, 1, 2.4, 87, NULL),
(2063, 260, 1.15, 1, 2.4, 1, NULL),
(2064, 260, 0.032, 1, 2, 18, NULL),
(2065, 260, 0.018, 1, 2.4, 22, NULL),
(2066, 260, 0.032, 1, 3, 30, NULL),
(2067, 260, 0.018, 1, 3.6, 30, NULL),
(2068, 261, 0.036, 0.128, 3.6, 240, NULL),
(2069, 261, 0.032, 0.128, 3.6, 960, NULL),
(2070, 261, 0.036, 0.128, 2.4, 368, NULL),
(2071, 261, 0.032, 0.128, 2.4, 1144, NULL),
(2072, 261, 0.032, 1, 2.4, 103, NULL),
(2073, 262, 0.018, 1, 3, 40, NULL),
(2074, 262, 0.028, 1, 3, 120, NULL),
(2075, 262, 0.032, 0.103, 3.6, 300, NULL),
(2076, 262, 0.018, 0.095, 3.6, 550, NULL),
(2077, 262, 0.018, 0.095, 1.8, 550, NULL),
(2078, 263, 0.028, 0.078, 3, 300, NULL),
(2079, 263, 0.028, 0.078, 3, 300, NULL),
(2080, 263, 0.028, 0.078, 3, 300, NULL),
(2081, 263, 0.028, 0.078, 3, 300, NULL),
(2082, 263, 0.028, 0.078, 3, 300, NULL),
(2083, 263, 0.028, 0.078, 3, 300, NULL),
(2084, 263, 0.028, 0.078, 3, 300, NULL),
(2085, 263, 0.028, 0.078, 3, 300, NULL),
(2086, 263, 0.028, 0.078, 3, 300, NULL),
(2087, 263, 0.028, 0.078, 3, 300, NULL),
(2088, 263, 0.028, 0.078, 3, 300, NULL),
(2089, 263, 0.028, 0.078, 3, 300, NULL),
(2090, 263, 0.028, 0.078, 2, 360, NULL),
(2091, 263, 0.028, 0.078, 2, 312, NULL),
(2092, 264, 0.028, 0.078, 3, 300, NULL),
(2093, 264, 0.028, 0.078, 3, 300, NULL),
(2094, 264, 0.028, 0.078, 3, 300, NULL),
(2095, 264, 0.028, 0.078, 3, 300, NULL),
(2096, 264, 0.028, 0.078, 3, 300, NULL),
(2097, 264, 0.028, 0.078, 3, 300, NULL),
(2098, 264, 0.028, 0.078, 3, 300, NULL),
(2099, 264, 0.028, 0.078, 3, 300, NULL),
(2100, 264, 0.028, 0.078, 3, 300, NULL),
(2101, 265, 0.028, 1, 3, 30, NULL),
(2102, 265, 0.028, 1, 3, 30, NULL),
(2103, 265, 0.018, 1, 3, 40, NULL),
(2104, 266, 0.032, 0.103, 3.6, 300, NULL),
(2105, 266, 0.032, 1, 3.6, 30, NULL),
(2106, 266, 0.032, 1, 2.4, 13, NULL),
(2107, 266, 0.032, 1, 1.8, 11, NULL),
(2108, 266, 0.018, 0.078, 1.8, 600, NULL),
(2109, 266, 0.032, 1, 2.4, 60, NULL),
(2110, 266, 0.018, 1, 2.4, 40, NULL),
(2111, 266, 0.032, 1, 2.4, 7, NULL),
(2112, 266, 0.028, 1, 3, 30, NULL),
(2113, 267, 0.035, 0.085, 3, 240, NULL),
(2114, 267, 0.035, 0.085, 3, 240, NULL),
(2115, 267, 0.035, 0.085, 3, 240, NULL),
(2116, 267, 0.035, 0.085, 3, 240, NULL),
(2117, 267, 0.035, 0.085, 3, 240, NULL),
(2118, 267, 0.035, 0.085, 3, 240, NULL),
(2119, 267, 0.035, 0.085, 3, 240, NULL),
(2120, 267, 0.035, 0.085, 3, 240, NULL),
(2121, 268, 0.018, 1, 3.6, 40, NULL),
(2122, 268, 0.028, 1, 3, 30, NULL),
(2123, 268, 0.032, 0.103, 2.4, 300, NULL),
(2124, 268, 0.032, 0.103, 2.4, 300, NULL),
(2125, 269, 0.032, 0.103, 2.4, 1800, NULL),
(2126, 269, 0.032, 1, 2.4, 30, NULL),
(2127, 269, 0.036, 0.178, 3.6, 180, NULL),
(2128, 269, 0.036, 0.103, 3.6, 300, NULL),
(2129, 270, 0.036, 0.128, 3.6, 240, NULL),
(2130, 270, 0.032, 0.103, 2.4, 300, NULL),
(2131, 270, 0.032, 0.103, 2.4, 300, NULL),
(2132, 270, 0.036, 0.153, 3.6, 210, NULL),
(2133, 270, 0.028, 1, 1.8, 30, NULL),
(2134, 270, 0.028, 1, 3, 30, NULL),
(2135, 270, 0.018, 0.095, 2.4, 550, NULL),
(2136, 270, 0.032, 1, 2, 30, NULL),
(2137, 270, 0.018, 0.078, 2, 600, NULL),
(2138, 271, 0.035, 0.085, 3, 240, NULL),
(2139, 271, 0.035, 0.085, 3, 240, NULL),
(2140, 271, 0.035, 0.085, 3, 240, NULL),
(2141, 271, 0.035, 0.085, 3, 240, NULL),
(2142, 271, 0.035, 0.085, 3, 240, NULL),
(2143, 271, 0.035, 0.085, 3, 240, NULL),
(2144, 271, 0.035, 0.085, 3, 240, NULL),
(2145, 271, 0.035, 0.085, 3, 240, NULL),
(2146, 271, 0.035, 0.085, 3, 240, NULL),
(2147, 271, 0.035, 0.085, 3, 240, NULL),
(2148, 271, 0.035, 0.085, 3, 240, NULL),
(2149, 271, 0.035, 0.085, 3, 240, NULL),
(2150, 272, 0.032, 1, 3.6, 15, NULL),
(2151, 272, 0.036, 0.103, 3.6, 300, NULL),
(2152, 272, 0.036, 0.128, 3.6, 856, NULL),
(2153, 272, 0.036, 1, 3.6, 30, NULL),
(2154, 272, 0.036, 0.128, 2.4, 968, NULL),
(2155, 272, 0.036, 0.103, 2.4, 450, NULL),
(2156, 272, 0.036, 1, 2.4, 30, NULL),
(2157, 272, 0.018, 1, 3.6, 40, NULL),
(2158, 273, 0.036, 0.128, 3.6, 1200, NULL),
(2159, 273, 0.032, 0.103, 3.6, 300, NULL),
(2160, 273, 0.036, 0.128, 2.4, 1432, NULL),
(2161, 274, 0.036, 0.128, 2.4, 480, NULL),
(2162, 274, 0.036, 0.103, 2.4, 900, NULL),
(2163, 274, 0.036, 0.128, 3.6, 960, NULL),
(2164, 274, 0.036, 0.103, 3.6, 1100, NULL),
(2165, 275, 0.036, 0.128, 3.6, 968, NULL),
(2166, 275, 0.036, 0.103, 3.6, 600, NULL),
(2167, 275, 0.036, 0.128, 2.4, 840, NULL),
(2168, 275, 0.036, 0.103, 2.4, 600, NULL),
(2169, 275, 0.036, 0.078, 1.8, 180, NULL),
(2170, 276, 0.032, 0.103, 2.4, 2400, NULL),
(2171, 276, 0.032, 1, 2.4, 60, NULL),
(2172, 277, 0.035, 0.085, 2, 240, NULL),
(2173, 278, 0.032, 1, 2.4, 103, NULL),
(2174, 278, 0.035, 1, 3, 30, NULL),
(2175, 278, 0.018, 1, 3, 40, NULL),
(2176, 278, 0.032, 0.103, 2.4, 600, NULL),
(2177, 278, 0.018, 1, 3.6, 40, NULL),
(2178, 279, 0.035, 0.085, 3, 240, NULL),
(2179, 279, 0.035, 0.085, 3, 240, NULL),
(2180, 279, 0.035, 0.085, 3, 240, NULL),
(2181, 279, 0.035, 0.085, 3, 240, NULL),
(2182, 279, 0.035, 0.085, 3, 240, NULL),
(2183, 279, 0.035, 0.085, 3, 240, NULL),
(2184, 279, 0.035, 0.085, 3, 240, NULL),
(2185, 279, 0.035, 0.085, 3, 240, NULL),
(2186, 279, 0.035, 0.085, 3, 240, NULL),
(2187, 279, 0.035, 0.085, 3, 240, NULL),
(2188, 279, 0.035, 0.085, 3, 240, NULL),
(2189, 279, 0.035, 0.085, 3, 240, NULL),
(2190, 279, 0.028, 0.078, 3, 189, NULL),
(2191, 280, 0.036, 0.128, 3.6, 240, NULL),
(2192, 280, 0.036, 0.153, 3.6, 210, NULL),
(2193, 280, 0.036, 0.103, 3.6, 300, NULL),
(2194, 280, 0.036, 0.103, 3.6, 300, NULL),
(2195, 280, 0.018, 1, 3, 40, NULL),
(2196, 280, 0.036, 0.178, 3.6, 180, NULL),
(2197, 280, 0.018, 1, 2, 11, NULL),
(2198, 280, 0.018, 1, 1.8, 14, NULL),
(2199, 280, 0.018, 1, 1.8, 50, NULL),
(2200, 281, 0.035, 0.085, 3, 240, NULL),
(2201, 281, 0.035, 0.085, 3, 240, NULL),
(2202, 281, 0.035, 0.085, 3, 240, NULL),
(2203, 281, 0.035, 0.085, 3, 240, NULL),
(2204, 281, 0.035, 0.085, 3, 240, NULL),
(2205, 281, 0.035, 0.085, 3, 240, NULL),
(2206, 281, 0.035, 0.085, 3, 240, NULL),
(2207, 281, 0.035, 0.085, 3, 240, NULL),
(2208, 282, 0.035, 1, 3, 30, NULL),
(2209, 282, 0.028, 1, 3, 31, NULL),
(2210, 282, 0.028, 1, 2, 8, NULL),
(2211, 282, 0.018, 0.095, 3, 550, NULL),
(2212, 282, 0.018, 1, 3, 40, NULL),
(2213, 283, 0.035, 0.085, 3, 240, NULL),
(2214, 283, 0.035, 0.085, 3, 240, NULL),
(2215, 283, 0.035, 0.085, 3, 240, NULL),
(2216, 283, 0.035, 0.085, 3, 240, NULL),
(2217, 284, 0.036, 1, 3.6, 30, NULL),
(2218, 284, 0.018, 0.078, 3, 600, NULL),
(2219, 284, 0.018, 0.095, 2.4, 550, NULL),
(2220, 284, 0.018, 0.095, 1.8, 550, NULL),
(2221, 284, 0.018, 1, 3.6, 40, NULL),
(2222, 284, 0.018, 0.095, 3.6, 550, NULL),
(2223, 285, 0.018, 1, 3, 40, NULL),
(2224, 285, 0.036, 0.103, 3.6, 300, NULL),
(2225, 285, 0.018, 0.078, 2.4, 600, NULL),
(2226, 285, 0.018, 1, 2.4, 40, NULL),
(2227, 286, 0.035, 0.085, 3, 240, NULL),
(2228, 286, 0.035, 0.085, 3, 240, NULL),
(2229, 286, 0.035, 0.085, 3, 240, NULL),
(2230, 286, 0.035, 0.085, 3, 240, NULL),
(2231, 286, 0.035, 0.085, 3, 240, NULL),
(2232, 286, 0.035, 0.085, 3, 240, NULL),
(2233, 286, 0.035, 0.085, 3, 240, NULL),
(2234, 286, 0.035, 0.085, 3, 240, NULL),
(2235, 287, 0.036, 0.178, 3.6, 180, NULL),
(2236, 287, 0.036, 0.153, 3.6, 210, NULL),
(2237, 287, 0.035, 1, 3, 30, NULL),
(2238, 287, 0.018, 1, 3, 40, NULL),
(2239, 287, 0.036, 0.128, 3.6, 240, NULL),
(2240, 287, 0.036, 0.103, 3.6, 300, NULL),
(2241, 288, 0.035, 0.085, 3, 2880, NULL),
(2242, 289, 0.036, 0.9, 3.6, 30, NULL),
(2243, 289, 0.036, 0.178, 3.6, 180, NULL),
(2244, 289, 0.035, 1, 3, 30, NULL),
(2245, 289, 0.036, 0.103, 3.6, 300, NULL),
(2246, 289, 0.036, 0.128, 3.6, 240, NULL),
(2247, 289, 0.036, 0.153, 3.6, 210, NULL),
(2248, 289, 0.032, 1, 1.8, 11.5, NULL),
(2249, 290, 0.035, 0.085, 3, 2880, NULL),
(2250, 291, 0.036, 0.128, 3.6, 240, NULL),
(2251, 291, 0.036, 0.103, 3.6, 300, NULL),
(2252, 291, 0.036, 0.103, 3.6, 300, NULL),
(2253, 291, 0.018, 1, 3, 40, NULL),
(2254, 291, 0.018, 0.9, 2, 40, NULL),
(2255, 291, 0.035, 1, 3, 30, NULL),
(2256, 291, 0.036, 0.178, 3.6, 180, NULL),
(2257, 292, 0.035, 0.085, 3, 2880, NULL),
(2258, 292, 0.035, 0.085, 2, 240, NULL),
(2259, 292, 0.035, 0.085, 2, 240, NULL),
(2260, 293, 0.018, 1, 3, 40, NULL),
(2261, 293, 0.018, 1, 3, 40, NULL),
(2262, 293, 0.018, 0.085, 3, 600, NULL),
(2263, 293, 0.035, 1, 3, 30, NULL),
(2264, 294, 0.035, 0.085, 3, 1920, NULL),
(2265, 295, 0.035, 0.085, 3, 960, NULL),
(2266, 296, 0.036, 1, 3.6, 30, NULL),
(2267, 296, 0.036, 0.153, 3.6, 210, NULL),
(2268, 296, 0.018, 1, 3.6, 40, NULL),
(2269, 296, 0.036, 0.103, 3.6, 300, NULL),
(2270, 296, 0.018, 0.078, 1.8, 600, NULL),
(2271, 297, 0.032, 0.103, 3.6, 150, NULL),
(2272, 297, 0.036, 0.103, 3.6, 1050, NULL),
(2273, 297, 0.018, 1, 3.6, 60, NULL),
(2274, 297, 0.036, 0.128, 3.6, 240, NULL),
(2275, 297, 0.036, 0.103, 2.4, 600, NULL),
(2276, 297, 0.036, 0.128, 2.4, 480, NULL),
(2277, 297, 0.036, 1, 2.4, 16, NULL),
(2278, 297, 0.018, 0.078, 2.4, 228, NULL),
(2279, 297, 0.036, 0.078, 2.4, 360, NULL),
(2280, 298, 0.036, 0.128, 3.6, 840, NULL),
(2281, 298, 0.036, 0.128, 2.4, 840, NULL),
(2282, 298, 0.036, 0.103, 2.4, 600, NULL),
(2283, 298, 0.036, 0.103, 3.6, 750, NULL),
(2284, 298, 0.036, 0.078, 2.4, 120, NULL),
(2285, 299, 0.036, 0.128, 2.4, 480, NULL),
(2286, 299, 0.036, 0.128, 3.6, 960, NULL),
(2287, 299, 0.036, 1, 3.6, 105, NULL),
(2288, 299, 0.036, 1, 3.6, 7, NULL),
(2289, 299, 0.019, 1, 3.6, 8, NULL),
(2290, 300, 0.035, 0.085, 3, 2880, NULL),
(2291, 300, 0.035, 0.085, 2, 240, NULL),
(2292, 301, 0.036, 0.103, 3.6, 300, NULL),
(2293, 301, 0.036, 0.178, 3.6, 180, NULL),
(2294, 301, 0.036, 0.153, 3.6, 210, NULL),
(2295, 301, 0.036, 0.153, 3.6, 210, NULL),
(2296, 301, 0.036, 0.128, 3.6, 240, NULL),
(2297, 301, 0.035, 1, 3, 30, NULL),
(2298, 301, 0.018, 1, 2, 39, NULL),
(2299, 302, 0.035, 0.085, 3, 2880, NULL),
(2300, 303, 0.036, 1, 3.6, 30, NULL),
(2301, 303, 0.036, 1, 3.6, 30, NULL),
(2302, 303, 0.036, 1, 3.6, 30, NULL),
(2303, 303, 0.018, 1, 3, 40, NULL),
(2304, 303, 0.018, 1, 3, 40, NULL),
(2305, 303, 0.018, 1, 3, 40, NULL),
(2306, 303, 0.018, 0.095, 1.8, 550, NULL),
(2307, 304, 0.018, 0.095, 3.6, 550, NULL),
(2308, 304, 0.018, 1, 3, 40, NULL),
(2309, 304, 0.018, 1, 3, 40, NULL),
(2310, 304, 0.036, 0.103, 3.6, 300, NULL),
(2311, 304, 0.036, 0.128, 3.6, 240, NULL),
(2312, 304, 0.036, 0.178, 3.6, 180, NULL),
(2313, 304, 0.018, 0.095, 2.4, 550, NULL),
(2314, 305, 0.036, 0.128, 2.4, 960, NULL),
(2315, 305, 0.036, 0.128, 3.6, 1320, NULL),
(2316, 305, 0.036, 0.078, 1.8, 180, NULL),
(2317, 305, 0.036, 0.103, 3.6, 750, NULL),
(2318, 305, 0.018, 1, 1.8, 33, NULL),
(2319, 306, 0.036, 0.103, 3.6, 1200, NULL),
(2320, 306, 0.036, 0.103, 2.4, 1310, NULL),
(2321, 306, 0.036, 0.078, 1.8, 708, NULL),
(2322, 306, 0.036, 0.078, 2.4, 360, NULL),
(2323, 306, 0.018, 0.078, 3.6, 168, NULL),
(2324, 306, 0.018, 1, 3.6, 46, NULL),
(2325, 306, 0.036, 0.103, 2, 240, NULL),
(2326, 307, 0.035, 0.085, 3, 2160, NULL),
(2327, 307, 0.035, 0.085, 3, 756, NULL),
(2328, 307, 0.035, 0.085, 2, 240, NULL),
(2329, 308, 0.028, 0.078, 2, 325, NULL),
(2330, 309, 0.036, 0.128, 3.6, 240, NULL),
(2331, 309, 0.036, 0.153, 3.6, 210, NULL),
(2332, 309, 0.036, 0.153, 3.6, 210, NULL),
(2333, 309, 0.036, 0.178, 3.6, 180, NULL),
(2334, 309, 0.035, 1, 3, 30, NULL),
(2335, 309, 0.018, 1, 3, 40, NULL),
(2336, 310, 0.035, 0.085, 3, 2880, NULL),
(2337, 311, 0.028, 0.078, 3, 3600, NULL),
(2338, 311, 0.028, 0.078, 3, 62, NULL),
(2339, 312, 0.018, 1, 3, 40, NULL),
(2340, 312, 0.018, 1, 3, 40, NULL),
(2341, 312, 0.018, 1, 3, 40, NULL),
(2342, 312, 0.018, 1, 3, 40, NULL),
(2343, 312, 0.036, 0.153, 3.6, 210, NULL),
(2344, 312, 0.036, 0.153, 3.6, 210, NULL),
(2345, 312, 0.036, 0.103, 3.6, 300, NULL),
(2346, 313, 0.036, 0.153, 3.6, 210, NULL),
(2347, 313, 0.036, 0.103, 3.6, 300, NULL),
(2348, 313, 0.036, 0.128, 3.6, 240, NULL),
(2349, 313, 0.036, 0.128, 3.6, 240, NULL),
(2350, 313, 0.036, 0.178, 3.6, 180, NULL),
(2351, 313, 0.036, 1, 3.6, 30, NULL),
(2352, 313, 0.018, 0.095, 1.8, 550, NULL),
(2353, 314, 0.035, 1, 3, 30, NULL),
(2354, 314, 0.035, 1, 3, 30, NULL),
(2355, 315, 0.035, 0.085, 3, 2400, NULL),
(2356, 315, 0.035, 0.085, 3, 90, NULL),
(2357, 315, 0.035, 0.085, 2, 240, NULL),
(2358, 316, 0.036, 0.128, 3.6, 840, NULL),
(2359, 316, 0.018, 1, 3.6, 18, NULL),
(2360, 316, 0.036, 1, 3.6, 60, NULL),
(2361, 316, 0.036, 0.128, 2.4, 1440, NULL),
(2362, 317, 0.036, 0.103, 2.4, 1500, NULL),
(2363, 317, 0.036, 0.103, 3.6, 750, NULL),
(2364, 317, 0.036, 0.128, 3.6, 720, NULL),
(2365, 317, 0.036, 0.128, 2.4, 240, NULL),
(2366, 318, 0.036, 1, 2.4, 135, NULL),
(2367, 318, 0.018, 1, 2.4, 49, NULL),
(2368, 318, 0.032, 1, 2.4, 19, NULL),
(2369, 318, 0.036, 1, 3.6, 161, NULL),
(2370, 318, 0.018, 1, 3.6, 17, NULL),
(2371, 319, 0.036, 0.103, 3.6, 300, NULL),
(2372, 319, 0.036, 0.103, 3.6, 300, NULL),
(2373, 319, 0.036, 0.153, 3.6, 210, NULL),
(2374, 319, 0.018, 1, 3, 160, NULL),
(2375, 320, 0.018, 1, 3, 50, NULL),
(2376, 320, 0.018, 1, 3, 40, NULL),
(2377, 320, 0.018, 1, 3, 40, NULL),
(2378, 320, 0.035, 1, 3, 30, NULL),
(2379, 320, 0.036, 1, 3.6, 30, NULL),
(2380, 320, 0.036, 0.128, 3.6, 240, NULL),
(2381, 320, 0.036, 0.178, 3.6, 180, NULL),
(2382, 321, 0.036, 0.153, 3.6, 210, NULL),
(2383, 321, 0.036, 0.153, 3.6, 210, NULL),
(2384, 321, 0.036, 0.103, 3.6, 300, NULL),
(2385, 321, 0.036, 0.103, 3.6, 300, NULL),
(2386, 321, 0.036, 0.128, 3.6, 240, NULL),
(2387, 321, 0.036, 0.128, 3.6, 240, NULL),
(2388, 321, 0.018, 0.078, 2.4, 600, NULL),
(2389, 322, 0.036, 0.128, 3.6, 720, NULL),
(2390, 322, 0.036, 1, 3.6, 89, NULL),
(2391, 322, 0.018, 1, 3.6, 17, NULL),
(2392, 322, 0.036, 0.128, 2.4, 632, NULL),
(2393, 322, 0.036, 1, 2.4, 64, NULL),
(2394, 322, 0.018, 1, 2.4, 86, NULL),
(2395, 323, 0.036, 1, 3.6, 60, NULL),
(2396, 323, 0.018, 1, 3.6, 38, NULL),
(2397, 323, 0.036, 1, 2.4, 170, NULL),
(2398, 323, 0.018, 1, 2.4, 75, NULL),
(2399, 323, 0.018, 1, 1.8, 33, NULL),
(2400, 323, 0.036, 0.128, 2.4, 480, NULL),
(2401, 323, 0.036, 0.128, 3.6, 240, NULL),
(2402, 324, 0.036, 0.103, 3.6, 1500, NULL),
(2403, 324, 0.036, 0.103, 2.4, 900, NULL),
(2404, 324, 0.036, 0.128, 2.4, 720, NULL),
(2405, 324, 0.036, 0.128, 3.6, 240, NULL),
(2406, 325, 0.036, 0.128, 3.6, 720, NULL),
(2407, 325, 0.036, 0.128, 2.4, 1200, NULL),
(2408, 325, 0.018, 1, 3.6, 21, NULL),
(2409, 325, 0.018, 1, 3.6, 27, NULL),
(2410, 325, 0.036, 1, 3.6, 61, NULL),
(2411, 325, 0.036, 1, 2.4, 30, NULL),
(2412, 326, 0.036, 0.103, 2.4, 1200, NULL),
(2413, 326, 0.036, 0.078, 2.4, 360, NULL),
(2414, 326, 0.018, 1, 3.6, 21, NULL),
(2415, 326, 0.036, 0.103, 3.6, 1050, NULL),
(2416, 326, 0.018, 0.078, 3.6, 492, NULL),
(2417, 326, 0.036, 0.078, 3.6, 360, NULL),
(2418, 326, 0.036, 0.078, 2, 327, NULL),
(2419, 327, 0.036, 0.128, 3.6, 1200, NULL),
(2420, 327, 0.036, 0.128, 2.4, 480, NULL),
(2421, 327, 0.036, 1, 2.4, 104, NULL),
(2422, 327, 0.018, 1, 2.4, 44, NULL),
(2423, 327, 0.036, 1, 3.6, 15, NULL),
(2424, 327, 0.036, 0.9, 3.6, 10, NULL),
(2425, 327, 0.032, 1, 3.6, 10, NULL),
(2426, 328, 0.018, 1, 3, 40, NULL),
(2427, 328, 0.035, 1, 3, 30, NULL),
(2428, 328, 0.036, 0.178, 3.6, 180, NULL),
(2429, 328, 0.018, 0.9, 1.8, 40, NULL),
(2430, 328, 0.036, 0.128, 3.6, 240, NULL),
(2431, 328, 0.036, 0.153, 3.6, 210, NULL),
(2432, 328, 0.018, 1, 3.6, 40, NULL),
(2433, 329, 0.036, 0.103, 3.6, 600, NULL),
(2434, 329, 0.036, 0.178, 3.6, 180, NULL),
(2435, 329, 0.036, 0.153, 3.6, 420, NULL),
(2436, 329, 0.036, 1, 3.6, 30, NULL),
(2437, 329, 0.018, 0.078, 1.8, 600, NULL),
(2438, 330, 0.028, 0.078, 3, 3000, NULL),
(2439, 330, 0.028, 0.078, 2, 325, NULL),
(2440, 330, 0.028, 0.078, 2, 80, NULL),
(2441, 330, 0.035, 0.085, 2, 252, NULL),
(2442, 330, 0.028, 0.078, 2, 281, NULL),
(2443, 331, 0.018, 1, 2, 40, NULL),
(2444, 332, 0.036, 0.103, 3.6, 300, NULL),
(2445, 332, 0.036, 0.128, 3.6, 480, NULL),
(2446, 332, 0.036, 0.153, 3.6, 210, NULL),
(2447, 332, 0.036, 0.178, 3.6, 180, NULL),
(2448, 332, 0.036, 1, 3.6, 30, NULL),
(2449, 332, 0.036, 0.103, 2.4, 300, NULL),
(2450, 333, 0.036, 0.153, 3.6, 420, NULL),
(2451, 333, 0.036, 0.103, 3.6, 300, NULL),
(2452, 333, 0.035, 1, 3, 25, NULL),
(2453, 333, 0.036, 0.103, 2.4, 300, NULL),
(2454, 333, 0.018, 1, 3, 40, NULL),
(2455, 333, 0.036, 0.178, 3.6, 180, NULL),
(2456, 334, 0.036, 0.128, 3.6, 240, NULL),
(2457, 334, 0.036, 0.155, 3.6, 194, NULL),
(2458, 334, 0.036, 0.103, 3.6, 300, NULL),
(2459, 334, 0.036, 0.178, 3.6, 180, NULL),
(2460, 334, 0.018, 1, 3.6, 27, NULL),
(2461, 334, 0.036, 0.178, 3.6, 64, NULL),
(2462, 334, 0.036, 1, 3.6, 30, NULL),
(2463, 334, 0.036, 1, 2.4, 30, NULL),
(2464, 335, 0.036, 1, 2.4, 90, NULL),
(2465, 335, 0.036, 0.103, 2.4, 1500, NULL),
(2466, 335, 0.036, 0.178, 2.4, 180, NULL),
(2467, 335, 0.036, 0.153, 2.4, 210, NULL),
(2468, 336, 0.036, 0.153, 3.6, 210, NULL),
(2469, 336, 0.036, 0.128, 3.6, 526, NULL),
(2470, 336, 0.036, 0.103, 3.6, 744, NULL),
(2471, 336, 0.036, 0.178, 2.4, 180, NULL),
(2472, 337, 0.018, 0.093, 2.4, 550, NULL),
(2473, 337, 0.036, 0.103, 2.4, 2100, NULL),
(2474, 337, 0.036, 1, 2.4, 30, NULL),
(2475, 337, 0.036, 0.153, 2.4, 210, NULL),
(2476, 338, 0.036, 0.103, 3.6, 300, NULL),
(2477, 338, 0.036, 0.128, 3.6, 240, NULL),
(2478, 338, 0.018, 1, 3, 40, NULL),
(2479, 338, 0.036, 0.128, 2.4, 240, NULL),
(2480, 338, 0.036, 0.103, 2.4, 600, NULL),
(2481, 338, 0.036, 1, 3.6, 30, NULL),
(2482, 338, 0.036, 0.178, 3.6, 180, NULL),
(2483, 339, 0.036, 0.153, 3.6, 210, NULL),
(2484, 339, 0.036, 1, 2.4, 30, NULL),
(2485, 339, 0.036, 0.103, 2.4, 600, NULL),
(2486, 339, 0.036, 0.178, 2.4, 180, NULL),
(2487, 339, 0.036, 0.103, 3.6, 300, NULL),
(2488, 339, 0.036, 0.128, 3.6, 240, NULL),
(2489, 339, 0.036, 0.153, 2.4, 210, NULL),
(2490, 340, 0.036, 1, 3.6, 30, NULL),
(2491, 340, 0.036, 0.178, 3.6, 180, NULL),
(2492, 340, 0.036, 0.153, 3.6, 210, NULL),
(2493, 340, 0.036, 0.128, 3.6, 240, NULL),
(2494, 340, 0.036, 0.103, 3.6, 300, NULL),
(2495, 340, 0.036, 0.128, 2.4, 240, NULL),
(2496, 340, 0.036, 0.178, 2.4, 180, NULL),
(2497, 341, 0.036, 0.153, 3.6, 210, NULL),
(2498, 341, 0.036, 0.178, 3.6, 180, NULL),
(2499, 341, 0.036, 0.178, 2.4, 180, NULL),
(2500, 341, 0.036, 0.153, 2.4, 420, NULL),
(2501, 341, 0.036, 0.128, 2.4, 240, NULL),
(2502, 341, 0.036, 0.103, 2.4, 600, NULL),
(2503, 341, 0.036, 1, 2.4, 30, NULL),
(2504, 342, 0.036, 1, 2.4, 60, NULL),
(2505, 342, 0.036, 0.103, 2.4, 2100, NULL),
(2506, 342, 0.036, 0.153, 2.4, 210, NULL),
(2507, 343, 0.036, 0.178, 3.6, 180, NULL),
(2508, 343, 0.036, 0.153, 3.6, 210, NULL),
(2509, 343, 0.036, 0.103, 2.4, 300, NULL),
(2510, 343, 0.036, 0.178, 2.4, 180, NULL),
(2511, 343, 0.036, 1, 2.4, 30, NULL),
(2512, 343, 0.018, 1, 3, 136, NULL),
(2513, 344, 0.036, 0.128, 3.6, 480, NULL),
(2514, 344, 0.036, 0.103, 3.6, 600, NULL),
(2515, 344, 0.018, 1, 3.6, 40, NULL),
(2516, 344, 0.036, 0.153, 2.4, 210, NULL),
(2517, 344, 0.036, 1, 3.6, 30, NULL),
(2518, 345, 0.036, 0.178, 3.6, 180, NULL),
(2519, 345, 0.036, 0.103, 2.4, 300, NULL),
(2520, 345, 0.018, 0.078, 2.4, 650, NULL),
(2521, 345, 0.036, 1, 2.4, 30, NULL),
(2522, 345, 0.018, 1, 2.4, 40, NULL),
(2523, 345, 0.036, 0.178, 2.4, 360, NULL),
(2524, 345, 0.036, 0.153, 2.4, 210, NULL),
(2525, 345, 0.036, 0.153, 3.6, 210, NULL),
(2526, 346, 0.018, 0.093, 3.6, 550, NULL),
(2527, 346, 0.036, 0.128, 3.6, 480, NULL),
(2528, 346, 0.036, 0.153, 3.6, 210, NULL),
(2529, 346, 0.036, 0.103, 3.6, 600, NULL),
(2530, 346, 0.036, 0.178, 2.4, 180, NULL),
(2531, 347, 0.036, 0.103, 3.6, 300, NULL),
(2532, 347, 0.036, 1, 3.6, 30, NULL),
(2533, 347, 0.036, 0.153, 2.4, 210, NULL),
(2534, 347, 0.036, 0.103, 2.4, 300, NULL),
(2535, 347, 0.036, 1, 2.4, 30, NULL),
(2536, 347, 0.036, 0.128, 2.4, 240, NULL),
(2537, 347, 0.036, 0.103, 3.6, 300, NULL),
(2538, 347, 0.036, 0.103, 3.6, 300, NULL),
(2539, 348, 0.036, 0.178, 3.6, 180, NULL),
(2540, 348, 0.018, 1, 3.6, 40, NULL),
(2541, 348, 0.036, 0.103, 3.6, 600, NULL),
(2542, 348, 0.036, 0.128, 3.6, 480, NULL),
(2543, 348, 0.018, 1, 1.8, 65, NULL),
(2544, 349, 0.036, 0.153, 3.6, 210, NULL),
(2545, 349, 0.036, 0.153, 3.6, 210, NULL),
(2546, 349, 0.018, 1, 2.4, 40, NULL),
(2547, 349, 0.036, 1, 2.4, 30, NULL),
(2548, 349, 0.036, 0.103, 3.6, 600, NULL),
(2549, 349, 0.036, 0.178, 2.4, 180, NULL),
(2550, 349, 0.036, 0.128, 2.4, 240, NULL),
(2551, 350, 0.036, 0.128, 3.6, 960, NULL),
(2552, 350, 0.036, 1, 3.6, 60, NULL),
(2553, 350, 0.036, 0.128, 2.4, 1080, NULL),
(2554, 350, 0.036, 1, 2.4, 45, NULL),
(2555, 351, 0.036, 0.128, 3.6, 360, NULL),
(2556, 351, 0.036, 0.103, 3.6, 600, NULL),
(2557, 351, 0.036, 1, 3.6, 30, NULL),
(2558, 351, 0.018, 1, 3.6, 32, NULL),
(2559, 351, 0.036, 0.103, 2.4, 720, NULL),
(2560, 351, 0.036, 0.078, 2.4, 480, NULL),
(2561, 351, 0.036, 1, 2.4, 15, NULL),
(2562, 351, 0.018, 0.103, 2.4, 234, NULL),
(2563, 351, 0.018, 1, 2, 26, NULL),
(2564, 352, 0.036, 0.103, 3.6, 600, NULL),
(2565, 352, 0.036, 0.178, 3.6, 180, NULL),
(2566, 352, 0.018, 0.093, 2.4, 550, NULL),
(2567, 352, 0.036, 0.178, 2.4, 180, NULL),
(2568, 352, 0.036, 1, 3.6, 30, NULL),
(2569, 352, 0.036, 0.103, 2.4, 300, NULL),
(2570, 352, 0.036, 0.153, 2.4, 210, NULL),
(2571, 353, 0.036, 0.128, 3.6, 240, NULL),
(2572, 353, 0.036, 0.153, 3.6, 210, NULL),
(2573, 353, 0.036, 0.103, 3.6, 600, NULL),
(2574, 353, 0.036, 1, 3.6, 30, NULL),
(2575, 353, 0.036, 0.128, 2.4, 240, NULL),
(2576, 353, 0.036, 0.153, 2.4, 210, NULL),
(2577, 354, 0.036, 0.153, 3.6, 210, NULL),
(2578, 354, 0.036, 0.103, 2.4, 300, NULL),
(2579, 354, 0.036, 0.128, 2.4, 240, NULL),
(2580, 354, 0.036, 0.153, 2.4, 420, NULL),
(2581, 354, 0.036, 1, 2.4, 60, NULL),
(2582, 354, 0.036, 0.128, 3.6, 240, NULL),
(2583, 355, 0.018, 1, 3.6, 40, NULL),
(2584, 355, 0.036, 0.153, 3.6, 210, NULL),
(2585, 355, 0.036, 0.178, 3.6, 180, NULL),
(2586, 355, 0.018, 0.093, 2.4, 600, NULL),
(2587, 355, 0.036, 0.153, 2.4, 210, NULL),
(2588, 355, 0.036, 0.128, 2.4, 240, NULL),
(2589, 355, 0.036, 0.103, 2.4, 600, NULL),
(2590, 356, 0.036, 0.103, 3.6, 300, NULL),
(2591, 356, 0.036, 0.103, 2.4, 300, NULL),
(2592, 356, 0.018, 0.093, 1.8, 520, NULL),
(2593, 356, 0.018, 0.093, 3, 550, NULL),
(2594, 356, 0.036, 0.153, 2.4, 210, NULL),
(2595, 356, 0.036, 1, 2.4, 30, NULL),
(2596, 356, 0.018, 1, 1.8, 50, NULL),
(2597, 356, 0.036, 1, 1.8, 30, NULL),
(2598, 356, 0.036, 0.128, 2.4, 240, NULL),
(2599, 356, 0.036, 0.178, 2.4, 180, NULL),
(2600, 357, 0.036, 1, 3.6, 30, NULL),
(2601, 357, 0.036, 0.103, 2.4, 300, NULL),
(2602, 357, 0.036, 0.128, 2.4, 240, NULL),
(2603, 357, 0.036, 1, 2.4, 30, NULL),
(2604, 357, 0.036, 0.153, 2.4, 210, NULL),
(2605, 357, 0.036, 0.128, 3.6, 240, NULL),
(2606, 357, 0.036, 0.178, 3.6, 180, NULL),
(2607, 357, 0.036, 0.153, 3.6, 210, NULL),
(2608, 358, 0.036, 0.153, 3.6, 420, NULL),
(2609, 358, 0.036, 0.178, 3.6, 540, NULL),
(2610, 358, 0.036, 0.103, 3.6, 300, NULL),
(2611, 358, 0.036, 0.128, 2.4, 240, NULL),
(2612, 359, 0.036, 0.128, 3.6, 480, NULL),
(2613, 359, 0.036, 0.178, 3.6, 180, NULL),
(2614, 359, 0.036, 0.153, 3.6, 210, NULL),
(2615, 359, 0.036, 0.103, 3.6, 600, NULL),
(2616, 359, 0.036, 1, 2, 30, NULL),
(2617, 360, 0.036, 0.153, 3.6, 420, NULL),
(2618, 360, 0.036, 0.178, 3.6, 180, NULL),
(2619, 360, 0.036, 1, 3.6, 30, NULL),
(2620, 360, 0.036, 0.103, 3.6, 300, NULL),
(2621, 360, 0.036, 0.128, 3.6, 240, NULL),
(2622, 360, 0.036, 1, 2.4, 30, NULL),
(2623, 361, 0.036, 0.128, 3.6, 1440, NULL),
(2624, 361, 0.036, 0.128, 2.4, 1440, NULL),
(2625, 362, 0.036, 0.128, 2.4, 1080, NULL),
(2626, 362, 0.036, 0.128, 3.6, 960, NULL),
(2627, 362, 0.036, 1, 2.4, 45, NULL),
(2628, 362, 0.036, 1, 3.6, 60, NULL),
(2629, 363, 0.036, 0.153, 3.6, 210, NULL),
(2630, 363, 0.036, 0.103, 3.6, 1200, NULL),
(2631, 363, 0.036, 1, 3.6, 30, NULL),
(2632, 363, 0.036, 0.153, 2.4, 210, NULL),
(2633, 364, 0.036, 0.103, 3.6, 600, NULL),
(2634, 364, 0.036, 0.128, 3.6, 240, NULL),
(2635, 364, 0.036, 0.178, 3.6, 180, NULL),
(2636, 364, 0.036, 0.153, 3.6, 210, NULL),
(2637, 364, 0.018, 1, 3.6, 40, NULL),
(2638, 364, 0.036, 1, 2.4, 30, NULL),
(2639, 365, 0.018, 1, 3.6, 80, NULL),
(2640, 365, 0.036, 0.103, 3.6, 300, NULL),
(2641, 365, 0.036, 0.178, 3.6, 180, NULL),
(2642, 365, 0.036, 0.153, 2.4, 420, NULL),
(2643, 365, 0.036, 1, 2.4, 30, NULL),
(2644, 365, 0.036, 0.103, 2.4, 300, NULL),
(2645, 366, 0.036, 0.103, 3.6, 300, NULL),
(2646, 366, 0.036, 0.103, 3.6, 300, NULL),
(2647, 366, 0.036, 1, 3.6, 30, NULL),
(2648, 366, 0.036, 1, 3.6, 30, NULL),
(2649, 366, 0.036, 0.153, 3.6, 210, NULL),
(2650, 366, 0.036, 0.128, 3.6, 240, NULL),
(2651, 366, 0.036, 0.128, 2.4, 240, NULL),
(2652, 367, 0.036, 1, 3.6, 30, NULL),
(2653, 367, 0.036, 0.103, 3.6, 600, NULL),
(2654, 367, 0.018, 0.093, 3.6, 550, NULL),
(2655, 367, 0.018, 0.093, 1.8, 600, NULL),
(2656, 367, 0.036, 0.128, 3.6, 240, NULL),
(2657, 367, 0.018, 1, 3.6, 40, NULL),
(2658, 368, 0.036, 0.178, 3.6, 180, NULL),
(2659, 368, 0.036, 0.103, 3.6, 600, NULL),
(2660, 368, 0.036, 0.153, 3.6, 210, NULL),
(2661, 368, 0.036, 0.153, 2.4, 210, NULL),
(2662, 368, 0.036, 0.103, 2.4, 300, NULL),
(2663, 368, 0.036, 0.128, 2.4, 240, NULL),
(2664, 368, 0.036, 1, 2.4, 30, NULL),
(2665, 369, 0.036, 1, 3.6, 42, NULL),
(2666, 369, 0.036, 1, 2.4, 23, NULL),
(2667, 369, 0.018, 1, 2.4, 50, NULL),
(2668, 369, 0.036, 0.128, 3.6, 360, NULL),
(2669, 369, 0.036, 0.128, 2.4, 480, NULL),
(2670, 369, 0.036, 0.103, 2.4, 664, NULL),
(2671, 369, 0.036, 0.103, 3.6, 900, NULL),
(2672, 370, 0.018, 1, 3.6, 17, NULL),
(2673, 370, 0.018, 1, 3.6, 21, NULL),
(2674, 370, 0.036, 0.128, 3.6, 840, NULL),
(2675, 370, 0.036, 1, 3.6, 45, NULL),
(2676, 370, 0.036, 0.128, 2.4, 600, NULL),
(2677, 370, 0.036, 1, 2.4, 90, NULL),
(2678, 370, 0.036, 1, 2.4, 19, NULL),
(2679, 371, 0.036, 0.103, 3.6, 900, NULL),
(2680, 371, 0.036, 0.103, 2.4, 900, NULL),
(2681, 371, 0.036, 0.078, 2.4, 360, NULL),
(2682, 371, 0.036, 0.128, 3.6, 840, NULL),
(2683, 371, 0.036, 0.128, 2.4, 480, NULL),
(2684, 371, 0.018, 0.078, 2.4, 422, NULL),
(2685, 371, 0.018, 0.078, 3.6, 272, NULL),
(2686, 371, 0.018, 0.103, 3.6, 166, NULL),
(2687, 372, 0.036, 1, 3.6, 140, NULL),
(2688, 372, 0.036, 1, 2.4, 94, NULL),
(2689, 372, 0.018, 1, 2.4, 39, NULL),
(2690, 372, 0.018, 1, 1.8, 29, NULL),
(2691, 372, 0.018, 1, 3.6, 38, NULL),
(2692, 372, 0.036, 0.128, 2.4, 544, NULL),
(2693, 372, 0.036, 0.128, 3.6, 120, NULL),
(2694, 373, 0.036, 1, 3.6, 30, NULL),
(2695, 373, 0.036, 0.103, 3.6, 900, NULL),
(2696, 373, 0.036, 0.128, 3.6, 232, NULL),
(2697, 373, 0.036, 0.153, 3.6, 210, NULL),
(2698, 373, 0.036, 0.128, 2.4, 240, NULL),
(2699, 374, 0.036, 0.103, 3.6, 300, NULL),
(2700, 374, 0.036, 1, 2.4, 30, NULL),
(2701, 374, 0.036, 1, 3, 30, NULL),
(2702, 374, 0.036, 0.128, 2.4, 240, NULL),
(2703, 374, 0.036, 0.178, 2.4, 540, NULL),
(2704, 374, 0.036, 0.103, 2.4, 300, NULL),
(2705, 374, 0.036, 0.153, 2.4, 210, NULL),
(2706, 375, 0.036, 1, 3.6, 60, NULL),
(2707, 375, 0.036, 0.103, 3.6, 71, NULL),
(2708, 375, 0.036, 0.178, 3.6, 120, NULL),
(2709, 375, 0.018, 1, 3.6, 40, NULL),
(2710, 375, 0.036, 0.103, 3.6, 300, NULL),
(2711, 375, 0.018, 1, 2.4, 40, NULL),
(2712, 375, 0.036, 0.153, 2.4, 210, NULL),
(2713, 376, 0.036, 0.103, 3.6, 300, NULL),
(2714, 376, 0.036, 1, 2.4, 30, NULL),
(2715, 376, 0.036, 0.153, 2.4, 420, NULL),
(2716, 376, 0.036, 0.178, 2.4, 360, NULL),
(2717, 376, 0.036, 0.103, 2.4, 300, NULL),
(2718, 376, 0.036, 0.128, 2.4, 240, NULL),
(2719, 376, 0.036, 1, 3.6, 30, NULL),
(2720, 377, 0.035, 0.085, 3, 2880, NULL),
(2721, 378, 0.018, 1, 3.6, 40, NULL),
(2722, 378, 0.036, 0.103, 3.6, 900, NULL),
(2723, 378, 0.036, 0.103, 2.4, 237, NULL),
(2724, 378, 0.036, 0.128, 2.4, 131, NULL),
(2725, 378, 0.036, 0.153, 2.4, 117, NULL),
(2726, 378, 0.036, 0.178, 2.4, 148, NULL),
(2727, 378, 0.036, 1, 2.4, 30, NULL),
(2728, 379, 0.035, 0.085, 3, 2880, NULL),
(2729, 380, 0.035, 0.085, 3, 2880, NULL),
(2730, 381, 0.036, 0.103, 3.6, 300, NULL),
(2731, 381, 0.036, 1, 2.4, 35, NULL),
(2732, 381, 0.036, 0.103, 2.4, 600, NULL),
(2733, 381, 0.018, 0.093, 3.6, 550, NULL),
(2734, 381, 0.018, 1, 2.4, 50, NULL);
INSERT INTO `board_item` (`id`, `board_id`, `thickness`, `width`, `length`, `count`, `price`) VALUES
(2735, 381, 0.036, 1, 3.6, 62, NULL),
(2736, 382, 0.036, 1, 2.4, 90, NULL),
(2737, 382, 0.036, 0.103, 2.4, 1200, NULL),
(2738, 382, 0.036, 1, 1.8, 30, NULL),
(2739, 382, 0.036, 1, 3.6, 30, NULL),
(2740, 383, 0.018, 1, 3.6, 33, NULL),
(2741, 383, 0.036, 0.128, 3.6, 360, NULL),
(2742, 383, 0.036, 0.128, 2.4, 720, NULL),
(2743, 383, 0.036, 1, 2.4, 30, NULL),
(2744, 383, 0.036, 1, 3.6, 40, NULL),
(2745, 383, 0.036, 0.078, 1.8, 360, NULL),
(2746, 383, 0.036, 0.103, 2.4, 600, NULL),
(2747, 383, 0.036, 0.103, 3.6, 600, NULL),
(2748, 383, 0.036, 0.078, 3.6, 120, NULL),
(2749, 384, 0.035, 0.085, 3, 2880, NULL),
(2750, 385, 0.036, 0.128, 3.6, 840, NULL),
(2751, 385, 0.036, 1, 3.6, 12, NULL),
(2752, 385, 0.036, 0.128, 2.4, 480, NULL),
(2753, 385, 0.036, 1, 2.4, 16, NULL),
(2754, 385, 0.036, 1, 2.4, 14, NULL),
(2755, 385, 0.036, 1, 2.4, 30, NULL),
(2756, 385, 0.036, 0.103, 2.4, 600, NULL),
(2757, 385, 0.036, 0.103, 3.6, 600, NULL),
(2758, 386, 0.035, 0.085, 3, 2880, NULL),
(2759, 386, 0.035, 0.085, 2, 240, NULL),
(2760, 387, 0.035, 0.085, 3, 2880, NULL),
(2761, 388, 0.035, 0.085, 3, 2880, NULL),
(2762, 388, 0.035, 0.085, 2, 240, NULL),
(2763, 389, 0.018, 1, 3, 160, NULL),
(2764, 389, 0.018, 1, 3, 50, NULL),
(2765, 389, 0.035, 1, 3, 60, NULL),
(2766, 389, 0.036, 1, 3, 30, NULL),
(2767, 390, 0.035, 0.085, 3, 2880, NULL),
(2768, 391, 0.035, 0.085, 3, 2880, NULL),
(2769, 392, 0.018, 1, 2.4, 72, NULL),
(2770, 392, 0.036, 0.103, 2.4, 600, NULL),
(2771, 392, 0.018, 0.093, 2.4, 550, NULL),
(2772, 392, 0.036, 1, 1.8, 10.5, NULL),
(2773, 392, 0.018, 1, 1.8, 19, NULL),
(2774, 392, 0.018, 0.093, 2.4, 550, NULL),
(2775, 392, 0.035, 1, 3, 90, NULL),
(2776, 393, 0.036, 1, 3.6, 11, NULL),
(2777, 393, 0.036, 1, 2.4, 11, NULL),
(2778, 393, 0.036, 1, 2.4, 14, NULL),
(2779, 393, 0.036, 1, 2.4, 10, NULL),
(2780, 393, 0.036, 1, 2.4, 45, NULL),
(2781, 393, 0.036, 1, 2.4, 13, NULL),
(2782, 393, 0.036, 0.128, 3.6, 1320, NULL),
(2783, 393, 0.036, 0.128, 2.4, 720, NULL),
(2784, 394, 0.035, 0.085, 3, 2880, NULL),
(2785, 394, 0.035, 0.085, 2, 240, NULL),
(2786, 395, 0.036, 0.103, 3.6, 900, NULL),
(2787, 395, 0.036, 0.103, 2.4, 750, NULL),
(2788, 395, 0.036, 0.078, 2.4, 360, NULL),
(2789, 395, 0.018, 0.078, 2.4, 358, NULL),
(2790, 395, 0.036, 0.078, 1.8, 360, NULL),
(2791, 395, 0.018, 0.078, 1.8, 209, NULL),
(2792, 395, 0.018, 0.078, 1.8, 240, NULL),
(2793, 395, 0.018, 0.078, 3.6, 198, NULL),
(2794, 395, 0.018, 0.078, 3.6, 240, NULL),
(2795, 395, 0.018, 1, 3.6, 23, NULL),
(2796, 395, 0.036, 1, 3.6, 30, NULL),
(2797, 395, 0.036, 1, 3.6, 13, NULL),
(2798, 396, 0.035, 1, 3, 30, NULL),
(2799, 396, 0.018, 1, 3, 120, NULL),
(2800, 396, 0.018, 1, 3, 50, NULL),
(2801, 396, 0.018, 0.093, 3.6, 550, NULL),
(2802, 396, 0.018, 0.093, 2.4, 550, NULL),
(2803, 396, 0.036, 1, 3.6, 30, NULL),
(2804, 397, 0.035, 0.085, 3, 2880, NULL),
(2805, 397, 0.035, 0.085, 2, 480, NULL),
(2806, 398, 0.036, 0.103, 3.6, 900, NULL),
(2807, 398, 0.036, 0.103, 2.4, 900, NULL),
(2808, 398, 0.036, 0.128, 2.4, 720, NULL),
(2809, 398, 0.036, 0.128, 3.6, 720, NULL),
(2810, 399, 0.035, 0.085, 3, 2880, NULL),
(2811, 399, 0.035, 0.085, 2, 240, NULL),
(2812, 400, 0.036, 0.153, 3.6, 210, NULL),
(2813, 400, 0.036, 1, 2.4, 30, NULL),
(2814, 400, 0.018, 0.093, 3.6, 550, NULL),
(2815, 400, 0.018, 0.093, 2.4, 550, NULL),
(2816, 400, 0.018, 1, 3, 120, NULL),
(2817, 400, 0.018, 1, 3, 50, NULL),
(2818, 401, 0.035, 0.085, 3, 2880, NULL),
(2819, 401, 0.035, 0.085, 2, 240, NULL),
(2820, 402, 0.035, 0.085, 3, 2880, NULL),
(2821, 402, 0.035, 0.085, 2, 240, NULL),
(2822, 403, 0.036, 1, 3.6, 75, NULL),
(2823, 403, 0.036, 1, 3.6, 16, NULL),
(2824, 403, 0.036, 1, 2.4, 60, NULL),
(2825, 403, 0.036, 1, 2.4, 34, NULL),
(2826, 403, 0.036, 1, 2.4, 16, NULL),
(2827, 403, 0.036, 0.128, 2.4, 480, NULL),
(2828, 403, 0.036, 1, 1.8, 15, NULL),
(2829, 403, 0.036, 0.103, 3.6, 900, NULL),
(2830, 404, 0.036, 1, 3.6, 60, NULL),
(2831, 404, 0.036, 0.153, 3.6, 420, NULL),
(2832, 404, 0.035, 1, 3, 60, NULL),
(2833, 404, 0.036, 1, 1.8, 30, NULL),
(2834, 405, 0.035, 0.085, 3, 2880, NULL),
(2835, 406, 0.036, 0.103, 3.6, 1800, NULL),
(2836, 406, 0.036, 0.103, 2.4, 1800, NULL),
(2837, 407, 0.036, 0.128, 2.4, 112, NULL),
(2838, 407, 0.036, 0.128, 2.4, 1080, NULL),
(2839, 407, 0.036, 0.128, 3.6, 1200, NULL),
(2840, 407, 0.036, 0.103, 2.4, 300, NULL),
(2841, 407, 0.036, 0.103, 3.6, 300, NULL),
(2842, 408, 0.018, 1, 3, 80, NULL),
(2843, 408, 0.018, 0.093, 3.6, 550, NULL),
(2844, 408, 0.018, 1, 1.8, 40, NULL),
(2845, 408, 0.018, 1, 3, 100, NULL),
(2846, 408, 0.035, 1, 3, 30, NULL),
(2847, 408, 0.036, 1, 2.4, 30, NULL),
(2848, 409, 0.035, 0.085, 3, 2880, NULL),
(2849, 410, 0.018, 1, 3, 40, NULL),
(2850, 410, 0.035, 1, 3, 90, NULL),
(2851, 410, 0.036, 0.153, 3.6, 210, NULL),
(2852, 410, 0.036, 0.153, 2.4, 420, NULL),
(2853, 411, 0.036, 0.128, 3.6, 1440, NULL),
(2854, 411, 0.036, 0.128, 2.4, 1320, NULL),
(2855, 411, 0.018, 0.078, 2.4, 89, NULL),
(2856, 411, 0.036, 1, 2.4, 9, NULL),
(2857, 411, 0.018, 0.9, 2.4, 26, NULL),
(2858, 411, 0.018, 1, 2.4, 24, NULL),
(2859, 412, 0.036, 0.103, 2.4, 750, NULL),
(2860, 412, 0.036, 0.103, 3.6, 900, NULL),
(2861, 412, 0.036, 0.128, 3.6, 600, NULL),
(2862, 412, 0.036, 0.128, 2.4, 600, NULL),
(2863, 412, 0.036, 1, 2.4, 30, NULL),
(2864, 412, 0.036, 1, 3.6, 15, NULL),
(2865, 413, 0.036, 1, 2.4, 174, NULL),
(2866, 413, 0.036, 1, 3.6, 77, NULL),
(2867, 413, 0.018, 0.078, 3.6, 240, NULL),
(2868, 413, 0.018, 0.103, 3.6, 299, NULL),
(2869, 413, 0.036, 0.103, 2.4, 150, NULL),
(2870, 413, 0.036, 0.103, 3.6, 750, NULL),
(2871, 414, 0.036, 1, 3.6, 155, NULL),
(2872, 414, 0.036, 0.128, 3.6, 120, NULL),
(2873, 414, 0.036, 1, 2.4, 85, NULL),
(2874, 414, 0.018, 1, 2.4, 122, NULL),
(2875, 414, 0.036, 1, 1.8, 13, NULL),
(2876, 414, 0.018, 1, 1.8, 33, NULL),
(2877, 415, 0.036, 0.128, 3.6, 1200, NULL),
(2878, 415, 0.036, 0.128, 2.4, 1080, NULL),
(2879, 415, 0.036, 1, 3.6, 28, NULL),
(2880, 415, 0.036, 0.103, 2.4, 450, NULL),
(2881, 416, 0.036, 1, 2.4, 58, NULL),
(2882, 416, 0.036, 0.128, 2.4, 360, NULL),
(2883, 416, 0.036, 0.078, 1.8, 564, NULL),
(2884, 416, 0.036, 0.103, 2.4, 300, NULL),
(2885, 416, 0.036, 0.078, 2.4, 240, NULL),
(2886, 416, 0.036, 0.128, 3.6, 360, NULL),
(2887, 416, 0.018, 1, 3.6, 43, NULL),
(2888, 416, 0.032, 0.103, 3.6, 150, NULL),
(2889, 416, 0.018, 0.078, 2.4, 480, NULL),
(2890, 416, 0.018, 1, 2.4, 49, NULL),
(2891, 416, 0.036, 1, 1.8, 17, NULL),
(2892, 417, 0.036, 1, 3.6, 30, NULL),
(2893, 417, 0.036, 0.128, 3.6, 1200, NULL),
(2894, 417, 0.036, 0.128, 2.4, 1200, NULL),
(2895, 417, 0.032, 0.128, 2, 240, NULL),
(2896, 418, 0.036, 1, 3.6, 30, NULL),
(2897, 418, 0.036, 0.128, 3.6, 1200, NULL),
(2898, 418, 0.036, 0.103, 2.4, 300, NULL),
(2899, 418, 0.036, 0.128, 2.4, 1200, NULL),
(2900, 419, 0.036, 0.128, 3.6, 960, NULL),
(2901, 419, 0.036, 0.103, 3.6, 600, NULL),
(2902, 419, 0.036, 0.103, 2.4, 1200, NULL),
(2903, 419, 0.036, 1, 2.4, 26, NULL),
(2904, 419, 0.036, 0.128, 2.4, 120, NULL),
(2905, 419, 0.036, 0.078, 2, 360, NULL),
(2906, 420, 0.036, 0.103, 2.4, 1200, NULL),
(2907, 420, 0.036, 0.128, 2.4, 480, NULL),
(2908, 420, 0.036, 0.128, 3.6, 240, NULL),
(2909, 420, 0.036, 0.103, 3.6, 900, NULL),
(2910, 420, 0.036, 1, 3.6, 60, NULL);

-- --------------------------------------------------------

--
-- Структура таблицы `branch`
--

CREATE TABLE IF NOT EXISTS `branch` (
  `id` tinyint(3) UNSIGNED NOT NULL AUTO_INCREMENT,
  `name` varchar(64) NOT NULL,
  PRIMARY KEY (`id`)
) ENGINE=InnoDB AUTO_INCREMENT=10 DEFAULT CHARSET=utf8;

--
-- Дамп данных таблицы `branch`
--

INSERT INTO `branch` (`id`, `name`) VALUES
(1, 'Томск/Новосиб.'),
(3, 'Красноярск'),
(4, 'Улан-Удэ'),
(5, 'Иркутск'),
(6, 'Абакан'),
(7, 'Братск'),
(8, 'Лесосибирск'),
(9, 'Карабула');

-- --------------------------------------------------------

--
-- Структура таблицы `cargo`
--

CREATE TABLE IF NOT EXISTS `cargo` (
  `id` mediumint(8) UNSIGNED NOT NULL AUTO_INCREMENT,
  `type_id` smallint(5) UNSIGNED NOT NULL,
  `length` float DEFAULT NULL,
  `thickness` float DEFAULT NULL,
  `cubage` float NOT NULL,
  `count` smallint(5) UNSIGNED NOT NULL,
  `price` float NOT NULL,
  `container_id` int(10) UNSIGNED NOT NULL,
  PRIMARY KEY (`id`)
) ENGINE=InnoDB AUTO_INCREMENT=116 DEFAULT CHARSET=utf8;

--
-- Дамп данных таблицы `cargo`
--

INSERT INTO `cargo` (`id`, `type_id`, `length`, `thickness`, `cubage`, `count`, `price`, `container_id`) VALUES
(5, 1, 2.7, 20, 50, 30, 2900, 1),
(8, 2, 2.6, 3, 36, 10, 1900, 1),
(9, 1, 12, 5, 30, 18, 7000, 7),
(11, 9, NULL, NULL, 38.48, 18, 7000, 8),
(12, 9, NULL, NULL, 38.94, 18, 7000, 9),
(13, 9, NULL, NULL, 38.68, 18, 7000, 11),
(14, 8, NULL, NULL, 38.84, 18, 7000, 10),
(15, 8, NULL, NULL, 51.04, 18, 8500, 56),
(16, 8, NULL, NULL, 40.28, 18, 8500, 14),
(17, 1, NULL, NULL, 39.24, 18, 8500, 25),
(18, 1, NULL, NULL, 39.24, 18, 8500, 24),
(19, 1, NULL, NULL, 39.9, 18, 8500, 21),
(20, 1, NULL, NULL, 39.9, 18, 8500, 26),
(21, 1, NULL, NULL, 39.24, 18, 8500, 19),
(22, 1, NULL, NULL, 49.94, 18, 8500, 20),
(23, 8, NULL, NULL, 39.6, 18, 8500, 23),
(24, 8, NULL, NULL, 45.2, 18, 8500, 17),
(25, 8, NULL, NULL, 40.51, 18, 8500, 57),
(26, 8, NULL, NULL, 53.27, 18, 8500, 18),
(27, 8, NULL, NULL, 42.55, 18, 7000, 12),
(28, 8, NULL, NULL, 37.44, 18, 7000, 42),
(29, 8, NULL, NULL, 37.65, 18, 7000, 13),
(30, 8, NULL, NULL, 38.59, 18, 7000, 27),
(31, 8, NULL, NULL, 37.86, 18, 7000, 30),
(32, 8, NULL, NULL, 44.42, 18, 7000, 29),
(33, 9, NULL, NULL, 38.71, 18, 7000, 28),
(34, 9, NULL, NULL, 38.97, 18, 7000, 39),
(35, 8, NULL, NULL, 36.32, 18, 7000, 43),
(36, 8, NULL, NULL, 37.88, 18, 7000, 37),
(37, 8, NULL, NULL, 37.9, 18, 7000, 40),
(38, 8, NULL, NULL, 36.84, 18, 7000, 34),
(39, 9, NULL, NULL, 38.94, 18, 7000, 38),
(40, 9, NULL, NULL, 38.74, 18, 7000, 41),
(41, 9, NULL, NULL, 39, 18, 7000, 36),
(42, 8, NULL, NULL, 37.92, 18, 7000, 35),
(43, 1, NULL, NULL, 41.88, 18, 8500, 16),
(44, 1, NULL, NULL, 41.88, 18, 8500, 15),
(45, 1, NULL, NULL, 41.88, 18, 8500, 22),
(46, 1, NULL, NULL, 51.28, 18, 8500, 72),
(47, 1, NULL, NULL, 40.09, 18, 8500, 73),
(48, 8, NULL, NULL, 54.29, 18, 8500, 74),
(49, 8, NULL, NULL, 54.88, 18, 8500, 75),
(50, 8, NULL, NULL, 55.02, 18, 8500, 76),
(51, 1, NULL, NULL, 53.15, 18, 8500, 77),
(52, 1, NULL, NULL, 51.18, 18, 8500, 78),
(53, 1, NULL, NULL, 52.53, 18, 8500, 79),
(54, 1, NULL, NULL, 52.06, 18, 8500, 80),
(55, 1, NULL, NULL, 52.28, 18, 8500, 81),
(56, 1, NULL, NULL, 51.62, 18, 8500, 82),
(57, 1, NULL, NULL, 40.09, 18, 8500, 83),
(58, 1, NULL, NULL, 39.48, 18, 8500, 84),
(59, 1, NULL, NULL, 51.5, 18, 8500, 85),
(60, 8, NULL, NULL, 41.69, 18, 7000, 31),
(61, 1, NULL, NULL, 38.94, 18, 7000, 32),
(62, 9, NULL, NULL, 38.56, 18, 7000, 33),
(63, 9, NULL, NULL, 38.94, 18, 7000, 44),
(64, 8, NULL, NULL, 36.37, 18, 7000, 45),
(65, 9, NULL, NULL, 38.84, 18, 7000, 46),
(66, 8, NULL, NULL, 37.6, 18, 7000, 47),
(67, 8, NULL, NULL, 37.43, 18, 7000, 48),
(68, 9, NULL, NULL, 38.61, 18, 7000, 49),
(69, 8, NULL, NULL, 37.69, 18, 7000, 50),
(70, 8, NULL, NULL, 37.85, 18, 7000, 51),
(71, 8, NULL, NULL, 38, 18, 7000, 52),
(72, 8, NULL, NULL, 43.37, 18, 7000, 53),
(73, 8, NULL, NULL, 42.98, 18, 7000, 54),
(74, 8, NULL, NULL, 42.78, 18, 7000, 55),
(75, 8, NULL, NULL, 38.62, 18, 7000, 58),
(76, 1, NULL, NULL, 38.94, 18, 7000, 59),
(77, 9, NULL, NULL, 38.55, 18, 7000, 60),
(78, 9, NULL, NULL, 38.97, 18, 7000, 61),
(79, 1, NULL, NULL, 38.61, 18, 7000, 62),
(80, 8, NULL, NULL, 37.49, 18, 7000, 63),
(81, 8, NULL, NULL, 37.45, 18, 7000, 64),
(82, 9, NULL, NULL, 38.48, 18, 7000, 65),
(83, 8, NULL, NULL, 38.47, 18, 7000, 66),
(84, 8, NULL, NULL, 43.82, 18, 7000, 67),
(85, 8, NULL, NULL, 42.77, 18, 7000, 68),
(86, 9, NULL, NULL, 30.07, 18, 7000, 69),
(87, 8, NULL, NULL, 42.28, 18, 7000, 70),
(88, 8, NULL, NULL, 36.18, 18, 7000, 71),
(89, 8, NULL, NULL, 43.62, 18, 7000, 91),
(90, 8, NULL, NULL, 40.38, 18, 7000, 92),
(91, 9, NULL, NULL, 39.7, 18, 7000, 93),
(92, 8, NULL, NULL, 40.72, 18, 7000, 94),
(93, 8, NULL, NULL, 37.76, 18, 7000, 95),
(94, 8, NULL, NULL, 37.74, 18, 7000, 96),
(95, 8, NULL, NULL, 37.75, 18, 7000, 97),
(96, 8, NULL, NULL, 39.9, 18, 7000, 98),
(97, 8, NULL, NULL, 37.78, 18, 7000, 99),
(98, 8, NULL, NULL, 40.1, 18, 7000, 100),
(99, 8, NULL, NULL, 39.95, 18, 7000, 101),
(100, 1, NULL, NULL, 39.17, 18, 7000, 102),
(101, 9, NULL, NULL, 40.51, 18, 7000, 103),
(102, 8, NULL, NULL, 39.22, 18, 7000, 104),
(103, 9, NULL, NULL, 39.72, 18, 7000, 105),
(104, 8, NULL, NULL, 39.55, 18, 7000, 106),
(105, 9, NULL, NULL, 39.56, 18, 7000, 107),
(106, 9, NULL, NULL, 39.41, 18, 7000, 108),
(107, 8, NULL, NULL, 36.43, 18, 7000, 109),
(108, 1, NULL, NULL, 39.46, 18, 7000, 110),
(109, 9, NULL, NULL, 39.23, 18, 7000, 111),
(110, 9, NULL, NULL, 39.02, 18, 7000, 112),
(111, 8, NULL, NULL, 38.62, 18, 7000, 113),
(112, 1, NULL, NULL, 38.27, 18, 7000, 114),
(113, 1, NULL, NULL, 37.3, 18, 7000, 115),
(114, 8, NULL, NULL, 40.76, 18, 7000, 116);

-- --------------------------------------------------------

--
-- Структура таблицы `cargo_type`
--

CREATE TABLE IF NOT EXISTS `cargo_type` (
  `id` smallint(5) UNSIGNED NOT NULL AUTO_INCREMENT,
  `name` varchar(64) NOT NULL,
  PRIMARY KEY (`id`)
) ENGINE=InnoDB AUTO_INCREMENT=10 DEFAULT CHARSET=utf8;

--
-- Дамп данных таблицы `cargo_type`
--

INSERT INTO `cargo_type` (`id`, `name`) VALUES
(1, 'Ель, пихта'),
(2, 'Береза'),
(3, 'Шпон'),
(4, 'Пиломатериал'),
(5, 'Изд.дерев.'),
(6, 'Сборный: изд.дер.+пил.мат.'),
(7, 'Уголь'),
(8, 'сосна'),
(9, 'ель');

-- --------------------------------------------------------

--
-- Структура таблицы `carrier`
--

CREATE TABLE IF NOT EXISTS `carrier` (
  `id` mediumint(8) UNSIGNED NOT NULL AUTO_INCREMENT,
  `name` varchar(128) NOT NULL,
  `branch_id` tinyint(3) UNSIGNED NOT NULL,
  PRIMARY KEY (`id`)
) ENGINE=InnoDB AUTO_INCREMENT=14 DEFAULT CHARSET=utf8;

--
-- Дамп данных таблицы `carrier`
--

INSERT INTO `carrier` (`id`, `name`, `branch_id`) VALUES
(1, 'Первый', 1),
(2, 'Второй', 1),
(3, 'Третий', 3),
(4, 'ДМ', 6),
(5, 'ИП Белов', 5),
(6, 'ТрейдТранс', 5),
(7, 'ПАО \"Трансконтейнер\"', 5),
(8, 'ИП Бархатов', 5),
(9, 'ООО \"ТСГ-Байкал\"', 5),
(10, 'ИП Скидан', 7),
(11, 'ООО \"Родник\"', 7),
(12, 'Баргузин', 5),
(13, 'ИП Пархоменко', 5);

-- --------------------------------------------------------

--
-- Структура таблицы `cash`
--

CREATE TABLE IF NOT EXISTS `cash` (
  `id` int(10) UNSIGNED NOT NULL AUTO_INCREMENT,
  `date` timestamp NOT NULL DEFAULT CURRENT_TIMESTAMP,
  `type_id` tinyint(3) UNSIGNED NOT NULL,
  `reason` varchar(512) DEFAULT NULL,
  `sum` int(11) NOT NULL,
  `comment` varchar(512) DEFAULT NULL,
  `cheque` tinyint(1) NOT NULL DEFAULT '0',
  `negative` tinyint(1) NOT NULL DEFAULT '1',
  PRIMARY KEY (`id`)
) ENGINE=InnoDB AUTO_INCREMENT=434 DEFAULT CHARSET=utf8;

--
-- Дамп данных таблицы `cash`
--

INSERT INTO `cash` (`id`, `date`, `type_id`, `reason`, `sum`, `comment`, `cheque`, `negative`) VALUES
(1, '2017-12-31 21:00:00', 1, 'Остаток с 2017 года', 1385526, '', 0, 0),
(2, '2018-01-01 21:00:00', 1, 'Руслан', 400000, '', 0, 0),
(3, '2018-01-02 21:00:00', 1, 'Проданы дрова', 4500, '3 пачки', 0, 0),
(4, '2018-01-03 21:00:00', 1, 'Руслан', 260000, '', 0, 0),
(5, '2018-01-03 21:00:00', 1, 'Проданы дрова', 16500, '11 пачек', 0, 0),
(6, '2018-01-04 21:00:00', 1, 'Проданы дрова', 4500, '3 пачки', 0, 0),
(7, '2018-01-05 21:00:00', 1, 'Продана черная доска', 134400, '48 м.куб', 0, 0),
(8, '2018-01-05 21:00:00', 1, 'Проданы дрова', 12000, '8 пачек', 0, 0),
(9, '2018-01-06 21:00:00', 1, 'Проданы дрова', 4500, '3 пачки', 0, 0),
(10, '2018-01-07 21:00:00', 1, 'Проданы дрова', 12000, '8 пачек', 0, 0),
(11, '2018-01-08 21:00:00', 1, 'Проданы дрова', 15000, '10 пачек', 0, 0),
(12, '2018-01-09 21:00:00', 1, 'Проданы дрова', 19500, '13 пачек', 0, 0),
(13, '2018-01-09 21:00:00', 1, 'Продана черная доска', 134400, '48 м.куб', 0, 0),
(14, '2018-01-10 21:00:00', 1, 'Проданы дрова', 15000, '10 пачек', 0, 0),
(15, '2018-01-12 21:00:00', 1, 'Проданы дрова', 18000, '12 пачек', 0, 0),
(16, '2018-01-12 21:00:00', 1, 'Ван', 1731000, '', 0, 0),
(17, '2018-01-13 21:00:00', 1, 'Проданы дрова', 4500, '3 пачки', 0, 0),
(18, '2018-01-14 21:00:00', 1, 'Проданы дрова', 13500, '9 пачек', 0, 0),
(19, '2018-01-15 21:00:00', 1, 'Проданы дрова', 16500, '11 пачек', 0, 0),
(20, '2018-01-16 21:00:00', 1, 'Проданы дрова', 9000, '6 пачек', 0, 0),
(21, '2018-01-17 21:00:00', 1, 'Проданы дрова', 9000, '6 пачек', 0, 0),
(22, '2018-01-18 21:00:00', 1, 'Руслан', 499500, '', 0, 0),
(23, '2018-01-18 21:00:00', 1, 'Проданы дрова', 6000, '4 пачки', 0, 0),
(24, '2018-01-22 21:00:00', 1, 'Заняли китайцам', 110000, '', 0, 1),
(25, '2018-01-24 21:00:00', 1, 'Аванс', 640390, '', 0, 1),
(26, '2018-01-04 21:00:00', 2, 'РВД 5шт.', 4900, 'чек', 0, 1),
(27, '2018-01-04 21:00:00', 2, 'Операция киргизу(доктор)', 5000, 'чек', 0, 1),
(28, '2018-01-04 21:00:00', 2, 'Бензин 20 л.', 792, 'чек', 0, 1),
(29, '2018-01-05 21:00:00', 2, 'Ремонт машины хонда(свечи,аккумулятор)', 7650, 'чек', 0, 1),
(30, '2018-01-06 21:00:00', 2, 'Солярка', 57600, 'чека нет', 0, 1),
(31, '2018-01-07 21:00:00', 2, 'Ремонт погрузчика', 2500, 'чек', 0, 1),
(32, '2018-01-08 21:00:00', 2, 'Доставка ленты металической и медный провод', 1400, 'чека нет', 0, 1),
(33, '2018-01-10 21:00:00', 2, 'Доставка грузовая газель', 1000, 'чека нет', 0, 1),
(34, '2018-01-10 21:00:00', 2, 'Продукты и хоз.товары', 7334, 'чек', 0, 1),
(35, '2018-01-10 21:00:00', 2, 'Шприц нагнетательный + насадки на него', 1749, 'чек', 0, 1),
(36, '2018-01-10 21:00:00', 2, 'Мясо', 10550, 'чека нет', 0, 1),
(37, '2018-01-10 21:00:00', 2, 'Костюм+сапоги Стас', 7170, 'чек', 0, 1),
(38, '2018-01-10 21:00:00', 2, 'Проточка маховика на кару', 6000, 'чека нет', 0, 1),
(39, '2018-01-11 21:00:00', 2, 'Тросик сантехнический', 290, 'да', 0, 1),
(40, '2018-01-11 21:00:00', 2, 'Веревка 12шт*35', 420, 'чек', 0, 1),
(41, '2018-01-11 21:00:00', 2, 'Солярка', 72000, 'чека нет', 0, 1),
(42, '2018-01-11 21:00:00', 2, 'Бензин Дима', 2600, 'чек', 0, 1),
(43, '2018-01-11 21:00:00', 2, 'Телефон Дима', 2000, 'чек', 0, 1),
(44, '2018-01-13 21:00:00', 2, 'Такси', 3100, 'чека нет', 0, 1),
(45, '2018-01-13 21:00:00', 2, 'Бензин пилорама', 5900, 'чек', 0, 1),
(46, '2018-01-13 21:00:00', 2, 'Преобр.ржавчины,винт,гайка,шайба', 283, 'чек', 0, 1),
(47, '2018-01-13 21:00:00', 2, 'Винт,гайка,шайба', 144, 'чек', 0, 1),
(48, '2018-01-13 21:00:00', 2, 'Гвозди', 115, 'чек', 0, 1),
(49, '2018-01-14 21:00:00', 2, 'Ремонт камеры(кара)', 1100, 'чек', 0, 1),
(50, '2018-01-14 21:00:00', 2, 'Провод,выключатель,тумблер,штекер', 249, 'чек', 0, 1),
(51, '2018-01-14 21:00:00', 2, 'Рукав высокого давления', 1505, 'чек', 0, 1),
(52, '2018-01-15 21:00:00', 2, 'Солярка', 72000, 'чека нет', 0, 1),
(53, '2018-01-15 21:00:00', 2, 'Языковой сертификат', 14000, 'чека нет', 0, 1),
(54, '2018-01-15 21:00:00', 2, 'Подшипник выжимной 2 шт.', 3450, 'чек', 0, 1),
(55, '2018-01-16 21:00:00', 2, 'Корм для Юки', 2277, 'чек', 0, 1),
(56, '2018-01-16 21:00:00', 2, 'Бензин Дима', 1901, 'чек', 0, 1),
(57, '2018-01-16 21:00:00', 2, 'Мясо', 20055, 'чека нет', 0, 1),
(58, '2018-01-16 21:00:00', 2, 'Доставка грузовая газель', 1000, 'чека нет', 0, 1),
(59, '2018-01-17 21:00:00', 2, 'Снятие швов киргизу(доктор)', 557, 'чек', 0, 1),
(60, '2018-01-18 21:00:00', 2, 'Расчет с погрузчиком Женя 314,9*100', 31400, 'чека нет', 0, 1),
(61, '2018-01-18 21:00:00', 2, 'Солярка', 72000, 'чека нет', 0, 1),
(62, '2018-01-18 21:00:00', 2, 'Доставка грузовая газель', 1000, 'чека нет', 0, 1),
(63, '2018-01-18 21:00:00', 2, 'Доставка грузовая газель', 1500, 'чека нет', 0, 1),
(64, '2018-01-18 21:00:00', 2, 'Овощи', 3221, 'чек', 0, 1),
(65, '2018-01-18 21:00:00', 2, 'Рис,мука', 4800, 'чек', 0, 1),
(66, '2018-01-18 21:00:00', 2, 'Курица', 3540, 'чек', 0, 1),
(67, '2018-01-18 21:00:00', 2, 'Таз 2шт.', 987, 'чек', 0, 1),
(68, '2018-01-22 21:00:00', 2, 'Пена д/пилорамы', 340, 'чек', 0, 1),
(69, '2018-01-22 21:00:00', 2, 'Колесо Дима', 590, 'чек', 0, 1),
(70, '2018-01-22 21:00:00', 2, 'Плитка электрическая', 500, 'чек', 0, 1),
(71, '2018-01-23 21:00:00', 2, 'Солярка', 72000, 'чека нет', 0, 1),
(72, '2018-01-23 21:00:00', 2, 'Аренда Инкино', 25000, 'чека нет', 0, 1),
(73, '2018-01-23 21:00:00', 2, 'Бензин Дима', 1791, 'чек', 0, 1),
(74, '2018-01-23 21:00:00', 2, 'Автомат, сверло по металлу 2шт. д/сушилки', 1725, 'чек', 0, 1),
(75, '2018-01-24 21:00:00', 2, 'Рукав высокого давления', 2125, 'чек', 0, 1),
(76, '2018-01-24 21:00:00', 2, 'Для пилорамы', 1700, 'чека нет', 0, 1),
(77, '2018-01-24 21:00:00', 2, 'Дин Хао', 5000, 'чека нет', 0, 1),
(78, '2018-01-25 21:00:00', 2, 'Удлинитель,патрон,вилка д/пилорамы', 283, 'чек', 0, 1),
(79, '2018-01-24 21:00:00', 1, 'Ван', 2636200, '', 0, 0),
(80, '2018-01-24 21:00:00', 1, 'Проданы дрова', 1500, '', 0, 0),
(81, '2018-01-26 21:00:00', 1, 'Продана черная доска', 134400, '48 м.куб', 0, 0),
(82, '2018-01-25 21:00:00', 2, 'выгрузка колеса для трактора', 2500, 'чека нет', 0, 1),
(83, '2018-01-25 21:00:00', 2, 'аренда земли около кочегарки', 50000, 'за декабрь расписка', 0, 1),
(84, '2018-01-26 21:00:00', 1, 'Проданы дрова', 18000, '12 пачек', 0, 0),
(85, '2018-01-27 21:00:00', 1, 'Проданы дрова', 15000, '10 пачек', 0, 0),
(86, '2018-01-27 21:00:00', 2, 'Мясо', 13955, '', 0, 1),
(87, '2018-01-27 21:00:00', 2, 'Овощи', 2691, '', 1, 1),
(88, '2018-01-27 21:00:00', 2, 'Часы настенные', 350, '', 1, 1),
(89, '2018-01-27 21:00:00', 2, 'Гайки,болты для пилорамы', 703, '', 1, 1),
(90, '2018-01-27 21:00:00', 2, 'Патч-корд для сушилки', 590, '', 1, 1),
(91, '2018-01-27 21:00:00', 2, 'Бензин пилорама', 6070, '', 1, 1),
(92, '2018-01-27 21:00:00', 2, 'Рукав высокого давления', 7873, '6 комплектов', 1, 1),
(93, '2018-01-28 21:00:00', 2, 'Солярка', 72000, '', 0, 1),
(94, '2018-01-28 21:00:00', 1, 'Проданы дрова', 13500, '9 пачек', 0, 0),
(95, '2018-01-28 21:00:00', 1, 'Продана черная доска', 67200, '24 м.куб.', 0, 0),
(96, '2018-01-29 21:00:00', 1, 'Проданы дрова', 15000, '10 пачек', 0, 0),
(97, '2018-01-29 21:00:00', 1, 'Продана черная доска', 134400, '48 м.куб', 0, 0),
(98, '2018-01-29 21:00:00', 2, 'Бензин Дима', 1791, '', 1, 1),
(99, '2018-01-30 21:00:00', 2, 'Бензин Дима', 1990, '', 1, 1),
(100, '2018-01-30 21:00:00', 2, 'Крюки на погрузчик', 1400, '4 штуки', 1, 1),
(101, '2018-01-30 21:00:00', 1, 'Проданы дрова', 7500, '5 пачек', 0, 0),
(102, '2018-01-30 21:00:00', 2, 'Скотч', 270, '', 1, 1),
(103, '2018-01-30 21:00:00', 2, 'Больница', 1101, '', 1, 1),
(104, '2018-01-30 21:00:00', 2, 'Лекарства', 1072, '', 1, 1),
(105, '2018-01-31 21:00:00', 2, 'Страховка Хонда', 20000, '', 0, 1),
(106, '2018-01-31 21:00:00', 2, 'Спальник-одеяло', 2328, '', 1, 1),
(107, '2018-01-31 21:00:00', 1, 'Проданы дрова', 15000, '10 пачек', 0, 0),
(108, '2018-01-31 21:00:00', 2, 'Солярка', 72000, '', 0, 1),
(109, '2018-02-01 21:00:00', 1, 'Проданы дрова', 12000, '8 пачек', 0, 0),
(110, '2018-02-02 21:00:00', 1, 'Ван', 4366800, '', 0, 0),
(111, '2018-02-01 21:00:00', 2, 'Кислород технический', 1000, '4 балона', 1, 1),
(112, '2018-02-01 21:00:00', 2, 'Доставка грузовая газель', 2000, '', 0, 1),
(113, '2018-02-02 21:00:00', 2, 'Расчет с погрузчиком Женя', 54000, '', 0, 1),
(114, '2018-02-02 21:00:00', 2, 'Бензин Тойота', 1500, '', 1, 1),
(115, '2018-02-02 21:00:00', 2, 'Краска д/пачек,лента клейкая,фонари', 5005, '', 1, 1),
(116, '2018-02-02 21:00:00', 2, 'Продукты', 1220, '', 1, 1),
(117, '2018-02-02 21:00:00', 2, 'Мясо', 8288, '', 0, 1),
(118, '2018-02-03 21:00:00', 1, 'Проданы дрова', 24000, '16 пачек', 0, 0),
(119, '2018-02-04 21:00:00', 2, 'Бензин пилорама', 4422, '', 1, 1),
(120, '2018-02-04 21:00:00', 2, 'Солярка', 72000, '', 0, 1),
(121, '2018-02-04 21:00:00', 2, 'Продукты', 1558, '', 1, 1),
(122, '2018-02-04 21:00:00', 2, 'Доставка ленты металлической', 1000, '', 0, 1),
(123, '2018-02-04 21:00:00', 1, 'Проданы дрова', 13500, '9 пачек', 0, 0),
(124, '2018-02-05 21:00:00', 1, 'Продана черная доска', 134400, '48 м.куб', 0, 0),
(125, '2018-02-05 21:00:00', 2, 'Подшипник пилорама', 460, '2 штуки', 1, 1),
(126, '2018-02-05 21:00:00', 2, 'Бензин Дима', 500, '', 0, 1),
(127, '2018-02-05 21:00:00', 2, 'Подшипник пилорама', 500, '2 штуки', 1, 1),
(128, '2018-02-05 21:00:00', 2, 'Бензин Бундюр', 7000, 'Стас и Антон', 1, 1),
(129, '2018-02-05 21:00:00', 1, 'Проданы дрова', 12000, '8 пачек', 0, 0),
(130, '2018-02-05 21:00:00', 2, 'Ван', 5000, '', 0, 1),
(131, '2018-02-05 21:00:00', 2, 'Бензин Динхао', 1500, '', 1, 1),
(132, '2018-02-05 21:00:00', 2, 'погрузка Латат', 11500, '57,174*200', 0, 1),
(133, '2018-02-05 21:00:00', 2, 'Обед Динхао Латат', 4000, '', 0, 1),
(134, '2018-02-06 21:00:00', 1, 'Ван', 1100000, '', 0, 1),
(135, '2018-02-06 21:00:00', 1, 'Проданы дрова', 15000, '10 пачек', 0, 0),
(136, '2018-02-06 21:00:00', 2, 'Фара у контейнера (разбили)', 1000, '', 0, 1),
(137, '2018-02-06 21:00:00', 2, 'Доставка грузовая газель', 1000, '', 0, 1),
(138, '2018-02-06 21:00:00', 2, 'Круг обрезной', 870, '', 1, 1),
(139, '2018-02-07 21:00:00', 2, 'Солярка', 72000, '', 0, 1),
(140, '2018-02-07 21:00:00', 1, 'Проданы дрова', 16500, '11 пачек', 0, 0),
(141, '2018-02-07 21:00:00', 2, 'Бензин Тойота', 1990, '', 1, 1),
(142, '2018-02-07 21:00:00', 2, 'Яйцо', 1512, '', 1, 1),
(143, '2018-02-07 21:00:00', 2, 'Кулачковый переключатель', 830, '', 1, 1),
(144, '2018-02-07 21:00:00', 2, 'Овощи', 3117, '', 1, 1),
(145, '2018-02-07 21:00:00', 2, 'Рыба,курица', 9058, '', 1, 1),
(146, '2018-02-07 21:00:00', 2, 'Рыба,курица', 8838, '', 1, 1),
(147, '2018-02-07 21:00:00', 2, 'Рис,мука', 4950, '', 1, 1),
(148, '2018-02-07 21:00:00', 2, 'ТК (доставка эл.кастрюль)', 590, '', 1, 1),
(149, '2018-02-07 21:00:00', 1, 'Зарплата', 1811790, '', 0, 1),
(150, '2018-02-09 21:00:00', 1, 'Руслан', 780000, '', 0, 0),
(151, '2018-02-08 21:00:00', 2, 'Доставка грузовая газель', 1200, '', 0, 1),
(152, '2018-02-08 21:00:00', 2, 'погрузка Латат', 12500, '62,99*200', 0, 1),
(153, '2018-02-09 21:00:00', 1, 'Заняли китайцам', 146750, '', 0, 1),
(154, '2018-02-09 21:00:00', 1, 'Продана черная доска', 268800, '96 м.куб.', 0, 0),
(155, '2018-02-09 21:00:00', 2, 'Эл.чайник', 303, '', 1, 1),
(156, '2018-02-10 21:00:00', 1, 'Проданы дрова', 18000, '12 пачек', 0, 0),
(157, '2018-02-10 21:00:00', 2, 'Бензин Тойота', 1990, '', 1, 1),
(158, '2018-02-11 21:00:00', 2, 'Рукав высокого давления', 2790, '', 1, 1),
(159, '2018-02-11 21:00:00', 2, 'Солярка', 72000, '', 0, 1),
(160, '2018-02-11 21:00:00', 2, 'Овощи', 4000, '', 0, 1),
(161, '2018-02-11 21:00:00', 2, 'Бензин пилорама', 5159, '', 1, 1),
(162, '2018-02-11 21:00:00', 1, 'Руслан', 615000, '', 0, 0),
(163, '2018-02-11 21:00:00', 1, 'Проданы дрова', 12000, '8 пачек', 0, 0),
(164, '2018-02-12 21:00:00', 1, 'Руслан', 590000, '', 0, 0),
(165, '2018-02-12 21:00:00', 2, 'погрузка Латат', 19500, '97,3*200', 0, 1),
(166, '2018-02-12 21:00:00', 1, 'Заняли китайцам', 45000, '', 0, 1),
(167, '2018-02-12 21:00:00', 2, 'погрузка Латат', 6880, '34,4*200', 0, 1),
(168, '2018-02-12 21:00:00', 2, 'Доставка профлиста', 2000, '', 0, 1),
(169, '2018-02-13 21:00:00', 1, 'Чен', 2000000, '', 0, 0),
(170, '2018-02-13 21:00:00', 2, 'Замок', 260, '2 штуки', 1, 1),
(171, '2018-02-13 21:00:00', 2, 'Овощи', 1228, '', 1, 1),
(172, '2018-02-13 21:00:00', 2, 'Продукты', 8218, '', 1, 1),
(173, '2018-02-13 21:00:00', 2, 'Продукты', 9129, '', 1, 1),
(174, '2018-02-13 21:00:00', 2, 'Газовая горелка, пассатижи', 1840, 'для пилорамы', 1, 1),
(175, '2018-02-13 21:00:00', 2, 'Мясо,грибы,рыба', 19850, '', 0, 1),
(176, '2018-02-13 21:00:00', 2, 'Бензин Динхао', 1600, '', 1, 1),
(177, '2018-02-13 21:00:00', 2, 'Шиномонтаж', 360, 'хонда', 1, 1),
(178, '2018-02-14 21:00:00', 2, 'Продукты', 3821, '', 1, 1),
(179, '2018-02-14 21:00:00', 2, 'Обед Динхао Латат', 3000, '', 0, 1),
(180, '2018-02-15 21:00:00', 2, 'Рукав высокого давления', 2261, '', 1, 1),
(181, '2018-02-15 21:00:00', 2, 'Подшипники,сальники', 1100, '', 1, 1),
(182, '2018-02-15 21:00:00', 2, 'Доставка грузовая газель', 1200, '', 0, 1),
(183, '2018-02-15 21:00:00', 2, 'погрузка Латат', 13140, '65.7*200', 0, 1),
(184, '2018-02-15 21:00:00', 1, 'Заняли китайцам', 20000, '', 0, 1),
(185, '2018-02-16 21:00:00', 1, 'Проданы дрова', 7500, '5 пачек', 0, 0),
(186, '2018-02-15 21:00:00', 2, 'Бензин Дима', 1800, '', 1, 1),
(187, '2018-02-17 21:00:00', 2, 'Солярка', 72000, '', 0, 1),
(188, '2018-02-17 21:00:00', 1, 'Проданы дрова', 10500, '7 пачек', 0, 0),
(189, '2018-02-18 21:00:00', 1, 'Ван', 1751000, '', 0, 0),
(190, '2018-02-18 21:00:00', 1, 'Ван', 1751000, '', 0, 0),
(191, '2018-02-18 21:00:00', 1, 'Проданы дрова', 12000, '8 пачек', 0, 0),
(192, '2018-02-18 21:00:00', 2, 'Бензин Динхао', 1000, '', 1, 1),
(193, '2018-02-18 21:00:00', 2, 'Обед Динхао Латат', 2000, '', 0, 1),
(194, '2018-02-18 21:00:00', 2, 'Антон телефон и еда', 1000, '', 0, 1),
(195, '2018-02-18 21:00:00', 2, 'Антон гостиница', 2000, '2000', 0, 1),
(196, '2018-02-18 21:00:00', 1, 'Заняли китайцам', 15000, '', 0, 1),
(197, '2018-02-18 21:00:00', 2, 'Такси', 4500, 'новосибирск', 0, 1),
(198, '2018-02-19 21:00:00', 2, 'Ремонт колеса', 3000, '3 шт', 1, 1),
(199, '2018-02-19 21:00:00', 2, 'Ремонт колеса', 750, '', 1, 1),
(200, '2018-02-19 21:00:00', 1, 'Трансиб Андрей', 1000000, '', 0, 1),
(201, '2018-02-19 21:00:00', 1, 'Проданы дрова', 18000, '12 пачек', 0, 0),
(203, '2018-02-19 21:00:00', 2, 'погрузка Латат', 11000, '55*200', 0, 1),
(204, '2018-02-20 21:00:00', 1, 'Проданы дрова', 7500, '5 пачек', 0, 0),
(205, '2018-02-20 21:00:00', 2, 'Бензин Дима', 1791, '', 1, 1),
(206, '2018-02-20 21:00:00', 2, 'погрузка Латат', 11700, '58,5*200', 0, 1),
(207, '2018-02-21 21:00:00', 2, 'Солярка', 72000, '', 0, 1),
(208, '2018-02-21 21:00:00', 2, 'Подарок', 13500, '', 0, 1),
(209, '2018-02-21 21:00:00', 2, 'Запчасти хонда', 1000, '', 1, 1),
(210, '2018-02-21 21:00:00', 2, 'Ремонт хонда', 1155, '', 1, 1),
(211, '2018-02-21 21:00:00', 2, 'Манипулятор для леса', 4000, '', 0, 1),
(212, '2018-02-21 21:00:00', 1, 'Проданы дрова', 12000, '8 пачек', 0, 0),
(213, '2018-02-22 21:00:00', 2, 'Доставка ленты металлической', 1000, '', 0, 1),
(214, '2018-02-22 21:00:00', 2, 'аренда земли около кочегарки', 50000, 'расписка', 0, 1),
(215, '2018-02-22 21:00:00', 2, 'Мясо', 13045, '', 0, 1),
(216, '2018-02-22 21:00:00', 2, 'Продукты', 4521, '', 1, 1),
(217, '2018-02-22 21:00:00', 1, 'Ван', 1751000, '', 0, 0),
(218, '2018-02-22 21:00:00', 2, 'погрузка Латат', 23980, '119,9*200', 0, 1),
(219, '2018-02-22 21:00:00', 2, 'Бензин пилорама', 5900, '', 1, 1),
(220, '2018-02-22 21:00:00', 1, 'Проданы дрова', 12000, '8 пачек', 0, 0),
(221, '2018-02-23 21:00:00', 1, 'Проданы дрова', 9000, '6 пачек', 0, 0),
(222, '2018-02-24 21:00:00', 1, 'Проданы дрова', 10500, '7 пачек', 0, 0),
(223, '2018-02-25 21:00:00', 2, 'Телефон Дима', 2100, '', 1, 1),
(224, '2018-02-25 21:00:00', 2, 'Соль', 683, '', 1, 1),
(225, '2018-02-25 21:00:00', 2, 'Рис,мука', 9325, '', 1, 1),
(226, '2018-02-25 21:00:00', 2, 'Яйцо', 1800, '', 1, 1),
(227, '2018-02-25 21:00:00', 2, 'Рыба,курица', 12000, '', 1, 1),
(228, '2018-02-25 21:00:00', 2, 'Корм для Юки', 1378, '', 1, 1),
(229, '2018-02-25 21:00:00', 2, 'Насадки д/шприца д/сушилки', 500, '', 1, 1),
(230, '2018-02-25 21:00:00', 2, 'Овощи', 3977, '', 1, 1),
(231, '2018-02-25 21:00:00', 2, 'Сверло д/сушилки', 562, '', 1, 1),
(232, '2018-02-25 21:00:00', 2, 'Доставка грузовая газель', 1200, '', 0, 1),
(233, '2018-02-25 21:00:00', 2, 'Батарейки,лист шлифовочный д/сушилки', 625, '', 1, 1),
(234, '2018-02-25 21:00:00', 1, 'Проданы дрова', 7500, '5 пачек', 0, 0),
(235, '2018-02-27 21:00:00', 1, 'Проданы дрова', 19500, '13 пачек', 0, 0),
(236, '2018-02-27 21:00:00', 1, 'Руслан', 400000, '', 0, 0),
(237, '2018-02-27 21:00:00', 2, 'Запчасти для пилораммы', 2490, '', 1, 1),
(238, '2018-02-27 21:00:00', 2, 'Бензин Дима', 1473, '', 1, 1),
(239, '2018-02-27 21:00:00', 2, 'Шайба д/пилораммы', 280, '', 1, 1),
(240, '2018-02-28 21:00:00', 2, 'Доставка грузовая газель', 1000, '', 0, 1),
(241, '2018-02-28 21:00:00', 2, 'Масло гидравлическое', 6320, '', 1, 1),
(242, '2018-02-28 21:00:00', 2, 'Изготовление шлангов трактор', 2450, '', 1, 1),
(243, '2018-02-28 21:00:00', 2, 'Смазка', 277, '', 1, 1),
(244, '2018-02-28 21:00:00', 2, 'Доставка грузовая газель', 1000, '', 0, 1),
(245, '2018-02-28 21:00:00', 1, 'Руслан', 624000, '', 0, 0),
(246, '2018-02-28 21:00:00', 1, 'Проданы дрова', 13500, '9 пачек', 0, 0),
(247, '2018-02-28 21:00:00', 2, 'Солярка', 72000, '', 0, 1),
(248, '2018-02-28 21:00:00', 2, 'Ремонт колеса хонда', 850, '', 1, 1),
(249, '2018-03-01 21:00:00', 2, 'Подшипник пилорама', 280, '', 1, 1),
(250, '2018-03-01 21:00:00', 2, 'погрузка Латат', 11700, '58,9*200', 0, 1),
(251, '2018-03-01 21:00:00', 2, 'Бензин Стас бундюр', 9550, '', 1, 1),
(252, '2018-03-01 21:00:00', 2, 'Продукты Стас бундюр', 1500, '', 0, 1),
(253, '2018-03-01 21:00:00', 1, 'Проданы дрова', 10500, '7 пачек', 0, 0),
(254, '2018-03-01 21:00:00', 1, 'Ван', 2608700, '', 0, 0),
(255, '2018-03-01 21:00:00', 2, 'Ремонт камер', 3000, '', 0, 1),
(256, '2018-03-02 21:00:00', 1, 'Проданы дрова', 16500, '11 пачек', 0, 0),
(257, '2018-03-03 21:00:00', 1, 'Заняли китайцам', 110000, '', 0, 1),
(258, '2018-03-02 21:00:00', 2, 'Мясо', 18350, '', 0, 1),
(259, '2018-03-02 21:00:00', 2, 'Бензин хонда', 2000, '', 1, 1),
(260, '2018-03-02 21:00:00', 2, 'Колесо трактор', 35000, '', 0, 1),
(261, '2018-03-03 21:00:00', 2, 'Бензин Тойота', 2000, '', 1, 1),
(262, '2018-03-04 21:00:00', 2, 'Доставка ленты металлической', 1000, '', 0, 1),
(263, '2018-03-03 21:00:00', 1, 'Проданы дрова', 3000, '2 пачки', 0, 0),
(264, '2018-03-04 21:00:00', 1, 'Проданы дрова', 3000, '2 пачки', 0, 0),
(265, '2018-03-04 21:00:00', 2, 'Краска д/пачек', 6152, '', 1, 1),
(266, '2018-03-04 21:00:00', 1, 'Ван', 873000, '', 0, 0),
(267, '2018-03-05 21:00:00', 1, 'Проданы дрова', 15000, '10 пачек', 0, 0),
(268, '2018-03-05 21:00:00', 1, 'Ван', 2613000, '', 0, 0),
(269, '2018-03-05 21:00:00', 1, 'Прогресс Максим', 2000000, '', 0, 1),
(270, '2018-03-05 21:00:00', 2, 'Бензин хонда', 1035, '', 1, 1),
(271, '2018-03-06 21:00:00', 1, 'Зарплата', 1763394, 'февраль', 0, 1),
(272, '2018-03-06 21:00:00', 2, 'Анкерные болты,изолента,замок', 345, '', 1, 1),
(273, '2018-03-06 21:00:00', 2, 'Хомуты', 156, '', 1, 1),
(274, '2018-03-06 21:00:00', 2, 'Рукав высокого давления', 684, '', 1, 1),
(275, '2018-03-06 21:00:00', 2, 'Сверло', 173, '', 1, 1),
(276, '2018-03-06 21:00:00', 1, 'Проданы дрова', 12000, '8 пачек', 0, 0),
(277, '2018-03-07 21:00:00', 1, 'Проданы дрова', 3000, '2 пачки', 0, 0),
(278, '2018-03-08 21:00:00', 1, 'Вова', 500000, '', 0, 0),
(279, '2018-03-06 21:00:00', 2, 'Бензин пилорама', 5896, '', 1, 1),
(280, '2018-03-07 21:00:00', 2, 'Овощи', 2073, '', 1, 1),
(281, '2018-03-04 21:00:00', 2, 'Солярка', 72000, '', 0, 1),
(282, '2018-03-08 21:00:00', 1, 'Чен', 500000, '', 0, 0),
(283, '2018-03-08 21:00:00', 1, 'Трансиб Андрей', 1000000, '', 0, 1),
(284, '2018-03-08 21:00:00', 2, 'Перевод зарплаты', 35000, '', 0, 1),
(285, '2018-03-08 21:00:00', 1, 'Заняли китайцам', 5000, '', 0, 1),
(286, '2018-03-08 21:00:00', 2, 'Бензин Дима', 1500, '', 1, 1),
(287, '2018-03-08 21:00:00', 2, 'Солярка', 72000, '', 0, 1),
(288, '2018-03-08 21:00:00', 1, 'Проданы дрова', 9000, '6 пачек', 0, 0),
(289, '2018-03-09 21:00:00', 1, 'Проданы дрова', 21000, '14 пачек', 0, 0),
(290, '2018-03-10 21:00:00', 2, 'Доставка ленты металлической', 1500, '', 0, 1),
(291, '2018-03-10 21:00:00', 2, 'Замок', 440, '', 1, 1),
(292, '2018-03-10 21:00:00', 1, 'Ван', 871000, '', 0, 0),
(293, '2018-03-10 21:00:00', 1, 'Проданы дрова', 4500, '3 пачки', 0, 0),
(294, '2018-03-11 21:00:00', 1, 'Вова', 500000, '', 0, 0),
(295, '2018-03-11 21:00:00', 2, 'Сахар', 355, '', 1, 1),
(296, '2018-03-11 21:00:00', 2, 'Овощи', 2765, '', 1, 1),
(297, '2018-03-11 21:00:00', 2, 'Яйцо', 1764, '', 1, 1),
(298, '2018-03-11 21:00:00', 1, 'Проданы дрова', 10500, '7 пачек', 0, 0),
(299, '2018-03-11 21:00:00', 2, 'Доставка ленты металлической', 1200, '', 0, 1),
(300, '2018-03-12 21:00:00', 2, 'Реле', 210, '', 1, 1),
(301, '2018-03-12 21:00:00', 2, 'Хоз.товары', 1629, '', 1, 1),
(302, '2018-03-12 21:00:00', 2, 'Тормозная жидкость', 1300, '', 1, 1),
(303, '2018-03-12 21:00:00', 2, 'Форсунки', 2500, '', 1, 1),
(304, '2018-03-12 21:00:00', 2, 'Бензин', 500, '', 1, 1),
(305, '2018-03-12 21:00:00', 2, 'Бензин хонда', 1800, '', 1, 1),
(306, '2018-03-13 21:00:00', 2, 'погрузка Латат', 6100, '30.7*200', 0, 1),
(307, '2018-03-12 21:00:00', 1, 'Руслан', 600000, '', 0, 0),
(308, '2018-03-12 21:00:00', 1, 'Чен', 3000000, '', 0, 0),
(309, '2018-03-12 21:00:00', 1, 'Продана черная доска', 67200, '', 0, 0),
(310, '2018-03-12 21:00:00', 1, 'Проданы дрова', 12000, '8 пачек', 0, 0),
(311, '2018-03-12 21:00:00', 1, 'Заняли китайцам', 3400, '', 0, 1),
(312, '2018-03-13 21:00:00', 2, 'погрузка Латат', 9800, '49*200', 0, 1),
(313, '2018-03-13 21:00:00', 2, 'Бензин', 1000, '', 1, 1),
(314, '2018-03-13 21:00:00', 2, 'Мазь', 399, '', 1, 1),
(315, '2018-03-13 21:00:00', 2, 'Прием доктора', 1663, '', 1, 1),
(316, '2018-03-13 21:00:00', 2, 'Такси новосибирск', 5000, '', 0, 1),
(317, '2018-03-14 21:00:00', 2, 'Языковой сертификат', 14000, '', 0, 1),
(318, '2018-03-13 21:00:00', 1, 'Заняли китайцам', 5000, '', 0, 1),
(319, '2018-03-13 21:00:00', 1, 'Руслан', 200000, '', 0, 0),
(320, '2018-03-13 21:00:00', 1, 'Продана черная доска', 67200, '24 м.куб.', 0, 0),
(321, '2018-03-13 21:00:00', 1, 'Проданы дрова', 12000, '8 пачек', 0, 0),
(322, '2018-03-14 21:00:00', 2, 'Раткина О.', 6000, '', 0, 1),
(323, '2018-03-14 21:00:00', 2, 'Кнопка с лампочкой', 1404, '', 1, 1),
(324, '2018-03-14 21:00:00', 2, 'погрузка Латат', 10160, '51*200', 0, 1),
(325, '2018-03-15 21:00:00', 2, 'Солярка', 72000, '', 0, 1),
(326, '2018-03-14 21:00:00', 1, 'Проданы дрова', 9000, '6 пачек', 0, 0),
(327, '2018-03-15 21:00:00', 1, 'Проданы дрова', 6000, '4 пачки', 0, 0),
(328, '2018-03-16 21:00:00', 1, 'Проданы дрова', 13500, '9 пачек', 0, 0),
(329, '2018-03-17 21:00:00', 1, 'Проданы дрова', 7500, '5 пачек', 0, 0),
(330, '2018-03-18 21:00:00', 2, 'Продукты', 5741, '', 1, 1),
(331, '2018-03-18 21:00:00', 2, 'Овощи', 4765, '', 1, 1),
(332, '2018-03-18 21:00:00', 2, 'Яйцо', 1728, '', 1, 1),
(333, '2018-03-18 21:00:00', 2, 'Рис,мука', 6900, '', 1, 1),
(334, '2018-03-18 21:00:00', 1, 'Проданы дрова', 10500, '7 пачек', 0, 0),
(335, '2018-03-19 21:00:00', 1, 'Проданы дрова', 3000, '2 пачки', 0, 0),
(336, '2018-03-19 21:00:00', 2, 'Латка д/камер', 380, '', 1, 1),
(337, '2018-03-19 21:00:00', 2, 'Замок в дверь', 405, '', 1, 1),
(338, '2018-03-19 21:00:00', 2, 'Бензин Дима', 1990, '', 1, 1),
(339, '2018-03-20 21:00:00', 2, 'Бензин пилорамма', 5896, '', 1, 1),
(340, '2018-03-20 21:00:00', 1, 'Аванс', 485590, '', 0, 1),
(341, '2018-03-20 21:00:00', 1, 'Продана черная доска', 67200, '24 м.куб.', 0, 0),
(342, '2018-03-20 21:00:00', 1, 'Заняли китайцам', 5000, '', 0, 1),
(343, '2018-03-20 21:00:00', 1, 'Проданы дрова', 7500, '5 пачек', 0, 0),
(344, '2018-03-21 21:00:00', 2, 'Чистка канализации в Панде', 5000, '', 0, 1),
(345, '2018-03-21 21:00:00', 2, 'Мясо', 15807, '', 0, 1),
(346, '2018-03-21 21:00:00', 2, 'Окорочка', 1935, '', 1, 1),
(347, '2018-03-21 21:00:00', 2, 'Овощи', 2797, '', 1, 1),
(348, '2018-03-21 21:00:00', 2, 'Лапша', 1527, '', 1, 1),
(349, '2018-03-21 21:00:00', 1, 'Руслан', 400000, '', 0, 0),
(350, '2018-03-21 21:00:00', 1, 'Проданы дрова', 12000, '8 пачек', 0, 0),
(351, '2018-03-22 21:00:00', 2, 'Солярка', 72000, '', 0, 1),
(352, '2018-03-22 21:00:00', 2, 'Замок цепи', 145, '', 1, 1),
(353, '2018-03-22 21:00:00', 2, 'Банеры', 11000, '', 0, 1),
(354, '2018-03-22 21:00:00', 1, 'Проданы дрова', 9000, '6 пачек', 0, 0),
(355, '2018-03-23 21:00:00', 1, 'Продана черная доска', 67200, '24 м.куб.', 0, 0),
(356, '2018-03-23 21:00:00', 1, 'Проданы дрова', 4500, '3 пачки', 0, 0),
(357, '2018-03-24 21:00:00', 1, 'Проданы дрова', 6000, '4 пачки', 0, 0),
(358, '2018-03-25 21:00:00', 1, 'Руслан', 200000, '', 0, 0),
(359, '2018-03-23 21:00:00', 2, 'Скотч', 303, '', 1, 1),
(360, '2018-03-23 21:00:00', 2, 'Мел', 454, '', 1, 1),
(361, '2018-03-25 21:00:00', 1, 'Проданы дрова', 10500, '7 пачек', 0, 0),
(362, '2018-03-25 21:00:00', 2, 'Автолампа', 894, '', 1, 1),
(363, '2018-03-25 21:00:00', 2, 'Подшипник выжимной', 3700, '', 1, 1),
(364, '2018-03-26 21:00:00', 1, 'Руслан', 99000, '', 0, 0),
(365, '2018-03-26 21:00:00', 1, 'Ван', 1782500, '', 0, 0),
(366, '2018-03-26 21:00:00', 1, 'Проданы дрова', 9000, '9 пачек', 0, 0),
(368, '2018-03-27 21:00:00', 2, 'Рис', 2100, '', 1, 1),
(369, '2018-03-27 21:00:00', 2, 'Подшипник', 910, '', 1, 1),
(370, '2018-03-27 21:00:00', 2, 'Бензин', 480, '', 1, 1),
(371, '2018-03-27 21:00:00', 2, 'Гайки,болты', 309, '', 1, 1),
(372, '2018-03-27 21:00:00', 2, 'Дин Хао', 5000, '', 0, 1),
(373, '2018-03-27 21:00:00', 1, 'Проданы дрова', 12000, '8 пачек', 0, 0),
(374, '2018-03-28 21:00:00', 1, 'Проданы дрова', 4500, '3 пачки', 0, 0),
(375, '2018-03-28 21:00:00', 2, 'Бензин Дима', 2000, '', 1, 1),
(376, '2018-03-29 21:00:00', 2, 'Доставка грузовая газель', 1400, '', 0, 1),
(377, '2018-03-29 21:00:00', 1, 'Ван', 1793000, '', 0, 0),
(378, '2018-03-30 21:00:00', 1, 'Проданы дрова', 10500, '7 пачек', 0, 0),
(379, '2018-03-31 21:00:00', 1, 'Заняли китайцам', 180000, '', 0, 1),
(380, '2018-03-30 21:00:00', 2, 'Бензин хонда', 1500, '', 1, 1),
(381, '2018-03-30 21:00:00', 2, 'Солярка', 70000, '', 0, 1),
(382, '2018-03-30 21:00:00', 2, 'Бензин пилорама', 5900, '', 1, 1),
(383, '2018-03-31 21:00:00', 2, 'Насос', 42000, '', 0, 1),
(384, '2018-03-31 21:00:00', 2, 'Ремонт насоса', 26000, '', 0, 1),
(385, '2018-04-01 21:00:00', 1, 'Проданы дрова', 6000, '', 0, 0),
(386, '2018-04-01 21:00:00', 2, 'Овощи', 1517, '', 1, 1),
(387, '2018-04-01 21:00:00', 2, 'Бензин Дима', 2000, '', 1, 1),
(388, '2018-04-02 21:00:00', 1, 'Проданы дрова', 9000, '6 пачек', 0, 0),
(389, '2018-04-02 21:00:00', 2, 'Паранит', 110, '', 1, 1),
(390, '2018-04-02 21:00:00', 2, 'Сдача подстанции', 150000, 'расписка', 0, 1),
(391, '2018-04-02 21:00:00', 2, 'Такси', 5000, '', 0, 1),
(392, '2018-04-03 21:00:00', 1, 'Проданы дрова', 4500, '3 пачки', 0, 0),
(393, '2018-04-03 21:00:00', 2, 'Доставка ленты металлической', 1200, '', 0, 1),
(394, '2018-04-04 21:00:00', 1, 'Ван', 100000, '', 0, 1),
(395, '2018-04-04 21:00:00', 1, 'Ван', 1801000, '', 0, 0),
(396, '2018-04-04 21:00:00', 1, 'Проданы дрова', 12000, '8 пачек', 0, 0),
(397, '2018-04-04 21:00:00', 2, 'Продукты', 3037, '', 1, 1),
(398, '2018-04-04 21:00:00', 2, 'Овощи', 8096, '', 1, 1),
(399, '2018-04-04 21:00:00', 2, 'Рис,мука', 7950, '', 1, 1),
(400, '2018-04-04 21:00:00', 2, 'Курица', 2200, '', 1, 1),
(401, '2018-04-04 21:00:00', 2, 'Скатерти(клеенка)', 1000, '', 1, 1),
(402, '2018-04-04 21:00:00', 2, 'Мясо', 14210, '', 0, 1),
(403, '2018-04-04 21:00:00', 2, 'Бензин хонда', 1500, '', 1, 1),
(404, '2018-04-04 21:00:00', 2, 'Доставка грузовая газель', 1200, '', 1, 1),
(405, '2018-04-05 21:00:00', 1, 'Проданы дрова', 6000, '4 пачки', 0, 0),
(406, '2018-04-06 21:00:00', 2, 'Солярка', 70000, '', 0, 1),
(407, '2018-04-06 21:00:00', 1, 'Заняли китайцам', 5000, '', 0, 1),
(408, '2018-04-06 21:00:00', 1, 'Проданы дрова', 7500, '5 пачек', 0, 0),
(409, '2018-04-07 21:00:00', 1, 'Проданы дрова', 3000, '2 пачки', 0, 0),
(410, '2018-04-07 21:00:00', 2, 'Больница', 3618, '', 1, 1),
(411, '2018-04-08 21:00:00', 2, 'Ацетилен', 2500, '', 1, 1),
(412, '2018-04-08 21:00:00', 2, 'Доставка ацетилена', 2500, '', 0, 1),
(413, '2018-04-08 21:00:00', 1, 'Проданы дрова', 6000, '4 пачки', 0, 0),
(414, '2018-04-09 21:00:00', 1, 'Ван', 400000, '', 0, 1),
(415, '2018-04-09 21:00:00', 1, 'Проданы дрова', 6000, '4 пачки', 0, 0),
(416, '2018-04-09 21:00:00', 1, 'Ван', 943000, '', 0, 0),
(417, '2018-04-09 21:00:00', 2, 'Патрон д/пилорамы', 150, '', 1, 1),
(418, '2018-04-09 21:00:00', 2, 'Такси', 5000, '', 0, 1),
(419, '2018-04-10 21:00:00', 2, 'Доставка грузовая газель', 1200, '', 0, 1),
(420, '2018-04-10 21:00:00', 2, 'Запчасти д/пилорамы', 4895, '', 1, 1),
(421, '2018-04-10 21:00:00', 2, 'Бензин пилорама', 5896, '', 1, 1),
(422, '2018-04-10 21:00:00', 2, 'Бензин хонда', 1000, '', 1, 1),
(423, '2018-04-10 21:00:00', 2, 'Гайки,болты для фронтальника', 5404, '', 1, 1),
(424, '2018-04-11 21:00:00', 2, 'Доставка грузовая газель', 1200, '', 0, 1),
(425, '2018-04-11 21:00:00', 2, 'Уголок', 2868, '', 1, 1),
(426, '2018-04-11 21:00:00', 2, 'Масло', 1600, '', 1, 1),
(427, '2018-04-11 21:00:00', 2, 'Бородок,зубило', 396, '', 1, 1),
(428, '2018-04-11 21:00:00', 1, 'Зарплата', 2086313, 'март', 0, 1),
(429, '2018-04-10 21:00:00', 1, 'Проданы дрова', 3000, '2 пачки', 0, 0),
(430, '2018-04-12 21:00:00', 2, 'Обувь', 2894, '5 пар', 1, 1),
(431, '2018-04-12 21:00:00', 2, 'Плащи', 9658, '11 штук', 1, 1),
(432, '2018-04-12 21:00:00', 2, 'Корм для Юки', 3980, '', 1, 1),
(433, '2018-04-12 21:00:00', 2, 'Щетка д/хонды', 319, '', 1, 1);

-- --------------------------------------------------------

--
-- Структура таблицы `cash_type`
--

CREATE TABLE IF NOT EXISTS `cash_type` (
  `id` tinyint(3) UNSIGNED NOT NULL AUTO_INCREMENT,
  `name` varchar(64) NOT NULL,
  PRIMARY KEY (`id`)
) ENGINE=InnoDB AUTO_INCREMENT=3 DEFAULT CHARSET=utf8;

--
-- Дамп данных таблицы `cash_type`
--

INSERT INTO `cash_type` (`id`, `name`) VALUES
(1, 'Ван'),
(2, 'Финансы');

-- --------------------------------------------------------

--
-- Структура таблицы `category`
--

CREATE TABLE IF NOT EXISTS `category` (
  `id` smallint(5) UNSIGNED NOT NULL AUTO_INCREMENT,
  `name` varchar(64) NOT NULL,
  `active` tinyint(1) NOT NULL DEFAULT '1',
  PRIMARY KEY (`id`)
) ENGINE=InnoDB AUTO_INCREMENT=7 DEFAULT CHARSET=utf8;

--
-- Дамп данных таблицы `category`
--

INSERT INTO `category` (`id`, `name`, `active`) VALUES
(1, 'Лес', 1),
(2, 'Налоги', 1),
(3, 'Оборудование', 1),
(4, 'Бензин', 1),
(5, 'Комиссия', 1),
(6, 'Зарплата', 1);

-- --------------------------------------------------------

--
-- Структура таблицы `china`
--

CREATE TABLE IF NOT EXISTS `china` (
  `id` smallint(5) UNSIGNED NOT NULL AUTO_INCREMENT,
  `name` varchar(64) NOT NULL,
  PRIMARY KEY (`id`)
) ENGINE=InnoDB AUTO_INCREMENT=8 DEFAULT CHARSET=utf8;

--
-- Дамп данных таблицы `china`
--

INSERT INTO `china` (`id`, `name`) VALUES
(1, 'Рабочий 1'),
(2, 'Рабочий 2'),
(3, 'Рабочий 3'),
(4, 'Рабочий 4'),
(5, 'Рабочий 5'),
(6, 'Рабочий 6'),
(7, 'Рабочий 7');

-- --------------------------------------------------------

--
-- Структура таблицы `company`
--

CREATE TABLE IF NOT EXISTS `company` (
  `id` tinyint(3) UNSIGNED NOT NULL AUTO_INCREMENT,
  `name` varchar(64) NOT NULL,
  `inn` varchar(12) NOT NULL,
  PRIMARY KEY (`id`)
) ENGINE=InnoDB AUTO_INCREMENT=3 DEFAULT CHARSET=utf8;

--
-- Дамп данных таблицы `company`
--

INSERT INTO `company` (`id`, `name`, `inn`) VALUES
(1, 'ООО «ТЛТ»', '7017340544'),
(2, 'ООО «ТЛП»', '7017406241');

-- --------------------------------------------------------

--
-- Структура таблицы `consignee`
--

CREATE TABLE IF NOT EXISTS `consignee` (
  `id` smallint(5) UNSIGNED NOT NULL AUTO_INCREMENT,
  `name` varchar(256) NOT NULL,
  `email` varchar(128) DEFAULT NULL,
  PRIMARY KEY (`id`)
) ENGINE=InnoDB AUTO_INCREMENT=11 DEFAULT CHARSET=utf8;

--
-- Дамп данных таблицы `consignee`
--

INSERT INTO `consignee` (`id`, `name`, `email`) VALUES
(3, 'Эрляньская торгово-экономическая компания \"Шэншиюаньпэн\" \"SHENG', ''),
(4, 'Дэчжень (Shangdong talent Industrial Co.,Ltd)', ''),
(5, 'Тайцан Минсэн (Taicang Mingsen Wood Co., Ltd.)', ''),
(6, 'ТЭК СИНЬ ЮЭЙ (MANZHOULI COMMERCIAL AND ECONOMIC COMPANY XIN YUEY', ''),
(7, 'Manzhouli woodworking company with limited liability \"Jiatsse\"', ''),
(8, 'ЛУНУ', ''),
(9, 'Manzhouli Haosen Economic and Trade Co.,Ltd', ''),
(10, 'MANZHOULI HUAYUN IMPORT & EXPORT TRADE CO LTD.,SECONDSTREET, HOM', '');

-- --------------------------------------------------------

--
-- Структура таблицы `container`
--

CREATE TABLE IF NOT EXISTS `container` (
  `id` int(10) UNSIGNED NOT NULL AUTO_INCREMENT,
  `exporter_id` smallint(6) UNSIGNED DEFAULT NULL,
  `station_id` tinyint(4) UNSIGNED NOT NULL,
  `way_id` smallint(6) UNSIGNED NOT NULL,
  `station_dest_id` smallint(6) DEFAULT NULL,
  `destination_id` smallint(6) UNSIGNED DEFAULT NULL,
  `number` varchar(15) NOT NULL,
  `owner_id` smallint(6) UNSIGNED DEFAULT NULL,
  `stamp_type_id` tinyint(4) UNSIGNED DEFAULT NULL,
  `stamp_num` varchar(15) DEFAULT NULL,
  `loading_date` timestamp NULL DEFAULT NULL,
  `loading_place_id` smallint(6) UNSIGNED DEFAULT NULL,
  `carrier_id` int(10) UNSIGNED DEFAULT NULL,
  `weight` int(11) UNSIGNED DEFAULT NULL,
  `dt` varchar(30) DEFAULT NULL,
  `shipment_num` varchar(15) DEFAULT NULL,
  `railway_num` varchar(15) DEFAULT NULL,
  `issue_date` timestamp NULL DEFAULT NULL,
  `consignee_id` smallint(6) UNSIGNED DEFAULT NULL,
  `contract_number` varchar(64) DEFAULT NULL,
  `delivery_condition_id` smallint(5) UNSIGNED DEFAULT NULL,
  `custom_date` timestamp NULL DEFAULT NULL,
  `border_date` timestamp NULL DEFAULT NULL,
  `arrival_date` timestamp NULL DEFAULT NULL,
  `container_date` timestamp NULL DEFAULT NULL,
  `container_place` varchar(5000) DEFAULT NULL,
  `kc` varchar(30) DEFAULT NULL,
  `st` varchar(30) DEFAULT NULL,
  `dhl_st` varchar(30) DEFAULT NULL,
  `dhl_fit` varchar(30) DEFAULT NULL,
  `supernorm` int(10) UNSIGNED DEFAULT NULL,
  `supernorm_price` varchar(128) DEFAULT NULL,
  PRIMARY KEY (`id`)
) ENGINE=InnoDB AUTO_INCREMENT=144 DEFAULT CHARSET=utf8;

--
-- Дамп данных таблицы `container`
--

INSERT INTO `container` (`id`, `exporter_id`, `station_id`, `way_id`, `station_dest_id`, `destination_id`, `number`, `owner_id`, `stamp_type_id`, `stamp_num`, `loading_date`, `loading_place_id`, `carrier_id`, `weight`, `dt`, `shipment_num`, `railway_num`, `issue_date`, `consignee_id`, `contract_number`, `delivery_condition_id`, `custom_date`, `border_date`, `arrival_date`, `container_date`, `container_place`, `kc`, `st`, `dhl_st`, `dhl_fit`, `supernorm`, `supernorm_price`) VALUES
(6, 13, 3, 4, 1, 2, 'SITU9007066', NULL, 3, 'О6161995', '2018-06-19 21:00:00', NULL, 0, 3900, '10609050/210518/0015008', '25385259', '54155395', '2018-06-02 21:00:00', 3, NULL, 0, NULL, NULL, NULL, NULL, '', '', '', '', '', 0, ''),
(8, 29, 12, 4, 1, 2, 'GLLU9139114', 23, 3, 'О4634364', '2018-06-13 21:00:00', 16, 6, 26, '10607040/150618/0009797', '25490346', '54194691', '2018-06-22 21:00:00', 9, NULL, 0, NULL, NULL, NULL, NULL, '', '', '', '', '', 0, ''),
(9, 29, 12, 4, 1, 2, 'GLLU9137317', 23, 3, 'О4634396', '2018-06-13 21:00:00', 16, 6, 26, '10607040/150618/0009791', '25490316', '94833613', '2018-06-22 21:00:00', 9, NULL, 0, NULL, NULL, NULL, NULL, '', '', '', '', '', 0, ''),
(10, 29, 12, 4, 1, 2, 'SKHU9544040', 15, 3, 'О6941513', '2018-06-13 21:00:00', 16, 7, 26, '10607040/150618/0009791', '25490997', '54268008', '2018-06-21 21:00:00', 9, NULL, 0, NULL, NULL, NULL, NULL, '', '', '', '', '', 0, ''),
(11, 29, 12, 4, 1, 2, 'DRYU9061571', 20, 3, 'О6941512', '2018-06-13 21:00:00', 16, 8, 26, '10607040/150618/0009797', '25490285', '94517794', '2018-06-22 21:00:00', 9, NULL, 0, NULL, NULL, NULL, NULL, '', '', '', '', '', 0, ''),
(12, 29, 12, 4, 1, 2, 'TKRU4205955', 24, 5, 'Н 4981964', '2018-06-13 21:00:00', 16, 9, 26, '10607040/150618/0009799', '25477315', '54291539', '2018-06-21 21:00:00', 9, NULL, 0, NULL, NULL, NULL, NULL, '', '', '', '', '', 0, ''),
(13, 29, 12, 4, 1, 2, 'NPTU3500774', 20, 3, 'О 6941510', '2018-06-14 21:00:00', 16, 8, 26000, '10607040/190618/0009950', '25490216', '54288279', '2018-06-22 21:00:00', 9, NULL, 0, NULL, NULL, NULL, NULL, '', '', '', '', '', 0, ''),
(14, 32, 15, 4, 1, NULL, 'TBJU7177945', 24, 5, 'Н4980892', '2018-06-11 21:00:00', 17, 11, 26000, '10607053/130618/0003623', '', '', NULL, 6, NULL, 0, NULL, NULL, NULL, NULL, '', '', '', '', '', 0, ''),
(15, 33, 15, 4, 1, NULL, 'TBJU7255077', 24, 5, ' Н4980893 ', '2018-06-10 21:00:00', 17, 11, 26000, '10607053/130618/0003617', '25468816', '', '2018-06-17 21:00:00', 6, NULL, 0, NULL, NULL, NULL, NULL, '', '', '', '', '', 0, ''),
(16, 33, 15, 4, 1, NULL, 'TBJU7304058', 24, 5, 'Н4980894  ', '2018-06-10 21:00:00', 17, 11, 26000, '10607053/130618/0003615', '25468917', '', '2018-06-17 21:00:00', 6, NULL, 0, NULL, NULL, NULL, NULL, '', '', '', '', '', 0, ''),
(17, 32, 15, 4, 1, NULL, 'TBJU7311118', 24, 5, 'Н4980819  ', '2018-06-10 21:00:00', 17, 11, 26000, '10607053/130618/0003620', '25488876', '', '2018-06-21 21:00:00', 6, NULL, 0, NULL, NULL, NULL, NULL, '', '', '', '', '', 0, ''),
(18, 32, 15, 4, 1, NULL, 'TBJU7329225', 24, 5, ' Н4980896 ', '2018-06-12 21:00:00', 17, 11, 26000, '10607053/130618/0003624', '25488879', '', '2018-06-21 21:00:00', 6, NULL, 0, NULL, NULL, NULL, NULL, '', '', '', '', '', 0, ''),
(19, 32, 15, 4, 1, NULL, 'TBJU7359528', 24, 5, 'Н4980897  ', '2018-06-12 21:00:00', 17, 11, 26000, '10607053/130618/0003613', '25468250', '', '2018-06-17 21:00:00', 6, NULL, 0, NULL, NULL, NULL, NULL, '', '', '', '', '', 0, ''),
(20, 32, 15, 4, 1, NULL, 'TBJU7376470', 24, 5, 'Н4980898  ', '2018-06-10 21:00:00', 17, 11, 26000, '10607053/130618/0003614', '25468517', '', '2018-06-17 21:00:00', 6, NULL, 0, NULL, NULL, NULL, NULL, '', '', '', '', '', 0, ''),
(21, 32, 15, 4, 1, NULL, 'TBJU7393986', 24, 5, 'Н4980899 ', '2018-06-12 21:00:00', 17, 11, 26000, '10607053/130618/0003610', '25468586', '', '2018-06-17 21:00:00', 6, NULL, 0, NULL, NULL, NULL, NULL, '', '', '', '', '', 0, ''),
(22, 33, 15, 4, 1, NULL, 'TBJU7399557', 24, 5, 'Н4980900  ', '2018-06-10 21:00:00', 17, 11, 26000, '10607053/130618/0003619', '25468880', '', '2018-06-17 21:00:00', 6, NULL, 0, NULL, NULL, NULL, NULL, '', '', '', '', '', 0, ''),
(23, 32, 15, 4, 1, NULL, 'TBJU7400690', 24, 5, ' Н4980821', '2018-06-11 21:00:00', 17, 11, 26000, '10607053/130618/0003616', '25488929', '', '2018-06-21 21:00:00', 6, NULL, 0, NULL, NULL, NULL, NULL, '', '', '', '', '', 0, ''),
(24, 32, 15, 4, 1, NULL, 'TBJU7432697', 24, 5, 'Н4980822 ', '2018-06-12 21:00:00', 17, 11, 26000, '10607053/130618/0003612', '25468555', '', '2018-06-17 21:00:00', 6, NULL, 0, NULL, NULL, NULL, NULL, '', '', '', '', '', 0, ''),
(25, 32, 15, 4, 1, NULL, 'TBJU7506249', 24, 5, 'Н4980823 ', '2018-06-12 21:00:00', 17, 11, 26000, '10607053/130618/0003687', '25468419', '', '2018-06-17 21:00:00', 6, NULL, 0, NULL, NULL, NULL, NULL, '', '', '', '', '', 0, ''),
(26, 32, 15, 4, 1, NULL, 'TBJU7518430', 24, 5, 'Н4980824 ', '2018-06-12 21:00:00', 17, 11, 26000, '10607053/130618/0003611', '25468706', '', '2018-06-17 21:00:00', 6, NULL, 0, NULL, NULL, NULL, NULL, '', '', '', '', '', 0, ''),
(27, 29, 12, 4, 1, 2, 'NPTU3500856', 20, 3, 'О 4645309', '2018-06-14 21:00:00', 16, 6, 26000, '10607040/190618/0009950', '25490193', '94186863', '2018-06-22 21:00:00', 9, NULL, 0, NULL, NULL, NULL, NULL, '', '', '', '', '', 0, ''),
(28, 29, 12, 4, 1, 2, 'UESU5165188', 20, 3, 'О 6940762', '2018-06-14 21:00:00', 16, 6, 26000, '10607040/190618/0009960', '25490235', '54288279', '2018-06-22 21:00:00', 9, NULL, 0, NULL, NULL, NULL, NULL, '', '', '', '', '', 0, ''),
(29, 29, 12, 4, 1, 2, 'DRYU9384506', 20, 3, 'О 6940769', '2018-06-14 21:00:00', 16, 6, 26000, '10607040/190618/0009957', '25490255', '94517794', '2018-06-22 21:00:00', 9, NULL, 0, NULL, NULL, NULL, NULL, '', '', '', '', '', 0, ''),
(30, 29, 12, 4, 1, 2, 'HJMU1407380', 20, 3, 'О6941511', '2018-06-14 21:00:00', 16, 8, 26000, '10607040/190618/0009957', '25490069', '54180294', '2018-06-22 21:00:00', 9, NULL, 0, NULL, NULL, NULL, NULL, '', '', '', '', '', 0, ''),
(31, 29, 12, 3, NULL, NULL, 'TBJU7415410', 25, 3, 'О 6940761', '2018-06-14 21:00:00', 16, 6, 26000, '10607040/200618/0010031', '', '', NULL, 9, NULL, 0, NULL, NULL, NULL, NULL, '', '', '', '', '', 0, ''),
(32, 29, 12, 3, NULL, NULL, 'TBJU7327460', 25, 3, 'О 6940788', '2018-06-14 21:00:00', 16, 6, 26000, '10607040/200618/0010051', '', '', NULL, 9, NULL, 0, NULL, NULL, NULL, NULL, '', '', '', '', '', 0, ''),
(33, 29, 12, 3, NULL, NULL, 'TBJU7132318', 25, 3, 'О 6940781', '2018-06-14 21:00:00', 16, 6, 26000, '10607040/200618/0010033', '', '', NULL, 9, NULL, 0, NULL, NULL, NULL, NULL, '', '', '', '', '', 0, ''),
(34, 29, 12, 4, 1, 2, 'DRYU9061566', 20, 3, 'О 6940758', '2018-06-15 21:00:00', 16, 6, 26000, '10607040/190618/0009969', '25490180', '94581998', '2018-06-22 21:00:00', 9, NULL, 0, NULL, NULL, NULL, NULL, '', '', '', '', '', 0, ''),
(35, 29, 12, 4, 1, 2, 'DRYU9383942', 20, 3, 'О 6940779', '2018-06-15 21:00:00', 16, 6, 26000, '10607040/190618/0009963', '25489978', '54393285', '2018-06-22 21:00:00', 9, NULL, 0, NULL, NULL, NULL, NULL, '', '', '', '', '', 0, ''),
(36, 29, 12, 4, 1, 2, 'DRYU9384131', 20, 3, 'О 6940778', '2018-06-15 21:00:00', 16, 6, 26000, '10607040/190618/0009965', '25489957', '94293289', '2018-06-22 21:00:00', 9, NULL, 0, NULL, NULL, NULL, NULL, '', '', '', '', '', 0, ''),
(37, 29, 12, 4, 1, 2, 'DRYU9061592', 20, 3, 'О 6940799', '2018-06-15 21:00:00', 16, 6, 26000, '10607040/190618/0009967', '25490153', '54393285', '2018-06-22 21:00:00', 9, NULL, 0, NULL, NULL, NULL, NULL, '', '', '', '', '', 0, ''),
(38, 29, 12, 4, 1, 2, 'DRYU9383752', 20, 3, 'О 6940777', '2018-06-15 21:00:00', 16, 6, 26000, '10607040/190618/0009971', '25490205', '54392071', '2018-06-22 21:00:00', 9, NULL, 0, NULL, NULL, NULL, NULL, '', '', '', '', '', 0, ''),
(39, 29, 12, 4, 1, 2, 'DRYU9385462', 20, 3, 'О 6940789', '2018-06-15 21:00:00', 16, 6, 26000, '10607040/190618/0009960', '25490030', '94277720', '2018-06-22 21:00:00', 9, NULL, 0, NULL, NULL, NULL, NULL, '', '', '', '', '', 0, ''),
(40, 29, 12, 4, 1, 2, 'DRYU9051336', 20, 3, 'О 6940751', '2018-06-15 21:00:00', 16, 6, 26000, '10607040/190618/0009969', '25490167', '94135092', '2018-06-22 21:00:00', 9, NULL, 0, NULL, NULL, NULL, NULL, '', '', '', '', '', 0, ''),
(41, 29, 12, 4, 1, 2, 'DRYU9386495', 20, 3, 'О 6940760', '2018-06-15 21:00:00', 16, 6, 26000, '10607040/190618/0009965', '25489939', '94581998', '2018-06-22 21:00:00', 9, NULL, 0, NULL, NULL, NULL, NULL, '', '', '', '', '', 0, ''),
(42, 29, 12, 4, 1, 2, 'DRYU9094699', 20, 3, 'О 6940390', '2018-06-15 21:00:00', 16, 6, 26000, '10607040/190618/0009963', '25490004', '94264306', '2018-06-22 21:00:00', 9, NULL, 0, NULL, NULL, NULL, NULL, '', '', '', '', '', 0, ''),
(43, 29, 12, 4, 1, 2, 'DRYU9385539', 20, 3, 'О 6940780', '2018-06-15 21:00:00', 16, 6, 26000, '10607040/190618/0009967', '25490047', '94260205', '2018-06-22 21:00:00', 9, NULL, 0, NULL, NULL, NULL, NULL, '', '', '', '', '', 0, ''),
(44, 29, 12, 3, 1, NULL, 'TBJU7442695', 25, 3, 'О 6940765', '2018-06-16 21:00:00', 16, 6, 26000, '10607040/200618/0010038', '', '', NULL, 9, NULL, 0, NULL, NULL, NULL, NULL, '', '', '', '', '', 0, ''),
(45, 29, 12, 3, 1, NULL, 'TBJU7470721', 25, 3, 'О 6940787', '2018-06-16 21:00:00', 16, 6, 26000, '10607040/200618/0010036', '', '', NULL, 9, NULL, 0, NULL, NULL, NULL, NULL, '', '', '', '', '', 0, ''),
(46, 29, 12, 3, 1, NULL, 'TBJU7546051', 25, 3, 'О 6940759', '2018-06-16 21:00:00', 16, 6, 26000, '10607040/200618/0010033', '', '', NULL, 9, NULL, 0, NULL, NULL, NULL, NULL, '', '', '', '', '', 0, ''),
(47, 29, 12, 3, 1, NULL, 'GESU6273352', 25, 3, 'О 6940768', '2018-06-16 21:00:00', 16, 6, 26000, '10607040/200618/0010040', '', '', NULL, 9, NULL, 0, NULL, NULL, NULL, NULL, '', '', '', '', '', 0, ''),
(48, 29, 12, 3, 1, NULL, 'SWFU9907817', 25, 3, 'О 6940776', '2018-06-16 21:00:00', 16, 6, 26000, '10607040/200618/0010037', '', '', NULL, 9, NULL, 0, NULL, NULL, NULL, NULL, '', '', '', '', '', 0, ''),
(49, 29, 12, 3, 1, NULL, 'SWFU7000365', 25, 3, 'О 6940772', '2018-06-16 21:00:00', 16, 6, 26000, '10607040/200618/0010038', '', '', NULL, 9, NULL, 0, NULL, NULL, NULL, NULL, '', '', '', '', '', 0, ''),
(50, 29, 12, 3, 1, NULL, 'SWFU9902482', 25, 3, 'О 6940785', '2018-06-16 21:00:00', 16, 6, 26000, '10607040/200618/0010036', '', '', NULL, 9, NULL, 0, NULL, NULL, NULL, NULL, '', '', '', '', '', 0, ''),
(51, 29, 12, 3, 1, NULL, 'LYGU7030210', 25, 3, 'О 6940775', '2018-06-16 21:00:00', 16, 6, 26000, '10607040/200618/0010037', '', '', NULL, 9, NULL, 0, NULL, NULL, NULL, NULL, '', '', '', '', '', 0, ''),
(52, 29, 12, 3, 1, NULL, 'SWFU9909070', 25, 3, 'О 6940771', '2018-06-16 21:00:00', 16, 6, 26000, '10607040/200618/0010040', '', '', NULL, 9, NULL, 0, NULL, NULL, NULL, NULL, '', '', '', '', '', 0, ''),
(53, 29, 12, 3, 1, 2, 'SWFU9908789', 25, 3, 'О 6940763', '2018-06-17 21:00:00', 16, 6, 26000, '10607040/200618/0010043', '', '', NULL, 9, NULL, 0, NULL, NULL, NULL, NULL, '', '', '', '', '', 0, ''),
(54, 29, 12, 3, 1, 2, 'SWFU9908393', 25, 3, 'О 6940786', '2018-06-17 21:00:00', 16, 6, 26000, '10607040/200618/0010043', '', '', NULL, 9, NULL, 0, NULL, NULL, NULL, NULL, '', '', '', '', '', 0, ''),
(55, 29, 12, 3, 1, 2, 'SWFU9906600', 25, 3, 'О 6940774', '2018-06-17 21:00:00', 16, 6, 26000, '10607040/200618/0010046', '', '', NULL, 9, NULL, 0, NULL, NULL, NULL, NULL, '', '', '', '', '', 0, ''),
(56, 32, 15, 4, 1, NULL, 'TBJU7551314', 24, 5, 'Н4980825 ', '2018-06-11 21:00:00', 17, 11, 26000, '10607053/130618/0003622', '25489030', '', '2018-06-21 21:00:00', 6, NULL, 0, NULL, NULL, NULL, NULL, '', '', '', '', '', 0, ''),
(57, 32, 15, 4, 1, NULL, 'TBJU7571352', 24, 5, 'Н4980820', '2018-06-11 21:00:00', 17, 11, 26000, '10607053/130618/0003621', '25489069', '', '2018-06-21 21:00:00', 6, NULL, 0, NULL, NULL, NULL, NULL, '', '', '', '', '', 0, ''),
(58, 29, 12, 3, 1, 2, 'SWFU9904844', 25, 3, 'О 6940798', '2018-06-18 21:00:00', 16, 6, 26000, '10607040/200618/0010046', '', '', NULL, 9, NULL, 0, NULL, NULL, NULL, NULL, '', '', '', '', '', 0, ''),
(59, 29, 12, 3, 1, 2, 'SWFU9904660', 25, 3, 'О 6940796', '2018-06-18 21:00:00', 16, 6, 26000, '10607040/200618/0010051', '', '', NULL, 9, NULL, 0, NULL, NULL, NULL, NULL, '', '', '', '', '', 0, ''),
(60, 29, 12, 3, 1, 2, 'HLTU7006175', 25, 3, 'О 6940800', '2018-06-18 21:00:00', 16, 6, 26000, '10607040/200618/0010051', '', '', NULL, 9, NULL, 0, NULL, NULL, NULL, NULL, '', '', '', '', '', 0, ''),
(61, 29, 12, 3, 1, 2, 'SWFU9905286', 25, 3, 'О 6940380', '2018-06-19 21:00:00', 16, 6, 26000, '10607040/210618/0010117', '', '', NULL, 9, NULL, 0, NULL, NULL, NULL, NULL, '', '', '', '', '', 0, ''),
(62, 29, 12, 3, 1, 2, 'SWFU9903067', 25, 3, 'О 6940393', '2018-06-19 21:00:00', 16, 6, 26000, '10607040/210618/0010115', '', '', NULL, 9, NULL, 0, NULL, NULL, NULL, NULL, '', '', '', '', '', 0, ''),
(63, 29, 12, 3, 1, 2, 'SWFU8901748', 25, 3, 'О 6940370', '2018-06-19 21:00:00', 16, 6, 26000, '10607040/210618/0010121', '', '', NULL, 9, NULL, 0, NULL, NULL, NULL, NULL, '', '', '', '', '', 0, ''),
(64, 29, 12, 3, 1, 2, 'SWFU9907397', 25, 3, 'О 6940391', '2018-06-19 21:00:00', 16, 6, 26000, '10607040/210618/0010121', '', '', NULL, 9, NULL, 0, NULL, NULL, NULL, NULL, '', '', '', '', '', 0, ''),
(65, 29, 12, 3, 1, 2, 'SWFU9902970', 25, 3, 'О 6940371', '2018-06-19 21:00:00', 16, 6, 26000, '10607040/210618/0010115', '', '', NULL, 9, NULL, 0, NULL, NULL, NULL, NULL, '', '', '', '', '', 0, ''),
(66, 29, 12, 3, 1, 2, 'SWFU9908855', 25, 3, 'О 6940372', '2018-06-19 21:00:00', 16, 6, 26000, '10607040/210618/0010117', '', '', NULL, 9, NULL, 0, NULL, NULL, NULL, NULL, '', '', '', '', '', 0, ''),
(67, 29, 12, 3, 1, 2, 'SEGU5705522', 25, 3, 'О 6940394', '2018-06-19 21:00:00', 16, 6, 26000, '10607040/210618/0010126', '', '', NULL, 9, NULL, 0, NULL, NULL, NULL, NULL, '', '', '', '', '', 0, ''),
(68, 29, 12, 3, 1, 2, 'SEGU5168697', 25, 3, 'О 6940367', '2018-06-19 21:00:00', 16, 6, 26000, '10607040/210618/0010126', '', '', NULL, 9, NULL, 0, NULL, NULL, NULL, NULL, '', '', '', '', '', 0, ''),
(69, 29, 12, 3, 1, 2, 'SEGU5637515', 25, 3, 'О 6940392', '2018-06-20 21:00:00', 16, 6, 26000, '10607040/220618/0010189', '', '', NULL, 9, NULL, 0, NULL, NULL, NULL, NULL, '', '', '', '', '', 0, ''),
(70, 29, 12, 3, 1, 2, 'SWFU9907669', 25, 3, 'О 6940398', '2018-06-20 21:00:00', 16, 6, 26000, '10607040/220618/0010195', '', '', NULL, 9, NULL, 0, NULL, NULL, NULL, NULL, '', '', '', '', '', 0, ''),
(71, 29, 12, 3, 1, 2, 'SEGU6203508', 25, 3, 'О 6940368', '2018-06-20 21:00:00', 16, 6, 26000, '10607040/220618/0010195', '', '', NULL, 9, NULL, 0, NULL, NULL, NULL, NULL, '', '', '', '', '', 0, ''),
(72, 33, 15, 4, 1, NULL, 'RZDU5212779', 24, 3, 'О6927642', '2018-06-20 21:00:00', 17, 10, 26000, '10607053/210618/0003822', '', '', NULL, 6, NULL, 0, NULL, NULL, NULL, NULL, '', '', '', '', '', 0, ''),
(73, 32, 15, 4, 1, NULL, 'RZDU5218247', 24, 3, 'О6927637', '2018-06-20 21:00:00', 17, 10, 26000, '10707053/210618/0003818', '', '', NULL, 6, NULL, 0, NULL, NULL, NULL, NULL, '', '', '', '', '', 0, ''),
(74, 32, 15, 4, 1, NULL, 'RZDU5248365', 24, 3, 'О6927648', '2018-06-18 21:00:00', 17, 10, 26000, '10607053/200618/0003787', '', '', NULL, 6, NULL, 0, NULL, NULL, NULL, NULL, '', '', '', '', '', 0, ''),
(75, 32, 15, 4, 1, NULL, 'RZDU5257304', 24, 3, 'О6927647', '2018-06-18 21:00:00', 17, 10, 26000, '10607053/200618/0003788', '', '', NULL, 6, NULL, 0, NULL, NULL, NULL, NULL, '', '', '', '', '', 0, ''),
(76, 32, 15, 4, 1, NULL, 'TKRU4043216', 24, 3, 'О6927628', '2018-06-18 21:00:00', 17, 10, 26000, '10607053/200618/0003785', '', '', NULL, 6, NULL, 0, NULL, NULL, NULL, NULL, '', '', '', '', '', 0, ''),
(77, 33, 15, 4, 1, NULL, 'TKRU4008874', 24, 3, 'О6927627', '2018-06-18 21:00:00', 17, 10, 26000, '10607053/200618/0003791', '', '', NULL, 6, NULL, 0, NULL, NULL, NULL, NULL, '', '', '', '', '', 0, ''),
(78, 33, 15, 4, 1, NULL, 'TKRU4322503', 24, 3, 'О6927610', '2018-06-18 21:00:00', 17, 10, 26000, '10607053/200618/0003793', '', '', NULL, 6, NULL, 0, NULL, NULL, NULL, NULL, '', '', '', '', '', 0, ''),
(79, 33, 15, 4, 1, NULL, 'TKRU4139072', 24, 3, 'О6927625', '2018-06-18 21:00:00', 17, 10, 26000, '10607053/200618/0003794', '', '', NULL, 6, NULL, 0, NULL, NULL, NULL, NULL, '', '', '', '', '', 0, ''),
(80, 33, 15, 4, 1, NULL, 'TKRU4098456', 24, 3, 'О6927641', '2018-06-18 21:00:00', 17, 10, 26000, '10607053/200618/0003795', '', '', NULL, 6, NULL, 0, NULL, NULL, NULL, NULL, '', '', '', '', '', 0, ''),
(81, 33, 15, 4, 1, NULL, 'TKRU4090476', 24, 3, 'О6927612', '2018-06-18 21:00:00', 17, 10, 26000, '10607053/200618/0003796', '', '', NULL, 6, NULL, 0, NULL, NULL, NULL, NULL, '', '', '', '', '', 0, ''),
(82, 33, 15, 4, 1, NULL, 'TKRU4010486', 24, 3, 'О6927609', '2018-06-19 21:00:00', 17, 10, 26000, '10607053/200618/0003800', '', '', NULL, 6, NULL, 0, NULL, NULL, NULL, NULL, '', '', '', '', '', 0, ''),
(83, 32, 15, 4, 1, NULL, 'RZDU5264284', 24, 3, 'О6927649', '2018-06-20 21:00:00', 17, 10, 26000, '10607053/210618/0003810', '', '', NULL, 6, NULL, 0, NULL, NULL, NULL, NULL, '', '', '', '', '', 0, ''),
(84, 32, 15, 4, 1, NULL, 'TKRU4220097', 24, 3, 'О6927617', '2018-06-20 21:00:00', 17, 10, 26000, '10607053/210618/0003817', '', '', NULL, 6, NULL, 0, NULL, NULL, NULL, NULL, '', '', '', '', '', 0, ''),
(85, 33, 15, 4, 1, NULL, 'TKRU4112889', 24, 3, 'О6927604', '2018-06-20 21:00:00', 17, 10, 26000, '10607053/210618/0003819', '', '', NULL, 6, NULL, 0, NULL, NULL, NULL, NULL, '', '', '', '', '', 0, ''),
(91, 29, 12, 3, 1, 2, 'SWFU9901568', 25, 3, 'О 6940784', '2018-06-21 21:00:00', 16, 6, 26000, '10607040/250618/0010318', '', '', NULL, NULL, NULL, 0, NULL, NULL, NULL, NULL, '', '', '', '', '', 0, ''),
(92, 29, 12, 3, 1, 2, 'LYGU7004607', 25, 3, 'О 6940793', '2018-06-21 21:00:00', 16, 6, 26000, '10607040/250618/0010318', '', '', NULL, 9, NULL, 0, NULL, NULL, NULL, NULL, '', '', '', '', '', 0, ''),
(93, 29, 12, 3, 1, 2, 'TGHU7057176', 25, 3, 'О 6940369', '2018-06-21 21:00:00', 16, 6, 26000, '10607040/250618/0010321', '', '', NULL, 9, NULL, 0, NULL, NULL, NULL, NULL, '', '', '', '', '', 0, ''),
(94, 29, 12, 3, 1, 2, 'SEGU6222766', 25, 3, 'О 6940797', '2018-06-21 21:00:00', 16, 6, 26000, '10607040/250618/0010321', '', '', NULL, 9, NULL, 0, NULL, NULL, NULL, NULL, '', '', '', '', '', 0, ''),
(95, 29, 12, 3, 1, 2, 'LYGU7029544', 25, 3, 'О 6941160', '2018-06-22 21:00:00', 16, 12, 26000, '10607040/250618/0010322', '', '', NULL, 9, NULL, 0, NULL, NULL, NULL, NULL, '', '', '', '', '', 0, ''),
(96, 29, 12, 3, 1, 2, 'GESU4794921', 25, 3, 'О 4631544', '2018-06-23 21:00:00', 16, 12, 26000, '10607040/250618/0010323', '', '', NULL, 9, NULL, 0, NULL, NULL, NULL, NULL, '', '', '', '', '', 0, ''),
(97, 29, 12, 3, 1, 2, 'SEGU6222339', 25, 3, 'О 3607283', '2018-06-23 21:00:00', 16, 12, 0, '10607040/250618/0010323', '', '', NULL, 9, NULL, 0, NULL, NULL, NULL, NULL, '', '', '', '', '', 0, ''),
(98, 29, 12, 3, 1, 2, 'LYGU7027520', 25, 3, 'О 6940395', '2018-06-24 21:00:00', 16, 6, 26000, '10607040/250618/0010379', '', '', NULL, 9, NULL, 0, NULL, NULL, NULL, NULL, '', '', '', '', '', 0, ''),
(99, 29, 12, 3, 1, 2, 'SWFU9900448', 25, 3, 'О 6941151', '2018-06-24 21:00:00', 16, 6, 26000, '10607040/250618/0010379', '', '', NULL, 9, NULL, 0, NULL, NULL, NULL, NULL, '', '', '', '', '', 0, ''),
(100, 29, 12, 3, 1, 2, 'SWFU9901212', 25, 3, 'О 6940790', '2018-06-24 21:00:00', 16, 6, 26000, '10607040/290618/0010645', '', '', NULL, 9, NULL, 0, NULL, NULL, NULL, NULL, '', '', '', '', '', 0, ''),
(101, 29, 12, 3, 1, 2, 'SWFU8901270', 25, 3, 'О 4631503', '2018-06-24 21:00:00', NULL, 6, 26000, '10607040/290618/0010645', '', '', NULL, NULL, NULL, 0, NULL, NULL, NULL, NULL, '', '', '', '', '', 0, ''),
(102, 29, 12, 3, 1, 2, 'SEGU5773574', 25, 3, 'О 6941169', '2018-06-25 21:00:00', NULL, 6, 26000, '10607040/270618/0010445', '', '', NULL, 9, NULL, 0, NULL, NULL, NULL, NULL, '', '', '', '', '', 0, ''),
(103, 29, 12, 4, 1, 2, 'FSCU6252740', 26, 3, 'О 6941152', '2018-06-24 21:00:00', 16, 6, 26000, '10607040/260618/0010381', '25533940', '54392139', '2018-06-29 21:00:00', 9, NULL, 0, NULL, NULL, NULL, NULL, '', '', '', '', '', 0, ''),
(104, 29, 12, 4, 1, 2, 'FSCU6431597', 26, 3, 'О 6940794', '2018-06-24 21:00:00', 16, 6, 26000, '10607040/260618/0010381', '25533475', '94176898', '2018-06-29 21:00:00', 9, NULL, 0, NULL, NULL, NULL, NULL, '', '', '', '', '', 0, ''),
(105, 29, 12, 4, 1, 2, 'NPTU3500835', 26, 3, 'О 6941153', '2018-06-24 21:00:00', 16, 6, 26000, '10607040/260618/0010383', '25533920', '94809233', '2018-06-29 21:00:00', 9, NULL, 0, NULL, NULL, NULL, NULL, '', '', '', '', '', 0, ''),
(106, 29, 12, 4, 1, 2, 'CCLU6047624', 26, 3, 'О 6940362', '2018-06-25 21:00:00', 16, 6, 26000, '10607040/270618/0010453', '25533824', '59727693', '2018-06-29 21:00:00', 9, NULL, 0, NULL, NULL, NULL, NULL, '', '', '', '', '', 0, ''),
(107, 29, 12, 4, 1, 2, 'TCNU9783387', 26, 3, 'О 6940783', '2018-06-25 21:00:00', 16, 6, 26000, '10607040/270618/0010447', '25533842', '54292545', '2018-06-29 21:00:00', 9, NULL, 0, NULL, NULL, NULL, NULL, '', '', '', '', '', 0, ''),
(108, 29, 12, 4, 1, 2, 'NPTU3500199', 26, 3, 'О 6941156', '2018-06-25 21:00:00', 16, 6, 26000, '10607040/270618/0010447', '25533656', '54392139', '2018-06-29 21:00:00', 9, NULL, 0, NULL, NULL, NULL, NULL, '', '', '', '', '', 0, ''),
(109, 29, 12, 4, 1, 2, 'HJMU1331602', 26, 3, 'О 6941157', '2018-06-24 21:00:00', 16, 6, 26000, '10607040/270618/0010453', '25533798', '', '2018-06-29 21:00:00', 9, NULL, 0, NULL, NULL, NULL, NULL, '', '', '', '', '', 0, ''),
(110, 29, 12, 4, 1, 2, 'OOLU8095139', 26, 3, 'О 6941162', '2018-06-25 21:00:00', 16, 13, 26000, '10607040/270618/0010456', '25533861', '94208006', '2018-06-29 21:00:00', 9, NULL, 0, NULL, NULL, NULL, NULL, '', '', '', '', '', 0, ''),
(111, 29, 12, 4, 1, 2, 'WSCU8471220', 26, 3, 'О 6941161', '2018-06-25 21:00:00', 16, 6, 26000, '10607040/270618/0010450', '25533711', '59727693', '2018-06-29 21:00:00', 9, NULL, 0, NULL, NULL, NULL, NULL, '', '', '', '', '', 0, ''),
(112, 29, 12, 4, 1, 2, 'NPTU3500882', 26, 3, 'О 6940373', '2018-06-25 21:00:00', 16, 6, 26000, '10607040/270618/0010450', '25533672', '54292545', '2018-06-29 21:00:00', 9, NULL, 0, NULL, NULL, NULL, NULL, '', '', '', '', '', 0, ''),
(113, 29, 12, 4, 1, 2, 'NPTU3500305', 26, 3, 'О 6941155', '2018-06-25 21:00:00', 16, 13, 26000, '10607040/270618/0010454', '25533843', '59873034', '2018-06-29 21:00:00', 9, NULL, 0, NULL, NULL, NULL, NULL, '', '', '', '', '', 0, ''),
(114, 29, 12, 4, 1, 2, 'NPTU3500049', 26, 3, 'О 6941163', '2018-06-26 21:00:00', 16, 13, 26000, '10607040/280618/0010514', '25534061', '94275864', '2018-06-29 21:00:00', 9, NULL, 0, NULL, NULL, NULL, NULL, '', '', '', '', '', 0, ''),
(115, 29, 12, 4, 1, 2, 'NPTU3500917', 26, 3, 'О 6941154', '2018-06-26 21:00:00', 16, 13, 26000, '10607040/280618/0010514', '25534083', '54114897', '2018-06-29 21:00:00', 9, NULL, 0, NULL, NULL, NULL, NULL, '', '', '', '', '', 0, ''),
(116, 29, 12, 4, 1, 2, 'TGHU8124514', 26, 3, 'О 6940351', '2018-06-26 21:00:00', 16, 13, 26000, '10607040/280618/0010515', '25533952', '59730317', '2018-06-29 21:00:00', 9, NULL, 0, NULL, NULL, NULL, NULL, '', '', '', '', '', 0, ''),
(117, 29, 12, 4, 1, 2, 'TKRU4015050', 24, 3, 'O 6941923', '2018-07-05 21:00:00', 16, 12, 26000, '', '', '', NULL, 9, NULL, 0, NULL, NULL, NULL, NULL, '', '', '', '', '', 0, ''),
(118, 29, 12, 4, 1, 2, 'TKRU4048028', 24, 3, 'O 6944319', '2018-07-05 21:00:00', 16, 12, 26000, '', '', '', NULL, 9, NULL, 0, NULL, NULL, NULL, NULL, '', '', '', '', '', 0, ''),
(119, 29, 12, 4, 1, 2, 'TKRU4295753', 24, 3, 'O 6944315', '2018-07-05 21:00:00', 16, 12, 26000, '', '', '', NULL, 9, NULL, 0, NULL, NULL, NULL, NULL, '', '', '', '', '', 0, ''),
(120, 29, 12, 4, 1, 2, 'TKRU4142271', 24, 3, 'O 6944333', '2018-07-05 21:00:00', 16, 12, 26000, '', '', '', NULL, 9, NULL, 0, NULL, NULL, NULL, NULL, '', '', '', '', '', 0, ''),
(121, 29, 12, 4, 1, 2, 'TKRU4313311', 24, 3, 'O 6944460', '2018-07-08 21:00:00', 16, 12, 26000, '', '', '', NULL, 9, NULL, 0, NULL, NULL, NULL, NULL, '', '', '', '', '', 0, ''),
(122, 29, 12, 4, 1, 2, 'TKRU4022342', 24, 3, 'O 6944314', '2018-07-08 21:00:00', 16, 12, 26000, '', '', '', NULL, 9, NULL, 0, NULL, NULL, NULL, NULL, '', '', '', '', '', 0, ''),
(123, 29, 12, 4, 1, 2, 'TKRU4313780', 24, 3, 'O 6944472', '2018-07-08 21:00:00', 16, 12, 26000, '', '', '', NULL, 9, NULL, 0, NULL, NULL, NULL, NULL, '', '', '', '', '', 0, ''),
(124, 29, 12, 4, 1, 2, 'TKRU4245109', 24, 3, 'O 6944303', '2018-07-08 21:00:00', 16, 12, 26000, '', '', '', NULL, 9, NULL, 0, NULL, NULL, NULL, NULL, '', '', '', '', '', 0, ''),
(125, 29, 12, 4, 1, 2, 'TKRU4207351', 24, 3, 'O 6944349', '2018-07-09 21:00:00', 16, 12, 26000, '', '', '', NULL, 9, NULL, 0, NULL, NULL, NULL, NULL, '', '', '', '', '', 0, ''),
(126, 29, 12, 4, 1, 2, 'TKRU4095987', 24, 3, 'O 6944343', '2018-07-09 21:00:00', 16, 12, 26000, '', '', '', NULL, 9, NULL, 0, NULL, NULL, NULL, NULL, '', '', '', '', '', 0, ''),
(127, 29, 12, 4, 1, 2, 'TKRU4144572', 24, 3, 'O 6944459', '2018-07-09 21:00:00', 16, 12, 26000, '', '', '', NULL, 9, '', NULL, NULL, NULL, NULL, NULL, '', '', '', '', '', 0, ''),
(134, 29, 12, 4, 1, 2, 'TKRU4028248', 24, 3, 'O 6944337', '2018-07-10 21:00:00', 16, 12, 26000, '', '', '', NULL, 9, '', NULL, NULL, NULL, NULL, NULL, '', '', '', '', '', 0, ''),
(135, 29, 12, 4, 1, 2, 'TKRU4050302', 24, 3, 'О 6944473', '2018-07-10 21:00:00', 16, 12, 26000, '', '', '', NULL, 9, '', NULL, NULL, NULL, NULL, NULL, '', '', '', '', '', 0, ''),
(136, 29, 12, 4, 1, 2, 'TKRU4300741', 24, 3, 'O 6944302', '2018-07-10 21:00:00', 16, 12, 26000, '', '', '', NULL, 9, '', NULL, NULL, NULL, NULL, NULL, '', '', '', '', '', 0, ''),
(137, 29, 12, 4, 1, 2, 'TKRU4282036', 24, 3, 'О 6944344', '2018-07-10 21:00:00', 16, 12, 26000, '', '', '', NULL, 9, '', NULL, NULL, NULL, NULL, NULL, '', '', '', '', '', 0, ''),
(138, 29, 12, 4, 1, 2, 'TKRU4287906', 24, 3, 'О 6944329', '2018-07-11 21:00:00', 16, 12, 26000, '', '', '', NULL, 9, '', NULL, NULL, NULL, NULL, NULL, '', '', '', '', '', 0, ''),
(139, 29, 12, 4, 1, 2, 'TKRU4320938', 24, 3, 'О 6944307', '2018-07-11 21:00:00', 16, 12, 26000, '', '', '', NULL, 9, '', NULL, NULL, NULL, NULL, NULL, '', '', '', '', '', 0, ''),
(140, 29, 12, 4, 1, 2, 'TKRU4221220', 24, 3, 'О 6944328', '2018-07-11 21:00:00', 16, 12, 26000, '', '', '', NULL, 9, '', NULL, NULL, NULL, NULL, NULL, '', '', '', '', '', 0, ''),
(141, 29, 12, 4, 1, 2, 'TKRU4292271', 24, 3, 'O 6944327', '2018-07-12 21:00:00', 16, 12, 26000, '', '', '', NULL, 9, '', NULL, NULL, NULL, NULL, NULL, '', '', '', '', '', 0, ''),
(142, 29, 12, 4, 1, 2, 'TKRU4143787', 24, 3, 'M 8260937', '2018-07-12 21:00:00', 16, 12, 26000, '', '', '', NULL, 9, '', NULL, NULL, NULL, NULL, NULL, '', '', '', '', '', 0, ''),
(143, 29, 12, 4, 1, 2, 'TKRU4311725', 24, 3, 'O 6944313', '2018-07-12 21:00:00', 16, 12, 26000, '', '', '', NULL, 9, '', NULL, NULL, NULL, NULL, NULL, '', '', '', '', '', 0, '');

-- --------------------------------------------------------

--
-- Структура таблицы `correspondent`
--

CREATE TABLE IF NOT EXISTS `correspondent` (
  `id` int(10) UNSIGNED NOT NULL AUTO_INCREMENT,
  `name` varchar(256) NOT NULL,
  `inn` varchar(12) DEFAULT NULL,
  `is_provider` tinyint(1) NOT NULL DEFAULT '0',
  `active` tinyint(1) NOT NULL DEFAULT '1',
  PRIMARY KEY (`id`)
) ENGINE=InnoDB AUTO_INCREMENT=21 DEFAULT CHARSET=utf8;

--
-- Дамп данных таблицы `correspondent`
--

INSERT INTO `correspondent` (`id`, `name`, `inn`, `is_provider`, `active`) VALUES
(3, 'ООО \"Лесоустроитель\"', '7017211161', 1, 1),
(4, 'Глава крестьянского (фермерского) хозяйства Сосняков Владимир Леонидович', '701401327950', 1, 1),
(5, 'ИП Медведев Павел Васильевич', '701502031317', 1, 1),
(6, 'ООО \"Прогресс\"', '7017394606', 1, 1),
(9, 'ООО \"Сибирь\"', '7017360621', 1, 1),
(10, 'ООО \"ИнтелСтрой\"', '7003000611', 1, 1),
(11, 'ИП Струк Владимир Николаевич', '701500534932', 1, 1),
(12, 'ИП Бессонова Екатерина Александровна', '701743022510', 1, 1),
(13, 'ИП Лебедев Сергей Александрович', '701400570800', 1, 1),
(14, 'ИП Гринько Сергей Валерьевич', '701718416408', 1, 1),
(15, 'ООО \"ТрансСиб\"', '7017206267', 1, 1),
(16, 'ООО \"Монолит-Строй\"', '7702513119', 1, 1),
(17, 'ООО \"Сатурн\"', '7014044829', 1, 1),
(18, '\"Томлестех\" Мажор', '7017361248', 1, 1),
(19, '\"Транслес\" Широков Валентин', '7017431400', 1, 1),
(20, 'ООО \"МАЛЕН ТРЕЙД\"', '7017418600', 1, 1);

-- --------------------------------------------------------

--
-- Структура таблицы `day`
--

CREATE TABLE IF NOT EXISTS `day` (
  `id` smallint(5) UNSIGNED NOT NULL AUTO_INCREMENT,
  `date` timestamp NOT NULL DEFAULT CURRENT_TIMESTAMP,
  PRIMARY KEY (`id`)
) ENGINE=InnoDB AUTO_INCREMENT=6 DEFAULT CHARSET=utf8;

--
-- Дамп данных таблицы `day`
--

INSERT INTO `day` (`id`, `date`) VALUES
(1, '2018-01-26 17:00:00'),
(2, '2018-01-27 17:00:00'),
(3, '2018-01-28 17:00:00'),
(4, '2018-01-29 21:00:00'),
(5, '2018-01-30 21:00:00');

-- --------------------------------------------------------

--
-- Структура таблицы `delivery_condition`
--

CREATE TABLE IF NOT EXISTS `delivery_condition` (
  `id` smallint(5) UNSIGNED NOT NULL AUTO_INCREMENT,
  `name` varchar(128) NOT NULL,
  PRIMARY KEY (`id`)
) ENGINE=InnoDB AUTO_INCREMENT=5 DEFAULT CHARSET=utf8;

--
-- Дамп данных таблицы `delivery_condition`
--

INSERT INTO `delivery_condition` (`id`, `name`) VALUES
(1, 'Условие 1'),
(2, 'Условие 2'),
(3, 'Условие 3');

-- --------------------------------------------------------

--
-- Структура таблицы `destination`
--

CREATE TABLE IF NOT EXISTS `destination` (
  `id` smallint(5) UNSIGNED NOT NULL AUTO_INCREMENT,
  `name` varchar(64) NOT NULL,
  PRIMARY KEY (`id`)
) ENGINE=InnoDB AUTO_INCREMENT=17 DEFAULT CHARSET=utf8;

--
-- Дамп данных таблицы `destination`
--

INSERT INTO `destination` (`id`, `name`) VALUES
(2, 'Ченду'),
(3, 'Чжэнчжоу'),
(4, 'Фуян'),
(5, 'Шанхай'),
(6, 'Сиань'),
(7, 'Далянь'),
(8, 'Ксиамень'),
(9, 'Циндао'),
(10, 'Маньчжурия'),
(11, 'Фучжоу'),
(12, 'Гуанчжоу'),
(13, 'Линьи'),
(14, 'Нингбо'),
(15, 'Тяньцзинь'),
(16, 'Тайцан');

-- --------------------------------------------------------

--
-- Структура таблицы `dryer`
--

CREATE TABLE IF NOT EXISTS `dryer` (
  `id` int(10) UNSIGNED NOT NULL AUTO_INCREMENT,
  `number` varchar(128) NOT NULL,
  `switch` tinyint(1) NOT NULL DEFAULT '0',
  PRIMARY KEY (`id`)
) ENGINE=InnoDB AUTO_INCREMENT=12 DEFAULT CHARSET=utf8;

--
-- Дамп данных таблицы `dryer`
--

INSERT INTO `dryer` (`id`, `number`, `switch`) VALUES
(1, '1', 1),
(2, '2', 1),
(3, '3', 1),
(4, '4', 1),
(5, '5', 1),
(6, '6', 1),
(7, '7', 1),
(8, '8', 1),
(9, '9', 1),
(10, '10', 1),
(11, '11', 1);

-- --------------------------------------------------------

--
-- Структура таблицы `dryer_queue`
--

CREATE TABLE IF NOT EXISTS `dryer_queue` (
  `id` int(10) UNSIGNED NOT NULL AUTO_INCREMENT,
  `dryer_id` int(10) UNSIGNED NOT NULL,
  `start_date` timestamp NOT NULL DEFAULT CURRENT_TIMESTAMP,
  `size` varchar(256) NOT NULL,
  `cubage` varchar(512) NOT NULL,
  `packs` varchar(128) NOT NULL,
  `rows` varchar(128) NOT NULL,
  `comment` varchar(1024) DEFAULT NULL,
  `complete_date` timestamp NULL DEFAULT NULL,
  PRIMARY KEY (`id`)
) ENGINE=InnoDB AUTO_INCREMENT=113 DEFAULT CHARSET=utf8;

--
-- Дамп данных таблицы `dryer_queue`
--

INSERT INTO `dryer_queue` (`id`, `dryer_id`, `start_date`, `size`, `cubage`, `packs`, `rows`, `comment`, `complete_date`) VALUES
(12, 1, '2017-12-29 21:00:00', '0,027*2', '155,52', '75', '16 двойные', 'белая не стандартная', '2018-01-16 21:00:00'),
(13, 1, '2018-01-16 21:00:00', '0,027*2', '155,52', '75', '16 двойные', 'белая не стандартная', '2018-02-04 21:00:00'),
(14, 2, '2017-12-20 21:00:00', '0,027*2/2,5', '114,048+41,472=155,52', '55+16=72', '16 двойные', 'белая стандартная', '2018-01-05 21:00:00'),
(15, 2, '2018-01-05 21:00:00', '0,027*2', '155,52', '75', '16 двойные', 'белая стандартная', '2018-01-22 21:00:00'),
(16, 2, '2018-01-22 21:00:00', '0,027*2', '155,52', '75', '16 двойные', 'белая стандартная', '2018-02-07 21:00:00'),
(17, 3, '2017-12-18 21:00:00', '0,027*2', '155,52', '16+15=75', '16 двойные', 'белая,белая стандарт', '2018-01-07 21:00:00'),
(18, 3, '2018-01-08 21:00:00', '0,027*2/2,5', '124,416+31,104=155,52', '60+12=72', '16 двойные', 'белая не стандартная', '2018-01-28 21:00:00'),
(19, 4, '2017-12-23 21:00:00', '0,027*2/2,5', '124,416+31,104=155,52', '60+12=72', '16 двойные', 'белая не стандарт', '2018-01-09 21:00:00'),
(20, 4, '2018-01-10 21:00:00', '0,027*2', '155,52', '75', '16 двойные', 'белая стандартная', '2018-01-28 21:00:00'),
(21, 5, '2017-12-28 21:00:00', '0,021*2', '143,64', '75', '19 двойные', 'белая не стандартная', '2018-01-12 21:00:00'),
(22, 5, '2018-01-12 21:00:00', '0,027*2,5', '155,52', '60', '16 двойные', 'белая стандарт', '2018-02-02 21:00:00'),
(23, 6, '2017-12-25 21:00:00', '0,027*2', '155,52', '75', '16 двойные', 'белая стандартная', '2018-01-14 21:00:00'),
(24, 6, '2018-01-14 21:00:00', '0,027*2', '155,52', '75', '16 двойные', 'белая стандартная', '2018-02-07 21:00:00'),
(25, 7, '2017-12-24 21:00:00', '0,019*2/2,4/3,6', '46,785+49,904+53,023=149,712', '27+24+17=68', '19 двойные', 'Чен', '2018-01-11 21:00:00'),
(26, 7, '2018-01-11 21:00:00', '0,033*2,4', '156,816', '75', '22', 'Чен не работает', '2018-01-24 21:00:00'),
(27, 8, '2017-12-27 21:00:00', '0,033*2,4/3,6', '31,363+112,907=144,27', '15+36=51', '22', 'Чен', '2018-01-06 21:00:00'),
(28, 8, '2018-01-06 21:00:00', '0,033*2/3,6', '26,136+112,907=139,043', '15+36=51', '22', 'Чен', '2018-01-15 21:00:00'),
(29, 8, '2018-01-15 21:00:00', '0,033*2/2,4/3,6', '26,136+62,726+56,453=145,315', '15+30+18=63', '22', 'Чен', '2018-01-31 21:00:00'),
(30, 9, '2017-12-26 21:00:00', '0,033*3,6', '141,134', '45', '22', 'Чен', '2018-01-07 21:00:00'),
(31, 9, '2018-01-07 21:00:00', '0,033*2/3,6', '62,726+84,68=147,406', '36+27=63', '22', 'Чен', '2018-01-17 21:00:00'),
(32, 9, '2018-01-17 21:00:00', '0,019*2,4/3,6', '31,19+112,285=143,475', '15+36=41', '19 двойные', 'Чен', '2018-01-29 21:00:00'),
(33, 10, '2017-12-29 21:00:00', '0,033*2,4', '156,816', '75', '22', 'Чен', '2018-01-08 21:00:00'),
(34, 10, '2018-01-08 21:00:00', '0,033*2,4/3,6', '94,089+56,453=150,542', '45+18=65', '22', 'Чен', '2018-01-16 21:00:00'),
(35, 10, '2018-01-16 21:00:00', '0,033*2,4/3/3,6', '18,817+2,61+119,18=140,607', '9+1+38=46', '22', 'Чен  не работает', '2018-01-27 21:00:00'),
(36, 11, '2017-12-24 21:00:00', '0,033*3,6', '141,134', '45', '22', 'Чен', '2018-01-04 21:00:00'),
(37, 11, '2018-01-04 21:00:00', '0,033*3,6', '141,134', '45', '22', 'Чен', '2018-01-13 21:00:00'),
(38, 11, '2018-01-13 21:00:00', '0,033*2/2,4', '26,136+125,452=151,588', '15+60=75', '22', 'Чен', '2018-01-22 21:00:00'),
(39, 11, '2018-01-22 21:00:00', '0,033*2,4/3/3,6', '2,09+7,84+131,725=141,655', '1+3+42=46', '22', 'Чен', '2018-02-01 21:00:00'),
(40, 7, '2018-01-25 21:00:00', '0,033*2/2,4', '78,408+62,726=141,134', '45+30=75', '22', 'Чен', '2018-02-03 21:00:00'),
(41, 10, '2018-01-27 21:00:00', '0.033*2/2.4', '54,014+94,089=148,103', '31+45=76', '22', 'Чен', '2018-02-04 21:00:00'),
(42, 3, '2018-01-28 21:00:00', '0,027*2', '155,52', '75', '16 двойные', 'белая стандартная', '2018-02-13 21:00:00'),
(43, 4, '2018-01-29 21:00:00', '0,027*2/2,5', '114,048+41,472=155,52', '55+16=71', '16 двойные', 'белая не стандартная', '2018-02-16 21:00:00'),
(44, 9, '2018-01-29 21:00:00', '0,019*2/2,4/3/3,6', '19,06+41,597+77,976+12,476=151,109', '11+20+30+4=65', '19 двойные', 'Чен', '2018-02-10 21:00:00'),
(45, 8, '2018-01-31 21:00:00', '0,033*2,4', '156,816', '75', '22', 'Чен', '2018-02-09 21:00:00'),
(46, 11, '2018-02-01 21:00:00', '0,019*2/2,4/3', '51,984+56,142+44,186=152,312', '30+27+17=74', '19 двойные', 'Чен', '2018-02-12 21:00:00'),
(47, 5, '2018-02-02 21:00:00', '0,027*2/2,5', '124,416+31,104=155,52', '60+12=72', '16 двойные', 'белая стандартная', '2018-02-19 21:00:00'),
(48, 7, '2018-02-03 21:00:00', '0,033*2,4/3,6', '94,089+56,453=150,542', '45+18=63', '22', 'Чен', '2018-02-15 21:00:00'),
(49, 1, '2018-02-04 21:00:00', '0,027*2', '155,52', '75', '16 двойные', 'черные стандартные', '2018-02-23 21:00:00'),
(50, 10, '2018-02-06 21:00:00', '0,033*2,4/3,6', '94,089+47,0448=141,133', '45+15=60', '22', 'Чен (сосна)', '2018-02-14 21:00:00'),
(51, 2, '2018-02-07 21:00:00', '0,027*2', '155,52', '75', '16 двойные', 'белая стандартная', '2018-02-25 21:00:00'),
(52, 6, '2018-02-08 21:00:00', '0,027*2', '155,52', '75', '16 двойные', 'белая не стандартная', '2018-02-26 21:00:00'),
(53, 8, '2018-02-09 21:00:00', '0,033*3,6', '141,134', '45', '22', 'Чен', '2018-02-18 21:00:00'),
(54, 9, '2018-02-11 21:00:00', '0,033*3,6', '141,134', '45', '22', 'Чен', '2018-02-19 21:00:00'),
(55, 11, '2018-02-12 21:00:00', '0,033*3,6', '141,134', '45', '22', 'Чен', '2018-02-20 21:00:00'),
(56, 3, '2018-02-14 21:00:00', '0,027*2', '155,52', '75', '16 двойные', 'черная стандартная', '2018-03-05 21:00:00'),
(57, 10, '2018-02-14 21:00:00', '0,033*3,6', '141,134', '45', '22', 'Чен', '2018-02-20 21:00:00'),
(58, 7, '2018-02-16 21:00:00', '0,033*2,4', '156,816', '75', '22', 'Чен', '2018-02-22 21:00:00'),
(59, 4, '2018-02-17 21:00:00', '0,027*2', '155,52', '75', '16 двойные', 'белая стандартная', '2018-03-07 21:00:00'),
(60, 8, '2018-02-18 21:00:00', '0,033*3,6', '141,134', '45', '22', 'Чен', '2018-02-24 21:00:00'),
(61, 9, '2018-02-19 21:00:00', '0,033*3,6', '141,134', '45', '22', 'Чен', '2018-02-27 21:00:00'),
(62, 5, '2018-02-19 21:00:00', '0,027*2', '155,52', '75', '16 двойные', 'белая стандартная', '2018-03-04 21:00:00'),
(63, 11, '2018-02-20 21:00:00', '0,033*2,4', '156,816', '75', '22', 'Чен', '2018-03-01 21:00:00'),
(64, 10, '2018-02-20 21:00:00', '0,033*2,4/3,6', '10,454+131,725=142,176', '5+42=47', '22', 'Чен', '2018-02-28 21:00:00'),
(65, 7, '2018-02-22 21:00:00', '0,033*2,4', '156,816', '75', '22', 'Чен', '2018-03-03 21:00:00'),
(66, 1, '2018-02-23 21:00:00', '0,022*2', '142,56', '75', '18 двойные', 'белая', '2018-03-09 21:00:00'),
(67, 8, '2018-02-24 21:00:00', '0,033*2,4/3,6', '62,726+84,68=147,406', '30+27=57', '22', 'Чен', '2018-03-02 21:00:00'),
(68, 2, '2018-02-25 21:00:00', '0,027*2', '155,52', '75', '16 двойные', 'белая не стандарт', '2018-03-13 21:00:00'),
(69, 6, '2018-02-26 21:00:00', '0,027*2', '155,52', '75', '16 двойные', 'белая стандартная', '2018-03-15 21:00:00'),
(70, 9, '2018-02-27 21:00:00', '0,033*3,6', '141,134', '45', '22', 'Чен', '2018-03-06 21:00:00'),
(71, 10, '2018-02-28 21:00:00', '0,027*2/2,5', '178,329+7,776=186,105', '86+3=89', '16 двойные', 'белая не стандартная', '2018-03-16 21:00:00'),
(72, 11, '2018-03-01 21:00:00', '0,033*2,4', '156,816', '75', '22', 'Чен', '2018-03-08 21:00:00'),
(73, 8, '2018-03-02 21:00:00', '0,033*2,4', '156,816', '75', '22', 'Чен', '2018-03-11 21:00:00'),
(74, 7, '2018-03-03 21:00:00', '0,033*3,6', '141,134', '45', '22', 'Чен', '2018-03-12 21:00:00'),
(75, 5, '2018-03-04 21:00:00', '0,027*2', '155,52', '75', '16 двойные', 'черная стандартная', '2018-03-25 21:00:00'),
(76, 3, '2018-03-06 21:00:00', '0,027*2', '155,52', '75', '16 двойные', 'белая стандартная', '2018-03-21 21:00:00'),
(77, 9, '2018-03-06 21:00:00', '0,019*2/2,4/3/3,6+0,033*2,4', '45,052+4,158+67,579+6,238+31,363=154,39', '26+2+26+2=56+15=71', '19 двойные/22', 'Чен', '2018-03-18 21:00:00'),
(78, 4, '2018-03-07 21:00:00', '0,027*2/2,5', '124,416+31,104=155,52', '60+12=72', '16 двойные', 'белая не стандартная', '2018-03-24 21:00:00'),
(79, 11, '2018-03-08 21:00:00', '0,033*3,6', '141,134', '45', '22', 'Чен', '2018-03-14 21:00:00'),
(80, 1, '2018-03-09 21:00:00', '0,027*2', '155,52', '75', '16 двойные', 'белая стандартная', '2018-03-28 21:00:00'),
(81, 8, '2018-03-11 21:00:00', '0,033*3,6', '141,134', '45', '22', 'Чен', '2018-03-17 21:00:00'),
(82, 7, '2018-03-12 21:00:00', '0,018*2,4/3/3,6', '31,518+29,548+106,375=167,441', '16+12+36=64', '19 двойные', 'Чен', '2018-03-27 21:00:00'),
(83, 2, '2018-03-13 21:00:00', '0,027*2', '155,52', '75', '16 двойные', 'белая стандартная', '2018-03-29 21:00:00'),
(84, 11, '2018-03-14 21:00:00', '0,033*2,4', '156,816', '75', '22', 'Чен', '2018-03-22 21:00:00'),
(85, 6, '2018-03-15 21:00:00', '0,027*2', '155,52', '75', '16 двойные', 'белая не стандартная', '2018-03-31 21:00:00'),
(86, 10, '2018-03-16 21:00:00', '0,033*3,6', '141,134', '45', '22', 'Чен', '2018-03-23 21:00:00'),
(87, 8, '2018-03-17 21:00:00', '0,036*3,6', '146,966', '45', '21', 'Чен', '2018-03-26 21:00:00'),
(88, 9, '2018-03-18 21:00:00', '0,027*2', '186,624', '90', '16 двойные', 'белая не стандартная', '2018-04-06 21:00:00'),
(89, 3, '2018-03-21 21:00:00', '0,027*2', '155,52', '75', '16 двойные', 'белая не стандартная', '2018-04-07 21:00:00'),
(90, 11, '2018-03-22 21:00:00', '0,027*2', '186,624', '90', '16 двойные', 'белая', '2018-04-07 21:00:00'),
(91, 10, '2018-03-23 21:00:00', '0,032*2/2,4', '30,412+117,596=148,008', '18+58=76', '22', 'Чен', '2018-03-30 21:00:00'),
(92, 4, '2018-03-24 21:00:00', '0,022*2/2,5', '123,552+19,008=142,56', '65+8=73', '18 двойные', 'Белая', '2018-04-05 21:00:00'),
(93, 8, '2018-03-26 21:00:00', '0,036*3,6', '146,966', '45', '21', 'Чен', '2018-04-02 21:00:00'),
(94, 5, '2018-03-26 21:00:00', '0,021*2;0,027*2', '5,745+8,294+141,004=155,043', '3+4+68=75', '19двойные/16 двойные', 'белая,черная стандарт,белая стандарт', '2018-04-12 21:00:00'),
(95, 7, '2018-03-27 21:00:00', '0,036*3,6', '146,966', '45', '21', 'Чен', '2018-04-03 21:00:00'),
(96, 1, '2018-03-28 21:00:00', '0,027*2', '121.5', '75', '25', 'белая', '2018-04-10 21:00:00'),
(97, 2, '2018-03-29 21:00:00', '0,027*2', '121.5', '75', '25', 'белая стандартная', '2018-04-10 21:00:00'),
(98, 10, '2018-03-30 21:00:00', '0.036*3,6', '146,966', '45', '21', 'Чен', '2018-04-09 21:00:00'),
(99, 6, '2018-03-31 21:00:00', '0,027*2', '121.5', '75', '25', 'белая стандартная', '2018-04-12 21:00:00'),
(100, 8, '2018-04-02 21:00:00', '0,036*3,6', '146,966', '45', '21', 'Чен', '2018-04-09 21:00:00'),
(101, 7, '2018-04-03 21:00:00', '0,028*2,4/3', '10,08+141,12=151,2', '5+56=61', '25', 'Чен', NULL),
(102, 4, '2018-04-05 21:00:00', '0,027*2', '121.5', '75', '25', 'Белая не стандарт', NULL),
(103, 9, '2018-04-06 21:00:00', '0,027*2', '145.8', '90', '25', 'белая стандартная', NULL),
(104, 11, '2018-04-07 21:00:00', '0,036*3,6', '146,966', '45', '21', 'Чен', '2018-04-11 21:00:00'),
(105, 3, '2018-04-08 21:00:00', '0,027*2', '121.5', '75', '25', 'белая не стандартная', NULL),
(106, 10, '2018-04-09 21:00:00', '0,036*2,4', '163,296', '75', '21', 'Чен', NULL),
(107, 8, '2018-04-09 21:00:00', '0,036*3,6', '146,966', '45', '21', 'Чен', NULL),
(108, 1, '2018-04-10 21:00:00', '0,027*2/2,5', '97,2+24,3=121,5', '60+12=72', '25', 'белая стандартная', NULL),
(109, 2, '2018-04-11 21:00:00', '0,027*2', '121.5', '75', '25', 'белая не стандартная', NULL),
(110, 5, '2018-04-12 21:00:00', '0,027*2', '121.5', '75', '25', 'белая не стандартная', NULL),
(111, 11, '2018-04-11 21:00:00', '0,036*3,6', '146,966', '45', '21', 'Чен', NULL),
(112, 6, '2018-04-12 21:00:00', '0,036*2,4/3,6', '32,659+97,977=130,636', '15+30=45', '21', 'Чен', NULL);

-- --------------------------------------------------------

--
-- Структура таблицы `exporter`
--

CREATE TABLE IF NOT EXISTS `exporter` (
  `id` smallint(5) UNSIGNED NOT NULL AUTO_INCREMENT,
  `sort` int(11) NOT NULL DEFAULT '500',
  `name` varchar(64) NOT NULL,
  `email` varchar(64) DEFAULT NULL,
  PRIMARY KEY (`id`)
) ENGINE=InnoDB AUTO_INCREMENT=35 DEFAULT CHARSET=utf8;

--
-- Дамп данных таблицы `exporter`
--

INSERT INTO `exporter` (`id`, `sort`, `name`, `email`) VALUES
(1, 500, 'ЛесКом', ''),
(2, 500, 'ТЛТ', ''),
(3, 500, 'ТЛП', ''),
(4, 500, 'ТЛИ', ''),
(5, 500, 'Вэйда', ''),
(6, 500, 'ЛяньМэн', ''),
(7, 500, 'ДаЧжун', ''),
(8, 500, 'ПромЛесЭкспорт', ''),
(13, 500, 'Вудэкспорт', ''),
(14, 500, 'Рябина', ''),
(15, 500, 'Белый парус', ''),
(16, 500, 'Тимбер', ''),
(17, 500, 'Маркор', ''),
(18, 500, 'ТомРесурс', ''),
(19, 500, 'ШеньЛун', ''),
(20, 500, 'Лунда', ''),
(21, 500, 'ПТК Север', ''),
(22, 500, 'МСТ', ''),
(23, 500, 'ПТК Дело', ''),
(24, 500, 'СиньСинВан', ''),
(25, 500, 'ХуаСин', ''),
(26, 500, 'БАС', ''),
(27, 500, 'УУЛК', ''),
(28, 500, 'Вэй Фэн', 'i-rtk@mail.ru'),
(29, 500, 'Звезда', ''),
(30, 500, 'Сансара', ''),
(31, 500, 'Трейдэкспорт', ''),
(32, 500, 'Ангара', ''),
(33, 500, 'Илим', ''),
(34, 500, 'Секрет успеха', '');

-- --------------------------------------------------------

--
-- Структура таблицы `exporter_branch`
--

CREATE TABLE IF NOT EXISTS `exporter_branch` (
  `branch_id` tinyint(3) UNSIGNED NOT NULL,
  `exporter_id` smallint(5) UNSIGNED NOT NULL,
  PRIMARY KEY (`branch_id`,`exporter_id`)
) ENGINE=InnoDB DEFAULT CHARSET=utf8;

--
-- Дамп данных таблицы `exporter_branch`
--

INSERT INTO `exporter_branch` (`branch_id`, `exporter_id`) VALUES
(1, 1),
(1, 2),
(1, 3),
(1, 4),
(1, 5),
(1, 6),
(1, 7),
(1, 17),
(1, 18),
(1, 19),
(1, 20),
(1, 21),
(1, 22),
(1, 23),
(1, 24),
(1, 25),
(3, 8),
(3, 13),
(3, 14),
(3, 15),
(3, 16),
(4, 26),
(4, 27),
(5, 29),
(5, 30),
(5, 31),
(6, 28),
(7, 32),
(7, 33),
(7, 34);

-- --------------------------------------------------------

--
-- Структура таблицы `exporter_group`
--

CREATE TABLE IF NOT EXISTS `exporter_group` (
  `id` tinyint(3) UNSIGNED NOT NULL AUTO_INCREMENT,
  `name` varchar(64) NOT NULL,
  `sort` smallint(6) NOT NULL DEFAULT '500',
  PRIMARY KEY (`id`)
) ENGINE=InnoDB AUTO_INCREMENT=32 DEFAULT CHARSET=utf8;

--
-- Дамп данных таблицы `exporter_group`
--

INSERT INTO `exporter_group` (`id`, `name`, `sort`) VALUES
(1, 'ЛесКом', 100),
(2, 'ТЛТ/ТЛП/ТЛИ', 200),
(3, 'Вэйда', 300),
(4, 'ЛяньМэн', 500),
(5, 'ДаЧжун', 500),
(6, 'ПромЛесЭкспорт', 500),
(7, 'Вудэкспорт', 500),
(8, 'Рябина', 500),
(9, 'Белый парус', 500),
(10, 'Тимбер', 500),
(15, 'Маркор', 500),
(16, 'ТомРесурс', 500),
(17, 'ШеньЛун', 500),
(18, 'Лунда', 500),
(19, 'ПТК Север', 500),
(20, 'МСТ', 500),
(21, 'ПТК Дело', 500),
(22, 'СиньСинВан', 500),
(23, 'ХуаСин', 500),
(26, 'БАС', 500),
(27, 'УУЛК', 500),
(28, 'Курагино', 500),
(29, 'Иркутск', 500),
(30, 'Ангара', 500),
(31, 'Братск', 500);

-- --------------------------------------------------------

--
-- Структура таблицы `file`
--

CREATE TABLE IF NOT EXISTS `file` (
  `id` int(10) UNSIGNED NOT NULL AUTO_INCREMENT,
  `note_id` int(10) UNSIGNED NOT NULL,
  `original` varchar(512) NOT NULL,
  `name` varchar(64) NOT NULL,
  PRIMARY KEY (`id`)
) ENGINE=InnoDB AUTO_INCREMENT=19 DEFAULT CHARSET=utf8;

--
-- Дамп данных таблицы `file`
--

INSERT INTO `file` (`id`, `note_id`, `original`, `name`) VALUES
(1, 0, 'Без-имени-25.jpg', 'p1ceguhmfq9ds1de9v2a55cfa4.jpg'),
(2, 0, 'Без-имени-1545.jpg', 'p1ceguqr6l8uaoih1t1q195q1p6n4.jpg'),
(3, 0, 'Без-имени-1.jpg.jpg', 'p1cegv3fuk1epkpd81h67gl51n2u7.jpg'),
(4, 0, 'Без-имени-23.jpg', 'p1cegv3vl5d791upo1spl1pli6j34.jpg'),
(5, 0, 'Без-имени-1333.jpg', 'p1cegv8svk1ijheuk16l4tout4c4.jpg'),
(6, 0, 'Без-имени-25.jpg (2).jpg', 'p1cegved5s1j5borhchs1rm8bc84.jpg'),
(7, 0, 'Без-имени-1.jpg.jpg', 'p1cegved5s5nfrtkp5s1k8r1c3g5.jpg'),
(8, 0, 'Без-имени-25.jpg (1).jpg', 'p1cegved5s1efj13fngfrt491ulk6.jpg'),
(9, 0, 'Без-имени-25 (1).jpg', 'p1cejfibq56101s851jibjnkcah4.jpg'),
(10, 0, 'Без-имени-25.jpg (2).jpg', 'p1cejfibq61gt41rjqtbeumqld95.jpg'),
(11, 0, 'Без-имени-1.jpg.jpg', 'p1cejfibq63ndac11sjt1thcijc6.jpg'),
(12, 0, 'Без-имени-25.jpg (1).jpg', 'p1cejfibq63m8ufa1r9u19kk1tb17.jpg'),
(13, 0, 'Без-имени-25.jpg (2).jpg', 'p1cejfk6httl01deqbjc1ts81loka.jpg'),
(14, 0, 'Без-имени-1.jpg.jpg', 'p1cejfk6humq5pgqjtt1n8g1459b.jpg'),
(15, 0, 'отгруз 48.pdf', 'p1cel8c297jdr131l10sd8heusm4.pdf'),
(16, 9, 'DSCN0189.jpg', 'p1chnh363o17cirgslollho1gdi4.jpg'),
(17, 0, 'Контейнеры 11-07-2018 (2).xlsx', 'p1ci4ql3091ls2km29alnrkr04.xlsx'),
(18, 0, 'Контейнеры 11-07-2018 (2).xlsx', 'p1ci4qld5k5fu33p135j1dfpj7p7.xlsx');

-- --------------------------------------------------------

--
-- Структура таблицы `incoming`
--

CREATE TABLE IF NOT EXISTS `incoming` (
  `id` int(10) UNSIGNED NOT NULL AUTO_INCREMENT,
  `date` timestamp NOT NULL DEFAULT CURRENT_TIMESTAMP,
  `car` varchar(16) NOT NULL,
  `cargo` varchar(64) NOT NULL,
  `place_id` tinyint(3) UNSIGNED NOT NULL,
  PRIMARY KEY (`id`)
) ENGINE=InnoDB DEFAULT CHARSET=utf8;

-- --------------------------------------------------------

--
-- Структура таблицы `incoming_place`
--

CREATE TABLE IF NOT EXISTS `incoming_place` (
  `id` tinyint(3) UNSIGNED NOT NULL AUTO_INCREMENT,
  `name` varchar(32) NOT NULL,
  PRIMARY KEY (`id`)
) ENGINE=InnoDB AUTO_INCREMENT=3 DEFAULT CHARSET=utf8;

--
-- Дамп данных таблицы `incoming_place`
--

INSERT INTO `incoming_place` (`id`, `name`) VALUES
(1, 'Южная 8'),
(2, 'Южная 9');

-- --------------------------------------------------------

--
-- Структура таблицы `loading_place`
--

CREATE TABLE IF NOT EXISTS `loading_place` (
  `id` smallint(5) UNSIGNED NOT NULL AUTO_INCREMENT,
  `name` varchar(64) NOT NULL,
  PRIMARY KEY (`id`)
) ENGINE=InnoDB AUTO_INCREMENT=18 DEFAULT CHARSET=utf8;

--
-- Дамп данных таблицы `loading_place`
--

INSERT INTO `loading_place` (`id`, `name`) VALUES
(2, 'Ижморка-Советская, 2'),
(3, 'Ижморка-Ленинская, 1Б'),
(4, 'Колывань'),
(5, 'Зоркальцево'),
(6, 'Мельниково'),
(7, 'Асино'),
(8, 'Молчаново'),
(9, 'Заринск'),
(10, 'Черепаново'),
(11, 'Степной'),
(12, 'Суслово'),
(13, 'Мариинск'),
(14, 'Верх-Чебула'),
(15, 'пгт Курагино'),
(16, 'Полярная 8Б'),
(17, 'Чунский');

-- --------------------------------------------------------

--
-- Структура таблицы `location`
--

CREATE TABLE IF NOT EXISTS `location` (
  `id` int(10) UNSIGNED NOT NULL AUTO_INCREMENT,
  `date` timestamp NOT NULL DEFAULT CURRENT_TIMESTAMP ON UPDATE CURRENT_TIMESTAMP,
  `name` varchar(128) NOT NULL,
  `container_id` int(10) UNSIGNED NOT NULL,
  `user_id` int(11) UNSIGNED NOT NULL,
  PRIMARY KEY (`id`)
) ENGINE=InnoDB AUTO_INCREMENT=28 DEFAULT CHARSET=utf8;

--
-- Дамп данных таблицы `location`
--

INSERT INTO `location` (`id`, `date`, `name`, `container_id`, `user_id`) VALUES
(25, '2018-05-29 10:22:18', 'НОВОСИБИРСК', 22, 0),
(26, '2018-05-29 10:22:18', 'НОВОСИБИРСК', 21, 0),
(27, '2018-06-11 19:13:39', 'Новосибирск', 1, 0);

-- --------------------------------------------------------

--
-- Структура таблицы `model_names`
--

CREATE TABLE IF NOT EXISTS `model_names` (
  `id` smallint(5) UNSIGNED NOT NULL AUTO_INCREMENT,
  `code` varchar(128) NOT NULL,
  `name` varchar(128) NOT NULL,
  `vin_name` varchar(128) NOT NULL,
  `rod_name` varchar(128) NOT NULL,
  `rule` varchar(32) DEFAULT NULL,
  `sort` smallint(6) DEFAULT '9999',
  `parent` smallint(5) UNSIGNED NOT NULL DEFAULT '0',
  PRIMARY KEY (`id`)
) ENGINE=InnoDB AUTO_INCREMENT=64 DEFAULT CHARSET=utf8;

--
-- Дамп данных таблицы `model_names`
--

INSERT INTO `model_names` (`id`, `code`, `name`, `vin_name`, `rod_name`, `rule`, `sort`, `parent`) VALUES
(10, 'user', 'Пользователи', 'Пользователя', 'Пользователя', 'readUser', 9999, 0),
(15, 'dryer', 'Сушилки', 'Сушилку', 'Сушилки', 'readDryer', 450, 0),
(16, 'cash', 'Платежи', 'Платеж', 'Платежа', 'readCash', 200, 0),
(17, 'wood', 'Отгрузки', 'Отгрузку', 'Отгрузки', 'readWood', 300, 0),
(18, 'data', 'Справочники', 'Справочник', 'Справочника', NULL, 3000, 0),
(19, 'correspondent', 'Корреспонденты', 'Корреспондента', 'Корреспондента', 'readCorr', 100, 18),
(20, 'parabelProvider', 'Поставщики (парабель)', 'Поставщика', 'Поставщика', 'readParabel', 200, 18),
(21, 'parabel', 'Машины из Парабели', 'Отгрузку', 'Отгрузки', 'readParabel', 500, 0),
(22, 'incoming', 'Входящий транспорт', 'Запись', 'Записи', 'readIncoming', 600, 0),
(23, 'deliveryCondition', 'Условия поставки', 'Условие', 'Условия', 'readContainer', 1500, 38),
(24, 'exporter', 'Экспортеры', 'Экспортера', 'Экспортера', 'readContainer', 400, 38),
(25, 'branch', 'Филиалы', 'Филиал', 'Филиала', 'readContainer', 500, 38),
(26, 'station', 'Станции отправления', 'Станцию отправления', 'Станции отправления', 'readContainer', 600, 38),
(27, 'way', 'Погранпереходы', 'Погранпереход', 'Погранперехода', 'readContainer', 700, 38),
(28, 'destination', 'Пункты назначения', 'Пункт назначения', 'Пункта назначения', 'readContainer', 800, 38),
(29, 'owner', 'Собственники', 'Собственника', 'Собственника', 'readContainer', 900, 38),
(30, 'stampType', 'Типы пломб', 'Тип', 'Типа', 'readContainer', 1000, 38),
(31, 'loadingPlace', 'Места погрузки', 'Место', 'Места', 'readContainer', 1100, 38),
(33, 'consignee', 'Грузополучатели', 'Грузополучателя', 'Грузополучателя', 'readContainer', 1300, 38),
(34, 'ParabelType', 'Типы груза (парабель)', 'Тип', 'Типа', 'readParabel', 250, 18),
(35, 'container', 'Контейнеры', 'Контейнер', 'Контейнера', 'readContainer', 50, 0),
(36, 'board', 'Доски Чин', 'Отгрузку', 'Отгрузки', 'readBoard', 400, 0),
(37, 'plant', 'Заводы (доски Чин)', 'Завод', 'Завода', 'updateBoard', 280, 18),
(38, 'data', 'Справочники (контейнер)', 'Справочник', 'Справочника', NULL, 3100, 0),
(39, 'sawmill', 'Пилорамы', 'Пилораму', 'Пилорамы', 'readSaw', 400, 18),
(40, 'plankGroup', 'Группы досок', 'Группу', 'Группы', 'readSaw', 500, 18),
(41, 'plank', 'Типы досок', 'Тип', 'Типа', 'readSaw', 600, 18),
(42, 'china', 'Рабочие Китайцы', 'Рабочего', 'Рабочего', 'readChina', 700, 0),
(43, 'saw', 'Работа на пилораме', 'Рабочий день', 'Рабочего дня', 'readSaw', 650, 0),
(44, 'incomingplace', 'Места (вх. транспорт)', 'Место', 'Места', 'updateIncoming', 300, 18),
(45, 'species', 'Породы', 'Породу', 'Породы', 'readWood', 350, 18),
(46, 'stats', 'Статистика', 'Статистика', 'Статистика', 'readWood', 0, 0),
(47, 'woodGroup', 'Группы отгрузок', 'Группу', 'Группы', 'readWood', 120, 18),
(48, 'post', 'Должности', 'Должность', 'Должности', 'readWorker', 700, 18),
(49, 'worker', 'Рабочие', 'Рабочего', 'Рабочего', 'readWorker', 800, 0),
(50, 'relocPlank', 'Типы досок (перекладка)', 'Тип', 'Типа', 'readReloc', 800, 18),
(51, 'work', 'Работа', 'День', 'Дня', 'readWorker', 900, 0),
(52, 'reloc', 'Перекладка досок', 'День', 'Дня', 'readReloc', 1000, 0),
(53, 'cargoType', 'Типы груза', 'Тип', 'Типа', 'readContainer', 1400, 38),
(54, 'order', 'Платежные поручения', 'Поручение', 'Поручения', 'readOrder', 1100, 0),
(55, 'category', 'Категории', 'Категорию', 'Категории', 'readOrder', 110, 18),
(56, 'sorting', 'Распределение поручений', 'Поручение', 'Поручения', 'readOrder', 1200, 0),
(57, 'company', 'Компании', 'Компанию', 'Компании', 'readOrder', 50, 18),
(58, 'stats-check', 'Сверка оплат', 'Сверка', 'Сверка', 'readWood', 100, 46),
(59, 'stats-total', 'Лес', 'Лес', 'Лес', 'readWood', 0, 46),
(60, 'stats-order', 'Безнал', 'Безнал', 'Безнал', 'readWood', 300, 46),
(61, 'stats-board', 'Доски Чин', 'Доски Чин', 'Доски Чин', 'readWood', 400, 46),
(62, 'stationDest', 'Станции назначения', 'Станцию назначения', 'Станции назначения', 'readContainer', 750, 38),
(63, 'carrier', 'Автоперевозчики', 'Автоперевозчика', 'Автоперевозчика', 'readContainer', 650, 38);

-- --------------------------------------------------------

--
-- Структура таблицы `note`
--

CREATE TABLE IF NOT EXISTS `note` (
  `id` int(10) UNSIGNED NOT NULL AUTO_INCREMENT,
  `container_id` int(10) UNSIGNED NOT NULL,
  `date` timestamp NOT NULL DEFAULT CURRENT_TIMESTAMP,
  `text` varchar(4096) DEFAULT NULL,
  `user_id` int(10) UNSIGNED NOT NULL,
  PRIMARY KEY (`id`)
) ENGINE=InnoDB AUTO_INCREMENT=11 DEFAULT CHARSET=utf8;

--
-- Дамп данных таблицы `note`
--

INSERT INTO `note` (`id`, `container_id`, `date`, `text`, `user_id`) VALUES
(8, 1, '2018-05-27 14:53:34', 'adasdasd', 1),
(9, 6, '2018-07-06 14:10:16', 'рррр', 14);

-- --------------------------------------------------------

--
-- Структура таблицы `order`
--

CREATE TABLE IF NOT EXISTS `order` (
  `id` int(10) UNSIGNED NOT NULL AUTO_INCREMENT,
  `company_id` tinyint(3) UNSIGNED NOT NULL,
  `number` int(10) UNSIGNED NOT NULL,
  `date` timestamp NOT NULL DEFAULT CURRENT_TIMESTAMP,
  `correspondent_id` mediumint(8) UNSIGNED NOT NULL,
  `sum` float NOT NULL DEFAULT '0',
  `negative` tinyint(1) NOT NULL DEFAULT '0',
  `category_id` smallint(5) UNSIGNED NOT NULL,
  `purpose` varchar(256) DEFAULT NULL,
  `is_new` tinyint(1) NOT NULL DEFAULT '0',
  PRIMARY KEY (`id`),
  KEY `number` (`number`,`date`)
) ENGINE=InnoDB DEFAULT CHARSET=utf8;

-- --------------------------------------------------------

--
-- Структура таблицы `owner`
--

CREATE TABLE IF NOT EXISTS `owner` (
  `id` smallint(5) UNSIGNED NOT NULL AUTO_INCREMENT,
  `name` varchar(64) NOT NULL,
  PRIMARY KEY (`id`)
) ENGINE=InnoDB AUTO_INCREMENT=27 DEFAULT CHARSET=utf8;

--
-- Дамп данных таблицы `owner`
--

INSERT INTO `owner` (`id`, `name`) VALUES
(2, 'РИС'),
(3, 'Tez Zhol (КЗХ)'),
(4, 'СкайВэй'),
(5, 'ГКЛ'),
(6, 'Транзит'),
(7, 'VED TRANSIT (КЗХ)'),
(8, 'МаксИнтермодал'),
(9, 'ПАО ТК'),
(10, 'БЛТК'),
(11, 'Woojin (КЗХ)'),
(12, 'Глобус групп'),
(13, 'ТрейдТранс'),
(14, 'UNICO (КЗХ)'),
(15, 'Лесофонд'),
(17, 'ENICA (КЗХ)'),
(18, 'МаксИнтермодал (КЗХ)'),
(19, 'ВЛ Лоджистик'),
(20, 'ВанКонтейнер'),
(22, 'КТК Групп'),
(23, 'Global Container Logistics'),
(24, 'ПАО \"Трансконтейнер\"'),
(25, 'swift'),
(26, 'Амтэк');

-- --------------------------------------------------------

--
-- Структура таблицы `parabel`
--

CREATE TABLE IF NOT EXISTS `parabel` (
  `id` int(10) UNSIGNED NOT NULL AUTO_INCREMENT,
  `date` timestamp NOT NULL DEFAULT CURRENT_TIMESTAMP ON UPDATE CURRENT_TIMESTAMP,
  `type_id` tinyint(3) UNSIGNED NOT NULL,
  PRIMARY KEY (`id`)
) ENGINE=InnoDB AUTO_INCREMENT=80 DEFAULT CHARSET=utf8;

--
-- Дамп данных таблицы `parabel`
--

INSERT INTO `parabel` (`id`, `date`, `type_id`) VALUES
(1, '2018-02-06 21:00:00', 1),
(2, '2018-02-08 21:00:00', 1),
(3, '2018-02-09 21:00:00', 1),
(4, '2018-02-10 21:00:00', 1),
(5, '2018-02-10 21:00:00', 1),
(6, '2018-02-11 21:00:00', 1),
(7, '2018-02-12 21:00:00', 1),
(8, '2018-02-13 21:00:00', 1),
(9, '2018-02-14 21:00:00', 1),
(10, '2018-02-15 21:00:00', 1),
(11, '2018-02-16 21:00:00', 1),
(12, '2018-02-17 21:00:00', 1),
(13, '2018-02-17 21:00:00', 1),
(14, '2018-02-18 21:00:00', 1),
(15, '2018-02-19 21:00:00', 1),
(16, '2018-02-20 21:00:00', 1),
(17, '2018-02-21 21:00:00', 1),
(18, '2018-02-21 21:00:00', 1),
(19, '2018-02-22 21:00:00', 1),
(20, '2018-02-22 21:00:00', 1),
(21, '2018-02-23 21:00:00', 1),
(22, '2018-02-25 21:00:00', 1),
(23, '2018-02-26 21:00:00', 1),
(24, '2018-02-27 21:00:00', 1),
(25, '2018-03-01 21:00:00', 1),
(26, '2018-03-01 21:00:00', 1),
(27, '2018-03-03 21:00:00', 1),
(28, '2018-03-04 21:00:00', 1),
(29, '2018-03-04 21:00:00', 1),
(30, '2018-03-05 21:00:00', 1),
(31, '2018-03-06 21:00:00', 1),
(32, '2018-03-06 21:00:00', 1),
(33, '2018-03-06 21:00:00', 1),
(34, '2018-03-07 21:00:00', 1),
(35, '2018-03-08 21:00:00', 1),
(36, '2018-03-08 21:00:00', 1),
(37, '2018-03-08 21:00:00', 1),
(38, '2018-03-10 21:00:00', 1),
(39, '2018-03-10 21:00:00', 1),
(40, '2018-03-10 21:00:00', 1),
(41, '2018-03-11 21:00:00', 1),
(42, '2018-03-12 21:00:00', 1),
(43, '2018-03-12 21:00:00', 1),
(44, '2018-03-13 21:00:00', 1),
(45, '2018-03-14 21:00:00', 1),
(46, '2018-03-14 21:00:00', 1),
(47, '2018-03-14 21:00:00', 1),
(48, '2018-03-15 21:00:00', 1),
(49, '2018-03-16 21:00:00', 1),
(50, '2018-03-16 21:00:00', 1),
(51, '2018-03-17 21:00:00', 1),
(52, '2018-03-17 21:00:00', 1),
(53, '2018-03-18 21:00:00', 1),
(54, '2018-03-18 21:00:00', 1),
(55, '2018-03-20 21:00:00', 1),
(56, '2018-03-20 21:00:00', 1),
(57, '2018-03-22 21:00:00', 1),
(58, '2018-03-22 21:00:00', 1),
(59, '2018-03-23 21:00:00', 1),
(60, '2018-03-23 21:00:00', 1),
(61, '2018-03-24 21:00:00', 1),
(62, '2018-03-25 21:00:00', 1),
(63, '2018-03-25 21:00:00', 1),
(64, '2018-03-26 21:00:00', 1),
(65, '2018-03-27 21:00:00', 1),
(66, '2018-03-27 21:00:00', 1),
(67, '2018-03-28 21:00:00', 1),
(68, '2018-03-29 21:00:00', 1),
(69, '2018-03-29 21:00:00', 1),
(70, '2018-03-29 21:00:00', 1),
(71, '2018-03-29 21:00:00', 1),
(72, '2018-03-31 21:00:00', 1),
(73, '2018-03-31 21:00:00', 1),
(74, '2018-03-31 21:00:00', 1),
(75, '2018-04-01 21:00:00', 1),
(76, '2018-04-02 21:00:00', 1),
(77, '2018-04-11 21:00:00', 1),
(78, '2018-04-11 21:00:00', 1),
(79, '2018-04-11 21:00:00', 1);

-- --------------------------------------------------------

--
-- Структура таблицы `parabel_cargo`
--

CREATE TABLE IF NOT EXISTS `parabel_cargo` (
  `parabel_id` int(10) UNSIGNED NOT NULL,
  `provider_id` int(10) UNSIGNED NOT NULL,
  `cubage` float NOT NULL,
  PRIMARY KEY (`parabel_id`,`provider_id`)
) ENGINE=InnoDB DEFAULT CHARSET=utf8;

--
-- Дамп данных таблицы `parabel_cargo`
--

INSERT INTO `parabel_cargo` (`parabel_id`, `provider_id`, `cubage`) VALUES
(1, 2, 40.35),
(2, 2, 40.73),
(3, 2, 40.74),
(4, 2, 40.828),
(5, 2, 39.59),
(6, 2, 36.63),
(7, 2, 37.55),
(8, 2, 36.13),
(9, 2, 37.17),
(10, 2, 35.38),
(11, 2, 34.86),
(12, 2, 36.43),
(13, 2, 35.44),
(14, 2, 40.28),
(15, 2, 34.78),
(16, 2, 38.92),
(17, 2, 37.74),
(18, 2, 38.09),
(19, 2, 39),
(20, 2, 33.78),
(21, 2, 37.75),
(22, 2, 40.2),
(23, 2, 39.96),
(24, 2, 39.43),
(25, 2, 33.95),
(26, 2, 40.11),
(27, 2, 41.44),
(28, 2, 41.8),
(29, 2, 33.64),
(30, 2, 44.82),
(31, 2, 39.45),
(32, 2, 40.76),
(33, 2, 45.54),
(34, 2, 47.1),
(35, 2, 35.28),
(36, 2, 35.74),
(37, 2, 41.34),
(38, 2, 43.68),
(39, 2, 39.25),
(40, 2, 43.9),
(41, 2, 39.56),
(42, 2, 38.83),
(43, 2, 39.35),
(44, 2, 31),
(45, 2, 31),
(46, 2, 39.24),
(47, 2, 38.78),
(48, 2, 37.13),
(49, 2, 40.85),
(50, 2, 38.41),
(51, 2, 39.94),
(52, 2, 38.8),
(53, 2, 36.4),
(54, 2, 37.7),
(55, 2, 39.38),
(56, 2, 32.85),
(57, 2, 39.8),
(58, 2, 39.51),
(59, 2, 38.73),
(60, 2, 38.26),
(61, 2, 45.55),
(62, 2, 39.27),
(63, 2, 40.23),
(64, 2, 39.28),
(65, 2, 39.28),
(66, 2, 34.49),
(67, 2, 39.91),
(68, 2, 39.56),
(69, 2, 40.03),
(70, 2, 39.73),
(71, 2, 41.57),
(72, 2, 39.5),
(73, 2, 36.53),
(74, 2, 39.46),
(75, 2, 31.45),
(76, 2, 39.01),
(77, 2, 39.71),
(78, 2, 40.17),
(79, 2, 39.73);

-- --------------------------------------------------------

--
-- Структура таблицы `parabel_provider`
--

CREATE TABLE IF NOT EXISTS `parabel_provider` (
  `id` int(10) UNSIGNED NOT NULL AUTO_INCREMENT,
  `name` varchar(64) NOT NULL,
  `sort` int(11) NOT NULL DEFAULT '500',
  PRIMARY KEY (`id`)
) ENGINE=InnoDB AUTO_INCREMENT=3 DEFAULT CHARSET=utf8;

--
-- Дамп данных таблицы `parabel_provider`
--

INSERT INTO `parabel_provider` (`id`, `name`, `sort`) VALUES
(1, 'Идеал', 100),
(2, 'Олег', 200);

-- --------------------------------------------------------

--
-- Структура таблицы `parabel_type`
--

CREATE TABLE IF NOT EXISTS `parabel_type` (
  `id` tinyint(3) UNSIGNED NOT NULL AUTO_INCREMENT,
  `name` varchar(64) NOT NULL,
  PRIMARY KEY (`id`)
) ENGINE=InnoDB AUTO_INCREMENT=3 DEFAULT CHARSET=utf8;

--
-- Дамп данных таблицы `parabel_type`
--

INSERT INTO `parabel_type` (`id`, `name`) VALUES
(1, 'Доски'),
(2, 'Круглый лес');

-- --------------------------------------------------------

--
-- Структура таблицы `payment`
--

CREATE TABLE IF NOT EXISTS `payment` (
  `id` tinyint(3) UNSIGNED NOT NULL AUTO_INCREMENT,
  `name` varchar(32) NOT NULL,
  PRIMARY KEY (`id`)
) ENGINE=InnoDB AUTO_INCREMENT=3 DEFAULT CHARSET=utf8;

--
-- Дамп данных таблицы `payment`
--

INSERT INTO `payment` (`id`, `name`) VALUES
(1, 'Покупки'),
(2, 'Поставщики');

-- --------------------------------------------------------

--
-- Структура таблицы `plank`
--

CREATE TABLE IF NOT EXISTS `plank` (
  `id` smallint(5) UNSIGNED NOT NULL AUTO_INCREMENT,
  `name` varchar(32) NOT NULL,
  `group_id` tinyint(3) UNSIGNED NOT NULL,
  PRIMARY KEY (`id`)
) ENGINE=InnoDB AUTO_INCREMENT=16 DEFAULT CHARSET=utf8;

--
-- Дамп данных таблицы `plank`
--

INSERT INTO `plank` (`id`, `name`, `group_id`) VALUES
(1, '2.2/2', 1),
(2, '2.7/2', 1),
(3, '2.7/2 стандарт', 1),
(4, '3.8/2', 1),
(5, '2.2/2.5', 1),
(6, '2.7 стандарт/2.5', 1),
(7, '2.7 стандарт', 2),
(8, '2.2/2', 2),
(9, 'Брусок', 3),
(10, 'Прокладки', 3),
(11, '2/5 стандарт', 2),
(12, '3,2*8,2*3', 4),
(13, '2.6*7.6*3', 4),
(14, '3.2*8.2*2', 4),
(15, '2,6*7,6*2', 4);

-- --------------------------------------------------------

--
-- Структура таблицы `plank_group`
--

CREATE TABLE IF NOT EXISTS `plank_group` (
  `id` tinyint(3) UNSIGNED NOT NULL AUTO_INCREMENT,
  `name` varchar(32) NOT NULL,
  `price` float NOT NULL,
  `short` varchar(8) NOT NULL,
  PRIMARY KEY (`id`)
) ENGINE=InnoDB AUTO_INCREMENT=5 DEFAULT CHARSET=utf8;

--
-- Дамп данных таблицы `plank_group`
--

INSERT INTO `plank_group` (`id`, `name`, `price`, `short`) VALUES
(1, 'Белые доски', 20, 'Бел.'),
(2, 'Черные доски', 15, 'Черн.'),
(3, 'Прокладки + брусок', 25, 'П+Б'),
(4, 'Ель,пихта', 15, 'ель,пихт');

-- --------------------------------------------------------

--
-- Структура таблицы `plant`
--

CREATE TABLE IF NOT EXISTS `plant` (
  `id` int(10) UNSIGNED NOT NULL AUTO_INCREMENT,
  `name` varchar(64) NOT NULL,
  `is_price` tinyint(1) NOT NULL DEFAULT '0',
  PRIMARY KEY (`id`)
) ENGINE=InnoDB AUTO_INCREMENT=5 DEFAULT CHARSET=utf8;

--
-- Дамп данных таблицы `plant`
--

INSERT INTO `plant` (`id`, `name`, `is_price`) VALUES
(2, 'Завод', 0),
(3, 'Завод (без сушки)', 0),
(4, 'Парабель', 0);

-- --------------------------------------------------------

--
-- Структура таблицы `post`
--

CREATE TABLE IF NOT EXISTS `post` (
  `id` tinyint(3) UNSIGNED NOT NULL AUTO_INCREMENT,
  `name` varchar(32) NOT NULL,
  PRIMARY KEY (`id`)
) ENGINE=InnoDB AUTO_INCREMENT=3 DEFAULT CHARSET=utf8;

--
-- Дамп данных таблицы `post`
--

INSERT INTO `post` (`id`, `name`) VALUES
(1, 'Разнорабочий'),
(2, 'Кочегар');

-- --------------------------------------------------------

--
-- Структура таблицы `reloc`
--

CREATE TABLE IF NOT EXISTS `reloc` (
  `worker_id` smallint(5) UNSIGNED NOT NULL,
  `plank_id` tinyint(3) UNSIGNED NOT NULL,
  `day_id` smallint(5) UNSIGNED NOT NULL,
  `count` smallint(5) UNSIGNED NOT NULL,
  PRIMARY KEY (`worker_id`,`plank_id`,`day_id`)
) ENGINE=InnoDB DEFAULT CHARSET=utf8;

--
-- Дамп данных таблицы `reloc`
--

INSERT INTO `reloc` (`worker_id`, `plank_id`, `day_id`, `count`) VALUES
(5, 1, 2, 1),
(5, 1, 3, 5),
(5, 1, 4, 2),
(5, 2, 3, 2),
(5, 2, 4, 5),
(5, 2, 5, 1),
(5, 3, 2, 7),
(5, 3, 3, 10),
(5, 3, 4, 6),
(5, 3, 5, 2),
(5, 4, 2, 2),
(5, 4, 4, 2),
(5, 5, 2, 3),
(5, 5, 3, 2),
(5, 5, 4, 1),
(5, 6, 2, 4),
(6, 1, 2, 2),
(6, 2, 4, 20),
(6, 3, 2, 4),
(6, 3, 3, 5),
(6, 3, 4, 3),
(6, 3, 5, 3),
(6, 4, 2, 6),
(6, 4, 4, 2),
(6, 5, 2, 6),
(6, 6, 4, 10),
(7, 2, 2, 3),
(7, 2, 5, 4),
(7, 3, 3, 100),
(7, 3, 4, 5),
(7, 3, 5, 5),
(7, 5, 2, 4);

-- --------------------------------------------------------

--
-- Структура таблицы `reloc_plank`
--

CREATE TABLE IF NOT EXISTS `reloc_plank` (
  `id` smallint(5) UNSIGNED NOT NULL AUTO_INCREMENT,
  `name` varchar(64) NOT NULL,
  `price` smallint(5) UNSIGNED NOT NULL,
  PRIMARY KEY (`id`)
) ENGINE=InnoDB AUTO_INCREMENT=7 DEFAULT CHARSET=utf8;

--
-- Дамп данных таблицы `reloc_plank`
--

INSERT INTO `reloc_plank` (`id`, `name`, `price`) VALUES
(1, '2.5 береза сухая', 50),
(2, '3.5 ель сырая', 60),
(3, '1.9 пихта сухая', 35),
(4, '2.7 ель сухая', 46),
(5, '5.6 береза сухая', 70),
(6, '5.6 береза сырая', 80);

-- --------------------------------------------------------

--
-- Структура таблицы `role`
--

CREATE TABLE IF NOT EXISTS `role` (
  `id` int(10) UNSIGNED NOT NULL AUTO_INCREMENT,
  `code` varchar(20) NOT NULL,
  `name` varchar(50) NOT NULL,
  PRIMARY KEY (`id`)
) ENGINE=InnoDB AUTO_INCREMENT=16 DEFAULT CHARSET=utf8;

--
-- Дамп данных таблицы `role`
--

INSERT INTO `role` (`id`, `code`, `name`) VALUES
(1, 'root', 'Создатель'),
(2, 'director', 'Директор'),
(4, 'dryerManager', 'Управление сушилками'),
(5, 'parabelManager', 'Ответственный за Парабель'),
(6, 'cashManager', 'Управление финансами'),
(7, 'woodManager', 'Управление отгрузками'),
(8, 'incomingManager', 'Управление входящим транспортом'),
(9, 'boardManager', 'Управление досками Чин'),
(10, 'sawManager', 'Управление пилорамами'),
(11, 'workerManager', 'Управление рабочими'),
(12, 'orderManager', 'Управление платежными поручениями'),
(13, 'containerManager', 'Управление контейнерами'),
(14, 'userAdmin', 'Управление пользователями'),
(15, 'locationManager', 'Управление дислокацией');

-- --------------------------------------------------------

--
-- Структура таблицы `salary`
--

CREATE TABLE IF NOT EXISTS `salary` (
  `day_id` smallint(5) UNSIGNED NOT NULL,
  `worker_id` smallint(5) UNSIGNED NOT NULL,
  `calc_pay` smallint(5) UNSIGNED NOT NULL DEFAULT '0',
  `day_pay` mediumint(9) NOT NULL DEFAULT '0',
  `k` float NOT NULL DEFAULT '0',
  PRIMARY KEY (`day_id`,`worker_id`)
) ENGINE=InnoDB DEFAULT CHARSET=utf8;

--
-- Дамп данных таблицы `salary`
--

INSERT INTO `salary` (`day_id`, `worker_id`, `calc_pay`, `day_pay`, `k`) VALUES
(1, 2, 500, 500, 1),
(1, 3, 720, 120, 1.2),
(2, 2, 500, 0, 1),
(2, 3, 1200, 0, 2),
(2, 4, 3000, 0, 3),
(2, 5, 917, 100, 0),
(2, 6, 936, 0, 0),
(2, 7, 460, 0, 0),
(3, 2, 500, 0, 1),
(3, 3, 600, 0, 1),
(3, 4, 1000, 0, 1),
(3, 5, 860, 200, 0),
(3, 6, 175, 0, 0),
(3, 7, 3500, 0, 0),
(4, 2, 500, 500, 1),
(4, 3, 600, 100, 1),
(4, 4, 1000, 0, 1),
(4, 5, 772, 0, 0),
(4, 6, 2197, 0, 0),
(4, 7, 175, 0, 0),
(5, 2, 500, 0, 1),
(5, 3, 480, 0, 0.8),
(5, 4, 0, 500, 0),
(5, 5, 130, 500, 0),
(5, 6, 105, 0, 0),
(5, 7, 415, 0, 0);

-- --------------------------------------------------------

--
-- Структура таблицы `saw`
--

CREATE TABLE IF NOT EXISTS `saw` (
  `id` int(10) UNSIGNED NOT NULL AUTO_INCREMENT,
  `date` timestamp NOT NULL DEFAULT CURRENT_TIMESTAMP ON UPDATE CURRENT_TIMESTAMP,
  `sawmill_id` tinyint(3) UNSIGNED NOT NULL,
  PRIMARY KEY (`id`)
) ENGINE=InnoDB AUTO_INCREMENT=521 DEFAULT CHARSET=utf8;

--
-- Дамп данных таблицы `saw`
--

INSERT INTO `saw` (`id`, `date`, `sawmill_id`) VALUES
(15, '2018-01-02 21:00:00', 1),
(16, '2018-01-03 21:00:00', 1),
(17, '2018-01-04 21:00:00', 1),
(18, '2018-01-05 21:00:00', 1),
(19, '2018-01-06 21:00:00', 1),
(20, '2018-01-07 21:00:00', 1),
(21, '2018-01-08 21:00:00', 1),
(22, '2018-01-09 21:00:00', 1),
(23, '2018-01-10 21:00:00', 1),
(24, '2018-01-12 21:00:00', 1),
(25, '2018-01-13 21:00:00', 1),
(26, '2018-01-14 21:00:00', 1),
(27, '2018-01-15 21:00:00', 1),
(28, '2018-01-16 21:00:00', 1),
(29, '2018-01-02 21:00:00', 3),
(30, '2018-01-03 21:00:00', 3),
(31, '2018-01-04 21:00:00', 3),
(32, '2018-01-05 21:00:00', 3),
(33, '2018-01-06 21:00:00', 3),
(34, '2018-01-07 21:00:00', 3),
(35, '2018-01-08 21:00:00', 3),
(36, '2018-01-09 21:00:00', 3),
(37, '2018-01-10 21:00:00', 3),
(38, '2018-01-12 21:00:00', 3),
(39, '2018-01-13 21:00:00', 3),
(40, '2018-01-14 21:00:00', 3),
(41, '2018-01-15 21:00:00', 3),
(42, '2018-01-16 21:00:00', 3),
(43, '2018-01-02 21:00:00', 4),
(44, '2018-01-03 21:00:00', 4),
(45, '2018-01-04 21:00:00', 4),
(46, '2018-01-05 21:00:00', 4),
(47, '2018-01-08 21:00:00', 4),
(48, '2018-01-09 21:00:00', 4),
(49, '2018-01-10 21:00:00', 4),
(50, '2018-01-12 21:00:00', 4),
(51, '2018-01-13 21:00:00', 4),
(52, '2018-01-14 21:00:00', 4),
(53, '2018-01-15 21:00:00', 4),
(54, '2018-01-16 21:00:00', 4),
(55, '2018-01-02 21:00:00', 5),
(56, '2018-01-03 21:00:00', 5),
(57, '2018-01-04 21:00:00', 5),
(58, '2018-01-05 21:00:00', 5),
(59, '2018-01-06 21:00:00', 5),
(60, '2018-01-07 21:00:00', 5),
(61, '2018-01-08 21:00:00', 5),
(62, '2018-01-09 21:00:00', 5),
(63, '2018-01-10 21:00:00', 5),
(64, '2018-01-12 21:00:00', 5),
(65, '2018-01-13 21:00:00', 5),
(66, '2018-01-14 21:00:00', 5),
(67, '2018-01-15 21:00:00', 5),
(68, '2018-01-02 21:00:00', 6),
(69, '2018-01-03 21:00:00', 6),
(70, '2018-01-04 21:00:00', 6),
(71, '2018-01-05 21:00:00', 6),
(72, '2018-01-06 21:00:00', 6),
(73, '2018-01-07 21:00:00', 6),
(74, '2018-01-08 21:00:00', 6),
(75, '2018-01-09 21:00:00', 6),
(76, '2018-01-10 21:00:00', 6),
(77, '2018-01-12 21:00:00', 6),
(78, '2018-01-13 21:00:00', 6),
(79, '2018-01-14 21:00:00', 6),
(80, '2018-01-15 21:00:00', 6),
(81, '2018-01-16 21:00:00', 6),
(82, '2018-01-02 21:00:00', 7),
(83, '2018-01-03 21:00:00', 7),
(84, '2018-01-04 21:00:00', 7),
(85, '2018-01-05 21:00:00', 7),
(86, '2018-01-06 21:00:00', 7),
(87, '2018-01-07 21:00:00', 7),
(88, '2018-01-08 21:00:00', 7),
(89, '2018-01-10 21:00:00', 7),
(90, '2018-01-12 21:00:00', 7),
(91, '2018-01-13 21:00:00', 7),
(92, '2018-01-14 21:00:00', 7),
(93, '2018-01-17 21:00:00', 1),
(94, '2018-01-17 21:00:00', 6),
(95, '2018-01-17 21:00:00', 3),
(96, '2018-01-17 21:00:00', 4),
(97, '2018-01-18 21:00:00', 4),
(98, '2018-01-18 21:00:00', 5),
(99, '2018-01-18 21:00:00', 6),
(100, '2018-01-18 21:00:00', 1),
(101, '2018-01-18 21:00:00', 3),
(102, '2018-01-22 21:00:00', 6),
(103, '2018-01-22 21:00:00', 3),
(104, '2018-01-22 21:00:00', 1),
(105, '2018-01-22 21:00:00', 4),
(106, '2018-01-22 21:00:00', 5),
(107, '2018-01-24 21:00:00', 6),
(108, '2018-01-24 21:00:00', 3),
(109, '2018-01-24 21:00:00', 1),
(110, '2018-01-24 21:00:00', 4),
(111, '2018-01-24 21:00:00', 7),
(112, '2018-01-24 21:00:00', 5),
(113, '2018-01-25 21:00:00', 1),
(114, '2018-01-25 21:00:00', 6),
(115, '2018-01-25 21:00:00', 3),
(116, '2018-01-25 21:00:00', 4),
(117, '2018-01-25 21:00:00', 7),
(118, '2018-01-25 21:00:00', 5),
(119, '2018-01-26 21:00:00', 1),
(120, '2018-01-26 21:00:00', 6),
(121, '2018-01-26 21:00:00', 4),
(122, '2018-01-26 21:00:00', 7),
(123, '2018-01-26 21:00:00', 5),
(124, '2018-01-26 21:00:00', 3),
(125, '2018-01-27 21:00:00', 1),
(126, '2018-01-27 21:00:00', 3),
(127, '2018-01-27 21:00:00', 6),
(128, '2018-01-27 21:00:00', 5),
(129, '2018-01-27 21:00:00', 7),
(130, '2018-01-27 21:00:00', 4),
(131, '2018-01-28 21:00:00', 3),
(132, '2018-01-28 21:00:00', 6),
(133, '2018-01-28 21:00:00', 1),
(134, '2018-01-28 21:00:00', 4),
(135, '2018-01-28 21:00:00', 4),
(136, '2018-01-28 21:00:00', 5),
(137, '2018-01-28 21:00:00', 7),
(138, '2018-01-29 21:00:00', 6),
(139, '2018-01-29 21:00:00', 3),
(140, '2018-01-29 21:00:00', 1),
(141, '2018-01-29 21:00:00', 4),
(142, '2018-01-29 21:00:00', 5),
(143, '2018-01-29 21:00:00', 7),
(144, '2018-01-30 21:00:00', 6),
(145, '2018-01-30 21:00:00', 3),
(146, '2018-01-30 21:00:00', 1),
(147, '2018-01-30 21:00:00', 4),
(148, '2018-01-30 21:00:00', 7),
(149, '2018-01-30 21:00:00', 5),
(150, '2018-01-31 21:00:00', 6),
(151, '2018-02-01 21:00:00', 6),
(152, '2018-01-31 21:00:00', 3),
(153, '2018-02-01 21:00:00', 3),
(154, '2018-01-31 21:00:00', 1),
(155, '2018-02-01 21:00:00', 1),
(156, '2018-01-31 21:00:00', 4),
(157, '2018-02-01 21:00:00', 4),
(158, '2018-01-31 21:00:00', 7),
(159, '2018-02-01 21:00:00', 7),
(160, '2018-01-31 21:00:00', 5),
(161, '2018-02-01 21:00:00', 5),
(162, '2018-02-02 21:00:00', 4),
(163, '2018-02-02 21:00:00', 7),
(164, '2018-02-02 21:00:00', 5),
(165, '2018-02-02 21:00:00', 6),
(166, '2018-02-02 21:00:00', 1),
(167, '2018-02-02 21:00:00', 3),
(168, '2018-02-03 21:00:00', 7),
(169, '2018-02-03 21:00:00', 5),
(170, '2018-02-03 21:00:00', 6),
(171, '2018-02-03 21:00:00', 1),
(172, '2018-02-03 21:00:00', 3),
(173, '2018-02-04 21:00:00', 4),
(174, '2018-02-04 21:00:00', 7),
(175, '2018-02-04 21:00:00', 5),
(176, '2018-02-04 21:00:00', 6),
(177, '2018-02-04 21:00:00', 1),
(178, '2018-02-04 21:00:00', 3),
(179, '2018-02-05 21:00:00', 4),
(180, '2018-02-05 21:00:00', 7),
(181, '2018-02-05 21:00:00', 5),
(182, '2018-02-05 21:00:00', 6),
(183, '2018-02-05 21:00:00', 1),
(184, '2018-02-05 21:00:00', 3),
(185, '2018-02-06 21:00:00', 6),
(186, '2018-02-06 21:00:00', 1),
(187, '2018-02-06 21:00:00', 3),
(188, '2018-02-06 21:00:00', 4),
(189, '2018-02-06 21:00:00', 7),
(190, '2018-02-06 21:00:00', 5),
(191, '2018-02-07 21:00:00', 4),
(192, '2018-02-07 21:00:00', 7),
(193, '2018-02-07 21:00:00', 5),
(194, '2018-02-07 21:00:00', 6),
(195, '2018-02-07 21:00:00', 1),
(196, '2018-02-07 21:00:00', 3),
(197, '2018-02-08 21:00:00', 6),
(198, '2018-02-08 21:00:00', 1),
(199, '2018-02-08 21:00:00', 3),
(200, '2018-02-08 21:00:00', 4),
(201, '2018-02-08 21:00:00', 7),
(202, '2018-02-08 21:00:00', 5),
(203, '2018-02-09 21:00:00', 6),
(204, '2018-02-09 21:00:00', 1),
(205, '2018-02-09 21:00:00', 3),
(206, '2018-02-09 21:00:00', 5),
(207, '2018-02-10 21:00:00', 7),
(208, '2018-02-10 21:00:00', 5),
(209, '2018-02-10 21:00:00', 6),
(210, '2018-02-10 21:00:00', 1),
(211, '2018-02-10 21:00:00', 3),
(212, '2018-02-11 21:00:00', 1),
(213, '2018-02-11 21:00:00', 4),
(214, '2018-02-11 21:00:00', 5),
(215, '2018-02-11 21:00:00', 6),
(216, '2018-02-11 21:00:00', 7),
(217, '2018-02-12 21:00:00', 1),
(218, '2018-02-13 21:00:00', 1),
(219, '2018-02-12 21:00:00', 3),
(220, '2018-02-13 21:00:00', 3),
(221, '2018-02-12 21:00:00', 4),
(222, '2018-02-14 21:00:00', 4),
(223, '2018-02-12 21:00:00', 5),
(224, '2018-02-13 21:00:00', 5),
(225, '2018-02-12 21:00:00', 6),
(226, '2018-02-13 21:00:00', 6),
(227, '2018-02-12 21:00:00', 7),
(228, '2018-02-13 21:00:00', 7),
(229, '2018-02-16 21:00:00', 1),
(230, '2018-02-16 21:00:00', 4),
(231, '2018-02-16 21:00:00', 5),
(232, '2018-02-16 21:00:00', 6),
(233, '2018-02-16 21:00:00', 7),
(234, '2018-02-17 21:00:00', 1),
(235, '2018-02-17 21:00:00', 3),
(236, '2018-02-17 21:00:00', 4),
(237, '2018-02-17 21:00:00', 5),
(238, '2018-02-17 21:00:00', 6),
(239, '2018-02-17 21:00:00', 7),
(240, '2018-02-18 21:00:00', 1),
(241, '2018-02-18 21:00:00', 3),
(242, '2018-02-18 21:00:00', 4),
(243, '2018-02-18 21:00:00', 5),
(244, '2018-02-18 21:00:00', 6),
(245, '2018-02-18 21:00:00', 7),
(246, '2018-02-19 21:00:00', 1),
(247, '2018-02-19 21:00:00', 3),
(248, '2018-02-19 21:00:00', 4),
(249, '2018-02-19 21:00:00', 5),
(250, '2018-02-19 21:00:00', 6),
(251, '2018-02-19 21:00:00', 7),
(252, '2018-02-20 21:00:00', 1),
(253, '2018-02-21 21:00:00', 1),
(254, '2018-02-20 21:00:00', 3),
(255, '2018-02-21 21:00:00', 3),
(256, '2018-02-20 21:00:00', 4),
(257, '2018-02-21 21:00:00', 4),
(258, '2018-02-20 21:00:00', 5),
(259, '2018-02-21 21:00:00', 5),
(260, '2018-02-20 21:00:00', 6),
(261, '2018-02-21 21:00:00', 6),
(262, '2018-02-20 21:00:00', 7),
(263, '2018-02-21 21:00:00', 7),
(264, '2018-02-22 21:00:00', 1),
(265, '2018-02-22 21:00:00', 3),
(266, '2018-02-22 21:00:00', 4),
(267, '2018-02-22 21:00:00', 5),
(268, '2018-02-22 21:00:00', 6),
(269, '2018-02-22 21:00:00', 7),
(270, '2018-02-23 21:00:00', 1),
(271, '2018-02-23 21:00:00', 3),
(272, '2018-02-23 21:00:00', 4),
(273, '2018-02-23 21:00:00', 5),
(274, '2018-02-23 21:00:00', 6),
(275, '2018-02-23 21:00:00', 7),
(276, '2018-02-24 21:00:00', 1),
(277, '2018-02-24 21:00:00', 3),
(278, '2018-02-24 21:00:00', 4),
(279, '2018-02-24 21:00:00', 5),
(280, '2018-02-26 21:00:00', 6),
(281, '2018-02-24 21:00:00', 7),
(282, '2018-02-25 21:00:00', 1),
(283, '2018-02-25 21:00:00', 3),
(284, '2018-02-25 21:00:00', 4),
(285, '2018-02-25 21:00:00', 5),
(286, '2018-02-25 21:00:00', 6),
(287, '2018-02-25 21:00:00', 7),
(288, '2018-02-26 21:00:00', 1),
(289, '2018-02-26 21:00:00', 3),
(290, '2018-02-26 21:00:00', 4),
(291, '2018-02-26 21:00:00', 5),
(292, '2018-02-26 21:00:00', 6),
(293, '2018-02-26 21:00:00', 7),
(294, '2018-02-27 21:00:00', 1),
(295, '2018-02-27 21:00:00', 3),
(296, '2018-02-27 21:00:00', 4),
(297, '2018-02-27 21:00:00', 5),
(298, '2018-02-27 21:00:00', 6),
(299, '2018-02-27 21:00:00', 7),
(300, '2018-02-28 21:00:00', 1),
(301, '2018-02-28 21:00:00', 3),
(302, '2018-02-28 21:00:00', 4),
(303, '2018-02-28 21:00:00', 5),
(304, '2018-03-01 21:00:00', 6),
(305, '2018-02-28 21:00:00', 7),
(306, '2018-03-01 21:00:00', 1),
(307, '2018-03-01 21:00:00', 3),
(308, '2018-03-01 21:00:00', 4),
(309, '2018-03-01 21:00:00', 5),
(310, '2018-03-01 21:00:00', 6),
(311, '2018-03-01 21:00:00', 7),
(312, '2018-03-02 21:00:00', 1),
(313, '2018-03-03 21:00:00', 1),
(314, '2018-03-02 21:00:00', 3),
(315, '2018-03-03 21:00:00', 3),
(316, '2018-03-02 21:00:00', 4),
(317, '2018-03-02 21:00:00', 5),
(318, '2018-03-03 21:00:00', 5),
(319, '2018-03-02 21:00:00', 6),
(320, '2018-03-03 21:00:00', 6),
(321, '2018-03-02 21:00:00', 7),
(322, '2018-03-03 21:00:00', 7),
(323, '2018-03-04 21:00:00', 1),
(324, '2018-03-04 21:00:00', 3),
(325, '2018-03-04 21:00:00', 4),
(326, '2018-03-04 21:00:00', 5),
(327, '2018-03-04 21:00:00', 6),
(328, '2018-03-04 21:00:00', 7),
(329, '2018-03-05 21:00:00', 4),
(330, '2018-03-05 21:00:00', 7),
(331, '2018-03-05 21:00:00', 6),
(332, '2018-03-05 21:00:00', 1),
(333, '2018-03-05 21:00:00', 3),
(334, '2018-03-08 21:00:00', 1),
(335, '2018-03-07 21:00:00', 1),
(336, '2018-03-06 21:00:00', 3),
(337, '2018-03-07 21:00:00', 3),
(338, '2018-03-06 21:00:00', 4),
(339, '2018-03-07 21:00:00', 4),
(340, '2018-03-06 21:00:00', 5),
(341, '2018-03-07 21:00:00', 5),
(342, '2018-03-06 21:00:00', 6),
(343, '2018-03-06 21:00:00', 7),
(344, '2018-03-07 21:00:00', 7),
(345, '2018-03-09 21:00:00', 1),
(346, '2018-03-10 21:00:00', 1),
(347, '2018-03-08 21:00:00', 3),
(348, '2018-03-09 21:00:00', 3),
(349, '2018-03-10 21:00:00', 3),
(350, '2018-03-08 21:00:00', 4),
(351, '2018-03-09 21:00:00', 4),
(352, '2018-03-08 21:00:00', 5),
(353, '2018-03-09 21:00:00', 5),
(354, '2018-03-10 21:00:00', 5),
(355, '2018-03-08 21:00:00', 6),
(356, '2018-03-09 21:00:00', 6),
(357, '2018-03-10 21:00:00', 6),
(358, '2018-03-11 21:00:00', 1),
(359, '2018-03-11 21:00:00', 3),
(360, '2018-03-11 21:00:00', 4),
(361, '2018-03-11 21:00:00', 5),
(362, '2018-03-11 21:00:00', 6),
(363, '2018-03-12 21:00:00', 1),
(364, '2018-03-12 21:00:00', 3),
(365, '2018-03-12 21:00:00', 4),
(366, '2018-03-12 21:00:00', 5),
(367, '2018-03-12 21:00:00', 6),
(368, '2018-03-13 21:00:00', 1),
(369, '2018-03-13 21:00:00', 3),
(370, '2018-03-13 21:00:00', 4),
(371, '2018-03-13 21:00:00', 5),
(372, '2018-03-13 21:00:00', 6),
(373, '2018-03-13 21:00:00', 7),
(374, '2018-03-14 21:00:00', 1),
(375, '2018-03-14 21:00:00', 3),
(376, '2018-03-14 21:00:00', 4),
(377, '2018-03-14 21:00:00', 5),
(378, '2018-03-14 21:00:00', 6),
(379, '2018-03-14 21:00:00', 7),
(380, '2018-03-15 21:00:00', 1),
(381, '2018-03-16 21:00:00', 1),
(382, '2018-03-17 21:00:00', 1),
(383, '2018-03-15 21:00:00', 3),
(384, '2018-03-16 21:00:00', 3),
(385, '2018-03-17 21:00:00', 3),
(386, '2018-03-15 21:00:00', 4),
(387, '2018-03-16 21:00:00', 4),
(388, '2018-03-17 21:00:00', 4),
(389, '2018-03-15 21:00:00', 5),
(390, '2018-03-16 21:00:00', 5),
(391, '2018-03-17 21:00:00', 5),
(392, '2018-03-15 21:00:00', 6),
(393, '2018-03-16 21:00:00', 6),
(394, '2018-03-17 21:00:00', 6),
(395, '2018-03-15 21:00:00', 7),
(396, '2018-03-16 21:00:00', 7),
(397, '2018-03-17 21:00:00', 7),
(398, '2018-03-18 21:00:00', 1),
(399, '2018-03-18 21:00:00', 3),
(400, '2018-03-18 21:00:00', 4),
(401, '2018-03-18 21:00:00', 5),
(402, '2018-03-18 21:00:00', 6),
(403, '2018-03-18 21:00:00', 7),
(404, '2018-03-19 21:00:00', 1),
(405, '2018-03-19 21:00:00', 3),
(406, '2018-03-19 21:00:00', 4),
(407, '2018-03-19 21:00:00', 5),
(408, '2018-03-19 21:00:00', 6),
(409, '2018-03-19 21:00:00', 7),
(410, '2018-03-20 21:00:00', 5),
(411, '2018-03-20 21:00:00', 6),
(412, '2018-03-20 21:00:00', 1),
(413, '2018-03-21 21:00:00', 1),
(414, '2018-03-21 21:00:00', 3),
(415, '2018-03-21 21:00:00', 4),
(416, '2018-03-21 21:00:00', 6),
(417, '2018-03-21 21:00:00', 7),
(418, '2018-03-22 21:00:00', 1),
(419, '2018-03-23 21:00:00', 1),
(420, '2018-03-22 21:00:00', 3),
(421, '2018-03-23 21:00:00', 3),
(422, '2018-03-22 21:00:00', 4),
(423, '2018-03-23 21:00:00', 4),
(424, '2018-03-22 21:00:00', 5),
(425, '2018-03-23 21:00:00', 5),
(426, '2018-03-22 21:00:00', 6),
(427, '2018-03-23 21:00:00', 6),
(428, '2018-03-22 21:00:00', 7),
(429, '2018-03-23 21:00:00', 7),
(430, '2018-03-24 21:00:00', 3),
(431, '2018-03-24 21:00:00', 4),
(432, '2018-03-24 21:00:00', 5),
(433, '2018-03-24 21:00:00', 6),
(434, '2018-03-24 21:00:00', 7),
(435, '2018-03-25 21:00:00', 1),
(436, '2018-03-25 21:00:00', 3),
(437, '2018-03-25 21:00:00', 4),
(438, '2018-03-25 21:00:00', 5),
(439, '2018-03-25 21:00:00', 6),
(440, '2018-03-25 21:00:00', 7),
(441, '2018-03-26 21:00:00', 1),
(442, '2018-03-26 21:00:00', 3),
(443, '2018-03-26 21:00:00', 4),
(444, '2018-03-26 21:00:00', 5),
(445, '2018-03-26 21:00:00', 6),
(446, '2018-03-26 21:00:00', 7),
(447, '2018-03-27 21:00:00', 1),
(448, '2018-03-27 21:00:00', 3),
(449, '2018-03-27 21:00:00', 4),
(450, '2018-03-27 21:00:00', 5),
(451, '2018-03-27 21:00:00', 6),
(452, '2018-03-27 21:00:00', 7),
(453, '2018-03-28 21:00:00', 1),
(454, '2018-03-28 21:00:00', 3),
(455, '2018-03-28 21:00:00', 4),
(456, '2018-03-28 21:00:00', 5),
(457, '2018-03-28 21:00:00', 6),
(458, '2018-03-28 21:00:00', 7),
(459, '2018-03-29 21:00:00', 1),
(460, '2018-03-30 21:00:00', 1),
(461, '2018-03-29 21:00:00', 3),
(462, '2018-03-30 21:00:00', 3),
(463, '2018-03-29 21:00:00', 4),
(464, '2018-03-30 21:00:00', 4),
(465, '2018-03-29 21:00:00', 5),
(466, '2018-03-30 21:00:00', 5),
(467, '2018-03-29 21:00:00', 6),
(468, '2018-03-30 21:00:00', 6),
(469, '2018-03-29 21:00:00', 7),
(470, '2018-03-30 21:00:00', 7),
(471, '2018-03-31 21:00:00', 1),
(472, '2018-04-01 21:00:00', 1),
(473, '2018-04-02 21:00:00', 1),
(474, '2018-03-31 21:00:00', 3),
(475, '2018-04-01 21:00:00', 3),
(476, '2018-04-02 21:00:00', 3),
(477, '2018-04-01 21:00:00', 4),
(478, '2018-04-02 21:00:00', 4),
(479, '2018-03-31 21:00:00', 5),
(480, '2018-04-01 21:00:00', 5),
(481, '2018-04-02 21:00:00', 5),
(482, '2018-03-31 21:00:00', 6),
(483, '2018-04-01 21:00:00', 6),
(484, '2018-04-02 21:00:00', 6),
(485, '2018-03-31 21:00:00', 7),
(486, '2018-04-01 21:00:00', 7),
(487, '2018-04-02 21:00:00', 7),
(488, '2018-04-03 21:00:00', 1),
(489, '2018-04-04 21:00:00', 1),
(490, '2018-04-03 21:00:00', 3),
(491, '2018-04-04 21:00:00', 3),
(492, '2018-04-03 21:00:00', 4),
(493, '2018-04-04 21:00:00', 4),
(494, '2018-04-03 21:00:00', 5),
(495, '2018-04-04 21:00:00', 5),
(496, '2018-04-03 21:00:00', 6),
(497, '2018-04-04 21:00:00', 6),
(498, '2018-04-05 21:00:00', 1),
(499, '2018-04-06 21:00:00', 1),
(500, '2018-04-05 21:00:00', 3),
(501, '2018-04-06 21:00:00', 3),
(502, '2018-04-05 21:00:00', 4),
(503, '2018-04-06 21:00:00', 4),
(504, '2018-04-05 21:00:00', 5),
(505, '2018-04-06 21:00:00', 5),
(506, '2018-04-05 21:00:00', 6),
(507, '2018-04-06 21:00:00', 6),
(508, '2018-04-05 21:00:00', 7),
(509, '2018-04-06 21:00:00', 7),
(510, '2018-04-07 21:00:00', 1),
(511, '2018-04-08 21:00:00', 1),
(512, '2018-04-07 21:00:00', 3),
(513, '2018-04-08 21:00:00', 3),
(514, '2018-04-07 21:00:00', 4),
(515, '2018-04-08 21:00:00', 4),
(516, '2018-04-07 21:00:00', 5),
(517, '2018-04-07 21:00:00', 6),
(518, '2018-04-08 21:00:00', 6),
(519, '2018-04-07 21:00:00', 7),
(520, '2018-04-08 21:00:00', 7);

-- --------------------------------------------------------

--
-- Структура таблицы `sawmill`
--

CREATE TABLE IF NOT EXISTS `sawmill` (
  `id` tinyint(3) UNSIGNED NOT NULL AUTO_INCREMENT,
  `name` varchar(64) NOT NULL,
  PRIMARY KEY (`id`)
) ENGINE=InnoDB AUTO_INCREMENT=8 DEFAULT CHARSET=utf8;

--
-- Дамп данных таблицы `sawmill`
--

INSERT INTO `sawmill` (`id`, `name`) VALUES
(1, '五号锯ван王'),
(3, '六号锯ЧАН 张锯房出材表'),
(4, '一号锯Чжоу周'),
(5, '三号锯Юэ岳'),
(6, '四号锯МА马'),
(7, '二号锯Лю刘');

-- --------------------------------------------------------

--
-- Структура таблицы `saw_china`
--

CREATE TABLE IF NOT EXISTS `saw_china` (
  `china_id` smallint(5) UNSIGNED NOT NULL,
  `saw_id` int(10) UNSIGNED NOT NULL,
  PRIMARY KEY (`china_id`,`saw_id`)
) ENGINE=InnoDB DEFAULT CHARSET=utf8;

-- --------------------------------------------------------

--
-- Структура таблицы `saw_plank`
--

CREATE TABLE IF NOT EXISTS `saw_plank` (
  `saw_id` int(10) UNSIGNED NOT NULL,
  `plank_id` tinyint(3) UNSIGNED NOT NULL,
  `cubage` float NOT NULL,
  PRIMARY KEY (`saw_id`,`plank_id`)
) ENGINE=InnoDB DEFAULT CHARSET=utf8;

--
-- Дамп данных таблицы `saw_plank`
--

INSERT INTO `saw_plank` (`saw_id`, `plank_id`, `cubage`) VALUES
(14, 1, 1),
(14, 2, 1),
(14, 3, 1),
(14, 4, 1),
(14, 5, 1),
(14, 6, 1),
(14, 7, 1),
(14, 8, 1),
(14, 9, 1),
(14, 10, 1),
(14, 11, 1),
(15, 2, 3),
(15, 6, 7.2),
(15, 8, 3),
(16, 2, 3),
(16, 6, 4.8),
(16, 8, 3),
(17, 1, 3),
(17, 2, 6),
(17, 6, 7.2),
(18, 2, 3),
(18, 6, 5.7),
(18, 8, 3),
(19, 1, 3),
(19, 2, 3),
(19, 6, 4.8),
(20, 2, 3),
(20, 6, 7.2),
(20, 8, 3),
(21, 2, 6),
(21, 6, 7.2),
(21, 7, 3),
(22, 2, 6),
(22, 6, 7.2),
(22, 7, 3),
(23, 1, 3),
(23, 2, 3),
(23, 6, 7.2),
(24, 2, 6),
(24, 6, 7.2),
(24, 7, 3),
(25, 2, 6),
(25, 6, 7.2),
(26, 1, 3),
(26, 2, 3),
(26, 6, 7.2),
(26, 7, 3),
(27, 2, 6),
(27, 3, 7.2),
(27, 7, 3),
(28, 2, 3),
(28, 6, 4.8),
(29, 2, 6),
(29, 3, 5.7),
(29, 8, 3),
(30, 2, 6),
(30, 3, 3.8),
(30, 8, 3),
(31, 1, 3),
(31, 2, 3),
(31, 3, 5.7),
(31, 8, 6),
(32, 2, 3),
(32, 3, 5.7),
(32, 8, 3),
(33, 2, 3),
(33, 3, 5.7),
(33, 8, 3),
(34, 1, 3),
(34, 2, 6),
(34, 3, 3.8),
(34, 8, 3),
(35, 2, 3),
(35, 3, 5.7),
(35, 7, 3),
(36, 2, 6),
(36, 3, 7.6),
(37, 1, 3),
(37, 2, 3),
(37, 3, 5.7),
(37, 7, 3),
(38, 2, 9),
(38, 3, 7.6),
(38, 7, 3),
(39, 2, 6),
(39, 3, 5.7),
(40, 1, 3),
(40, 2, 3),
(40, 3, 7.6),
(40, 7, 3),
(41, 2, 3),
(41, 3, 5.7),
(41, 7, 6),
(42, 2, 6),
(42, 3, 7.6),
(42, 7, 3),
(43, 2, 3),
(43, 3, 9),
(43, 8, 3),
(44, 2, 6),
(44, 3, 6),
(44, 8, 3),
(45, 1, 3),
(45, 2, 6),
(45, 3, 6),
(45, 8, 3),
(46, 2, 6),
(46, 3, 9),
(47, 1, 3),
(47, 2, 3),
(47, 3, 9),
(47, 7, 3),
(47, 8, 3),
(48, 2, 6),
(48, 7, 3),
(49, 2, 3),
(49, 3, 12),
(49, 7, 6),
(50, 1, 3),
(50, 2, 6),
(50, 3, 6),
(50, 7, 3),
(51, 2, 3),
(51, 3, 9),
(51, 7, 3),
(52, 2, 6),
(52, 3, 6),
(52, 7, 6),
(53, 1, 3),
(53, 2, 3),
(53, 3, 12),
(53, 7, 6),
(54, 2, 3),
(54, 3, 6),
(54, 7, 3),
(55, 2, 6),
(55, 3, 3),
(55, 8, 3),
(56, 1, 3),
(56, 2, 3),
(56, 3, 6),
(56, 8, 3),
(57, 2, 3),
(57, 3, 6),
(57, 8, 6),
(58, 2, 9),
(58, 3, 6),
(58, 8, 3),
(59, 1, 3),
(59, 2, 6),
(59, 3, 6),
(59, 8, 3),
(60, 2, 3),
(60, 3, 3),
(60, 7, 3),
(61, 2, 6),
(61, 3, 9),
(62, 2, 6),
(62, 3, 6),
(62, 7, 3),
(63, 1, 3),
(63, 2, 6),
(63, 3, 6),
(63, 7, 3),
(64, 2, 6),
(64, 3, 6),
(65, 2, 6),
(65, 3, 6),
(65, 7, 3),
(66, 2, 6),
(66, 3, 6),
(66, 7, 3),
(67, 2, 6),
(67, 3, 6),
(68, 2, 6),
(68, 3, 3.8),
(68, 8, 6),
(69, 1, 3),
(69, 2, 6),
(69, 3, 3.8),
(69, 8, 6),
(70, 2, 6),
(70, 3, 3.8),
(70, 8, 6),
(71, 2, 3),
(71, 3, 3.8),
(71, 8, 6),
(72, 1, 3),
(72, 2, 3),
(72, 3, 3.8),
(72, 8, 6),
(73, 2, 3),
(73, 3, 7.6),
(73, 8, 3),
(74, 2, 6),
(74, 3, 7.6),
(74, 7, 3),
(75, 1, 3),
(75, 2, 9),
(75, 3, 7.6),
(75, 7, 3),
(76, 2, 3),
(76, 3, 7.6),
(76, 7, 3),
(77, 2, 3),
(77, 3, 7.6),
(77, 7, 6),
(78, 1, 3),
(78, 2, 6),
(78, 3, 7.6),
(78, 7, 3),
(79, 3, 5.7),
(79, 7, 3),
(80, 2, 6),
(80, 3, 7.6),
(80, 7, 6),
(81, 2, 3),
(81, 3, 7.6),
(81, 7, 3),
(82, 2, 3),
(82, 3, 9),
(82, 8, 3),
(83, 1, 3),
(83, 2, 6),
(83, 3, 3),
(83, 8, 3),
(84, 2, 3),
(84, 3, 6),
(84, 8, 3),
(85, 2, 6),
(85, 3, 6),
(85, 8, 3),
(86, 2, 3),
(86, 3, 3),
(87, 2, 3),
(87, 3, 6),
(87, 8, 3),
(88, 1, 3),
(88, 2, 6),
(88, 3, 6),
(89, 2, 3),
(89, 3, 9),
(89, 7, 3),
(90, 2, 3),
(90, 3, 6),
(91, 2, 6),
(91, 3, 6),
(91, 7, 3),
(92, 1, 3),
(92, 2, 3),
(92, 3, 6),
(93, 1, 5),
(93, 2, 3),
(93, 3, 8.7),
(93, 7, 3),
(94, 1, 3),
(94, 2, 3),
(94, 3, 1),
(94, 7, 2.3),
(94, 12, 5),
(95, 2, 4),
(95, 3, 1.5),
(95, 7, 1),
(95, 12, 5),
(96, 2, 6),
(96, 3, 6),
(96, 7, 3),
(97, 1, 3),
(97, 2, 3),
(97, 3, 9),
(98, 2, 6),
(98, 3, 6),
(98, 7, 6),
(99, 12, 12),
(100, 2, 3),
(100, 3, 3.8),
(101, 12, 12),
(102, 12, 9),
(103, 12, 9),
(104, 2, 3),
(104, 3, 5.7),
(105, 2, 3),
(105, 3, 9),
(105, 7, 6),
(106, 1, 3),
(106, 3, 6),
(106, 7, 6),
(107, 12, 8),
(108, 12, 8),
(109, 2, 3),
(109, 3, 3.8),
(109, 7, 3),
(110, 2, 3),
(110, 3, 6),
(110, 7, 3),
(111, 3, 3),
(111, 7, 3),
(112, 2, 3),
(112, 3, 3),
(112, 7, 3),
(113, 3, 3.8),
(113, 7, 3),
(114, 12, 8),
(115, 12, 8),
(116, 3, 6),
(116, 7, 6),
(117, 2, 3),
(117, 3, 6),
(118, 1, 3),
(118, 2, 6),
(118, 3, 6),
(118, 7, 3),
(119, 2, 6),
(119, 6, 5.7),
(119, 7, 3),
(120, 12, 9),
(120, 13, 7),
(121, 1, 3),
(121, 2, 3),
(121, 3, 6),
(121, 7, 3),
(122, 2, 3),
(122, 3, 3),
(122, 7, 3),
(123, 2, 6),
(123, 3, 6),
(123, 7, 3),
(124, 12, 9),
(124, 13, 7),
(125, 1, 3),
(125, 6, 5.7),
(125, 7, 6),
(126, 12, 11),
(127, 12, 11),
(128, 2, 6),
(128, 3, 6),
(128, 7, 3),
(129, 2, 3),
(129, 3, 9),
(129, 7, 6),
(130, 2, 3),
(130, 3, 12),
(130, 7, 6),
(131, 12, 10),
(131, 13, 1.78),
(132, 12, 10),
(132, 13, 1.78),
(133, 2, 3),
(133, 3, 3.8),
(133, 7, 3),
(134, 2, 3),
(134, 3, 6),
(135, 2, 3),
(135, 3, 6),
(135, 7, 3),
(136, 2, 3),
(136, 3, 6),
(136, 7, 3),
(137, 2, 3),
(137, 3, 6),
(138, 12, 12),
(138, 13, 1.78),
(139, 12, 12),
(139, 13, 1.78),
(140, 2, 3),
(140, 6, 5.7),
(140, 7, 6),
(141, 1, 3),
(141, 2, 9),
(141, 3, 6),
(141, 7, 3),
(142, 2, 3),
(142, 3, 6),
(142, 7, 6),
(143, 2, 3),
(143, 3, 6),
(143, 7, 6),
(144, 12, 14),
(144, 13, 1.78),
(144, 14, 1.32),
(145, 12, 14),
(145, 13, 1.78),
(145, 14, 1.32),
(146, 6, 5.7),
(146, 7, 9),
(147, 2, 6),
(147, 3, 9),
(147, 7, 3),
(148, 1, 3),
(148, 3, 6),
(148, 7, 3),
(149, 2, 6),
(149, 3, 6),
(149, 7, 6),
(150, 12, 7),
(150, 13, 1.78),
(151, 12, 11),
(151, 13, 1.78),
(151, 14, 0.66),
(151, 15, 0.59),
(152, 12, 7),
(152, 13, 1.78),
(153, 12, 11),
(153, 13, 1.78),
(153, 14, 0.66),
(153, 15, 0.59),
(154, 2, 3),
(154, 6, 5.7),
(154, 7, 3),
(155, 2, 3),
(155, 6, 5.7),
(155, 7, 6),
(156, 2, 3),
(156, 3, 6),
(156, 7, 6),
(157, 2, 3),
(157, 3, 12),
(157, 7, 3),
(158, 2, 3),
(158, 3, 3),
(158, 7, 3),
(159, 2, 3),
(159, 3, 6),
(159, 7, 3),
(160, 1, 3),
(160, 2, 3),
(160, 3, 3),
(160, 7, 3),
(161, 2, 3),
(161, 3, 6),
(161, 7, 3),
(162, 1, 3),
(162, 2, 6),
(162, 3, 9),
(162, 7, 3),
(163, 2, 3),
(163, 3, 9),
(163, 7, 3),
(164, 2, 6),
(164, 3, 6),
(164, 7, 6),
(165, 3, 2.85),
(165, 12, 18),
(165, 14, 1.32),
(166, 1, 3),
(166, 2, 3),
(166, 6, 5.7),
(166, 7, 6),
(167, 3, 2.85),
(167, 7, 3),
(167, 12, 18),
(167, 14, 1.32),
(168, 2, 3),
(168, 3, 6),
(168, 7, 3),
(169, 2, 6),
(169, 3, 6),
(169, 7, 3),
(170, 2, 3),
(170, 6, 7.6),
(170, 7, 6),
(171, 2, 3),
(171, 6, 7.6),
(171, 7, 3),
(172, 12, 18),
(173, 2, 3),
(173, 3, 6),
(173, 7, 3),
(174, 1, 3),
(174, 3, 3),
(174, 7, 6),
(175, 3, 6),
(175, 7, 9),
(176, 2, 3),
(176, 3, 9),
(176, 7, 9),
(177, 2, 3),
(177, 3, 12),
(177, 7, 6),
(178, 12, 8),
(179, 2, 3),
(179, 3, 9),
(179, 7, 9),
(180, 2, 3),
(180, 3, 6),
(180, 7, 3),
(181, 1, 3),
(181, 2, 6),
(181, 3, 3),
(181, 7, 3),
(182, 2, 3),
(182, 6, 7.6),
(182, 7, 6),
(183, 3, 3),
(183, 6, 3.8),
(183, 7, 3),
(184, 13, 1.78),
(184, 15, 1.18),
(185, 2, 3),
(185, 3, 3),
(185, 6, 7.6),
(185, 7, 6),
(186, 2, 6),
(186, 6, 5.7),
(186, 7, 3),
(187, 13, 1.88),
(188, 1, 3),
(188, 2, 3),
(188, 3, 9),
(188, 7, 6),
(189, 2, 3),
(189, 3, 9),
(189, 7, 3),
(190, 2, 3),
(190, 3, 6),
(190, 7, 6),
(191, 2, 3),
(191, 3, 9),
(191, 7, 6),
(192, 2, 3),
(192, 3, 3),
(192, 7, 3),
(193, 2, 6),
(193, 3, 6),
(193, 7, 6),
(194, 1, 3),
(194, 2, 6),
(194, 6, 7.6),
(194, 7, 6),
(195, 2, 3),
(195, 6, 7.6),
(195, 7, 6),
(196, 12, 16),
(196, 13, 1.88),
(196, 14, 1.32),
(197, 2, 3),
(197, 6, 7.6),
(197, 7, 6),
(198, 1, 3),
(198, 2, 3),
(198, 6, 7.6),
(198, 7, 3),
(199, 13, 27.44),
(199, 15, 1.31),
(200, 2, 3),
(200, 3, 6),
(200, 7, 6),
(201, 2, 3),
(201, 3, 9),
(201, 7, 6),
(202, 2, 9),
(202, 3, 6),
(202, 7, 3),
(203, 2, 3),
(203, 6, 7.6),
(203, 7, 3),
(204, 2, 6),
(204, 6, 5.7),
(204, 7, 3),
(205, 13, 17.64),
(206, 1, 3),
(206, 2, 6),
(206, 3, 6),
(206, 7, 3),
(207, 2, 6),
(207, 3, 6),
(207, 7, 3),
(208, 2, 9),
(208, 3, 6),
(208, 7, 3),
(209, 1, 3),
(209, 2, 6),
(209, 6, 7.6),
(209, 7, 3),
(210, 2, 6),
(210, 6, 7.6),
(210, 7, 3),
(211, 13, 27.44),
(211, 15, 1.31),
(212, 2, 3),
(212, 6, 5.7),
(212, 7, 3),
(213, 1, 3),
(213, 2, 3),
(213, 3, 12),
(213, 7, 3),
(214, 2, 3),
(214, 3, 6),
(214, 7, 6),
(215, 2, 9),
(215, 6, 7.6),
(215, 7, 6),
(216, 1, 3),
(216, 3, 6),
(216, 7, 3),
(217, 1, 3),
(217, 2, 3),
(217, 6, 5.7),
(217, 7, 3),
(218, 2, 3),
(218, 6, 3.8),
(218, 7, 3),
(219, 13, 15.68),
(219, 15, 1.31),
(220, 13, 7.84),
(221, 2, 6),
(221, 3, 3),
(221, 7, 6),
(222, 2, 3),
(222, 7, 3),
(223, 2, 9),
(223, 3, 6),
(223, 7, 3),
(224, 2, 3),
(224, 3, 3),
(224, 7, 3),
(225, 6, 5.7),
(225, 7, 3),
(226, 2, 3),
(226, 6, 3.8),
(226, 7, 3),
(227, 2, 6),
(227, 3, 6),
(227, 7, 3),
(228, 3, 3),
(228, 7, 3),
(229, 2, 3),
(229, 6, 7.6),
(229, 7, 3),
(230, 2, 6),
(230, 3, 12),
(230, 7, 3),
(231, 1, 3),
(231, 2, 3),
(231, 3, 3),
(231, 7, 3),
(232, 2, 3),
(232, 6, 7.6),
(232, 7, 6),
(233, 2, 3),
(233, 3, 9),
(233, 7, 3),
(234, 2, 6),
(234, 6, 7.6),
(234, 7, 3),
(235, 2, 3),
(235, 6, 5.7),
(235, 7, 3),
(236, 1, 3),
(236, 2, 3),
(236, 3, 9),
(236, 7, 6),
(237, 2, 3),
(237, 3, 6),
(237, 7, 3),
(238, 2, 3),
(238, 6, 7.6),
(238, 7, 3),
(239, 2, 3),
(239, 3, 9),
(239, 7, 6),
(240, 1, 3),
(240, 2, 3),
(240, 6, 5.7),
(240, 7, 6),
(241, 2, 3),
(241, 6, 5.7),
(241, 7, 3),
(242, 2, 6),
(242, 3, 9),
(242, 7, 6),
(243, 2, 6),
(243, 3, 6),
(243, 7, 3),
(244, 1, 3),
(244, 2, 9),
(244, 6, 5.7),
(244, 7, 6),
(245, 2, 6),
(245, 3, 6),
(245, 7, 3),
(246, 2, 3),
(246, 6, 5.7),
(246, 7, 3),
(247, 2, 3),
(247, 6, 3.8),
(247, 7, 6),
(248, 2, 3),
(248, 3, 9),
(248, 7, 3),
(249, 2, 12),
(249, 3, 6),
(249, 7, 3),
(250, 2, 3),
(250, 6, 5.7),
(250, 7, 6),
(251, 1, 3),
(251, 2, 3),
(251, 3, 6),
(252, 2, 3),
(252, 6, 3.8),
(252, 7, 3),
(253, 2, 6),
(253, 3, 6),
(253, 7, 6),
(254, 1, 3),
(254, 2, 6),
(254, 6, 5.7),
(254, 7, 3),
(255, 2, 6),
(255, 3, 3),
(255, 6, 3.8),
(255, 7, 3),
(256, 2, 3),
(256, 3, 9),
(256, 7, 3),
(257, 1, 3),
(257, 2, 6),
(257, 3, 9),
(257, 7, 6),
(258, 1, 3),
(258, 2, 3),
(258, 3, 6),
(258, 7, 3),
(258, 9, 3),
(259, 2, 6),
(259, 3, 6),
(259, 7, 3),
(260, 2, 3),
(260, 6, 3.8),
(260, 7, 6),
(261, 2, 6),
(261, 3, 6),
(261, 7, 6),
(262, 2, 3),
(262, 3, 6),
(262, 7, 3),
(263, 2, 6),
(263, 3, 6),
(263, 7, 6),
(264, 1, 3),
(264, 2, 3),
(264, 3, 9),
(264, 7, 3),
(265, 2, 6),
(265, 3, 6),
(265, 7, 3),
(266, 2, 3),
(266, 3, 6),
(266, 7, 6),
(267, 2, 6),
(267, 3, 6),
(267, 7, 3),
(268, 1, 3),
(268, 2, 6),
(268, 3, 9),
(268, 7, 3),
(269, 2, 3),
(269, 3, 9),
(269, 7, 3),
(270, 2, 3),
(270, 3, 9),
(270, 7, 3),
(271, 1, 3),
(271, 2, 3),
(271, 3, 6),
(271, 7, 3),
(272, 2, 6),
(272, 3, 12),
(272, 7, 3),
(273, 2, 6),
(273, 3, 6),
(273, 7, 6),
(274, 2, 3),
(274, 3, 6),
(274, 7, 9),
(275, 3, 6),
(275, 7, 6),
(276, 2, 6),
(276, 3, 6),
(277, 2, 6),
(277, 3, 6),
(277, 7, 3),
(278, 1, 3),
(278, 2, 3),
(278, 3, 6),
(278, 7, 3),
(279, 1, 3),
(279, 2, 6),
(279, 3, 6),
(279, 7, 3),
(280, 2, 6),
(280, 3, 6),
(280, 8, 3),
(281, 2, 6),
(281, 3, 6),
(281, 7, 3),
(282, 1, 3),
(282, 2, 3),
(282, 3, 9),
(282, 7, 3),
(283, 2, 3),
(283, 3, 9),
(283, 7, 3),
(284, 2, 3),
(284, 3, 9),
(284, 7, 6),
(285, 2, 6),
(285, 3, 6),
(285, 7, 6),
(286, 1, 3),
(286, 2, 6),
(286, 3, 6),
(286, 7, 3),
(287, 1, 3),
(287, 3, 6),
(287, 7, 3),
(288, 2, 6),
(288, 3, 6),
(288, 7, 3),
(289, 2, 6),
(289, 3, 6),
(289, 7, 3),
(290, 2, 6),
(290, 3, 12),
(290, 7, 3),
(291, 2, 3),
(291, 3, 6),
(291, 7, 3),
(292, 2, 6),
(292, 3, 6),
(292, 7, 3),
(293, 2, 3),
(293, 3, 3),
(293, 7, 3),
(294, 1, 3),
(294, 2, 3),
(294, 3, 6),
(294, 7, 3),
(295, 1, 3),
(295, 2, 3),
(295, 3, 9),
(295, 7, 3),
(296, 1, 3),
(296, 2, 6),
(296, 3, 6),
(296, 7, 3),
(297, 2, 3),
(297, 3, 6),
(297, 7, 6),
(298, 2, 6),
(298, 3, 6),
(298, 7, 6),
(299, 2, 3),
(299, 3, 9),
(299, 7, 3),
(300, 2, 6),
(300, 3, 6),
(300, 7, 3),
(301, 2, 3),
(301, 3, 9),
(301, 7, 3),
(302, 2, 3),
(302, 3, 9),
(302, 7, 3),
(303, 1, 3),
(303, 2, 6),
(303, 3, 6),
(303, 7, 3),
(304, 2, 6),
(304, 3, 9),
(304, 7, 3),
(305, 2, 3),
(305, 3, 3),
(305, 7, 3),
(306, 2, 3),
(306, 3, 9),
(306, 7, 3),
(307, 2, 3),
(307, 3, 3),
(307, 8, 3),
(308, 2, 3),
(308, 3, 12),
(308, 7, 6),
(309, 2, 6),
(309, 3, 3),
(309, 7, 3),
(310, 1, 3),
(310, 2, 3),
(310, 3, 6),
(310, 8, 3),
(311, 1, 3),
(311, 2, 3),
(311, 3, 6),
(311, 7, 3),
(312, 2, 3),
(312, 3, 9),
(312, 8, 3),
(313, 2, 3),
(313, 3, 9),
(313, 8, 3),
(314, 1, 3),
(314, 2, 3),
(314, 3, 9),
(314, 8, 3),
(315, 3, 3),
(315, 8, 3),
(316, 1, 3),
(316, 2, 3),
(316, 3, 9),
(316, 7, 6),
(317, 2, 6),
(317, 3, 9),
(317, 7, 3),
(318, 2, 6),
(318, 3, 6),
(318, 7, 6),
(319, 2, 6),
(319, 3, 6),
(319, 8, 6),
(320, 2, 6),
(320, 3, 6),
(320, 8, 6),
(321, 2, 3),
(321, 3, 6),
(321, 7, 3),
(322, 2, 3),
(322, 3, 6),
(322, 7, 3),
(323, 2, 3),
(323, 3, 6),
(323, 8, 3),
(324, 2, 6),
(324, 3, 12),
(325, 2, 3),
(325, 3, 6),
(325, 7, 3),
(326, 2, 3),
(326, 3, 6),
(326, 7, 3),
(327, 2, 6),
(327, 3, 9),
(327, 8, 3),
(328, 1, 3),
(328, 2, 3),
(328, 3, 9),
(328, 7, 3),
(329, 2, 3),
(329, 3, 9),
(329, 7, 6),
(330, 2, 3),
(330, 3, 3),
(330, 7, 3),
(331, 1, 3),
(331, 2, 6),
(331, 3, 6),
(331, 8, 6),
(332, 2, 6),
(332, 3, 6),
(332, 8, 6),
(333, 2, 6),
(333, 3, 3),
(333, 8, 6),
(334, 1, 3),
(334, 2, 3),
(334, 3, 12),
(334, 8, 3),
(335, 3, 3),
(335, 8, 3),
(336, 1, 3),
(336, 2, 3),
(336, 3, 6),
(336, 8, 3),
(337, 2, 6),
(337, 3, 6),
(337, 8, 3),
(338, 2, 3),
(338, 3, 9),
(339, 1, 3),
(339, 2, 6),
(339, 3, 9),
(339, 7, 9),
(340, 1, 3),
(340, 2, 6),
(340, 3, 6),
(340, 7, 6),
(341, 2, 6),
(341, 3, 6),
(341, 7, 3),
(342, 2, 6),
(342, 3, 3),
(342, 8, 3),
(343, 3, 6),
(343, 7, 3),
(344, 1, 3),
(344, 2, 3),
(344, 3, 6),
(344, 7, 3),
(345, 2, 3),
(345, 3, 9),
(345, 8, 3),
(346, 1, 3),
(346, 2, 3),
(346, 3, 6),
(346, 8, 3),
(347, 2, 3),
(347, 3, 12),
(347, 8, 3),
(348, 1, 3),
(348, 2, 6),
(348, 3, 6),
(348, 8, 3),
(349, 2, 6),
(349, 3, 6),
(349, 8, 3),
(350, 2, 3),
(350, 3, 9),
(350, 7, 3),
(351, 1, 3),
(351, 3, 3),
(351, 7, 3),
(352, 2, 6),
(352, 3, 6),
(352, 7, 3),
(353, 2, 6),
(353, 3, 6),
(353, 7, 3),
(354, 1, 3),
(354, 2, 3),
(354, 3, 3),
(354, 7, 3),
(355, 2, 3),
(355, 3, 6),
(355, 8, 9),
(356, 1, 3),
(356, 2, 6),
(356, 3, 6),
(356, 8, 3),
(357, 2, 9),
(357, 3, 6),
(357, 8, 3),
(358, 2, 6),
(358, 3, 9),
(358, 8, 3),
(359, 1, 3),
(359, 2, 3),
(359, 3, 9),
(359, 8, 3),
(360, 2, 6),
(360, 3, 12),
(360, 7, 3),
(361, 2, 6),
(361, 3, 6),
(361, 7, 3),
(362, 2, 9),
(362, 3, 6),
(362, 8, 3),
(363, 2, 3),
(363, 3, 9),
(363, 8, 3),
(364, 2, 6),
(364, 3, 6),
(364, 8, 3),
(365, 2, 9),
(365, 3, 9),
(365, 7, 3),
(366, 2, 3),
(366, 3, 6),
(366, 7, 3),
(367, 2, 6),
(367, 3, 6),
(367, 8, 3),
(368, 2, 3),
(368, 3, 6),
(368, 8, 3),
(369, 1, 3),
(369, 2, 6),
(369, 3, 6),
(369, 8, 3),
(370, 1, 3),
(370, 2, 6),
(370, 3, 9),
(370, 7, 3),
(371, 2, 6),
(371, 3, 6),
(372, 1, 3),
(372, 2, 6),
(372, 3, 6),
(372, 8, 3),
(373, 2, 6),
(373, 3, 3),
(373, 7, 3),
(374, 1, 3),
(374, 2, 6),
(374, 3, 6),
(374, 8, 3),
(375, 2, 3),
(375, 3, 9),
(375, 8, 3),
(376, 2, 6),
(376, 3, 6),
(377, 1, 3),
(377, 2, 6),
(377, 3, 6),
(377, 7, 3),
(378, 2, 6),
(378, 3, 6),
(378, 8, 6),
(379, 2, 6),
(379, 3, 9),
(380, 2, 3),
(380, 3, 9),
(380, 8, 3),
(381, 2, 6),
(381, 3, 6),
(382, 2, 3),
(382, 3, 6),
(382, 8, 3),
(383, 2, 3),
(383, 3, 6),
(383, 8, 3),
(384, 1, 3),
(384, 2, 9),
(384, 3, 6),
(384, 8, 3),
(385, 2, 3),
(385, 3, 9),
(385, 8, 3),
(386, 2, 9),
(386, 3, 12),
(386, 8, 3),
(387, 1, 3),
(387, 2, 6),
(387, 3, 9),
(387, 7, 3),
(388, 2, 6),
(388, 3, 9),
(388, 7, 3),
(389, 2, 12),
(389, 3, 6),
(389, 7, 3),
(390, 2, 6),
(390, 3, 6),
(390, 7, 3),
(391, 1, 3),
(391, 2, 6),
(391, 3, 6),
(391, 7, 3),
(392, 1, 3),
(392, 2, 9),
(392, 3, 3),
(392, 8, 3),
(393, 2, 9),
(393, 3, 3),
(393, 8, 6),
(394, 1, 3),
(394, 2, 3),
(394, 3, 6),
(394, 8, 3),
(395, 1, 3),
(395, 2, 6),
(395, 3, 3),
(395, 7, 3),
(396, 2, 3),
(396, 3, 6),
(396, 7, 3),
(397, 1, 3),
(397, 2, 6),
(397, 3, 6),
(398, 1, 3),
(398, 2, 3),
(398, 3, 6),
(399, 2, 6),
(399, 3, 6),
(399, 10, 3),
(400, 1, 3),
(400, 2, 6),
(400, 3, 9),
(400, 7, 3),
(401, 2, 9),
(401, 3, 6),
(402, 2, 9),
(402, 3, 3),
(402, 8, 3),
(402, 10, 3),
(403, 2, 6),
(403, 3, 6),
(403, 7, 3),
(404, 2, 6),
(404, 3, 3),
(404, 8, 3),
(404, 10, 3),
(405, 1, 3),
(405, 2, 3),
(405, 3, 3),
(405, 10, 3),
(406, 2, 3),
(406, 3, 9),
(406, 7, 6),
(407, 2, 6),
(407, 3, 3),
(407, 9, 3),
(408, 2, 6),
(408, 3, 3),
(408, 8, 3),
(408, 10, 3),
(409, 1, 2.3),
(409, 2, 4.5),
(409, 3, 8),
(409, 7, 1.8),
(409, 9, 3),
(410, 1, 3),
(410, 2, 6),
(410, 3, 6),
(410, 7, 3),
(411, 1, 3),
(411, 2, 6),
(411, 3, 3),
(411, 8, 6),
(412, 2, 6),
(412, 3, 3),
(413, 2, 6),
(413, 3, 3),
(413, 8, 3),
(413, 10, 3),
(414, 2, 6),
(414, 3, 12),
(415, 2, 3),
(415, 3, 9),
(415, 7, 6),
(416, 2, 9),
(416, 3, 3),
(416, 8, 3),
(416, 10, 3),
(417, 2, 3),
(417, 3, 3),
(418, 2, 6),
(418, 3, 6),
(418, 8, 3),
(419, 2, 3),
(419, 3, 3),
(419, 8, 3),
(420, 2, 3),
(420, 3, 6),
(420, 8, 3),
(420, 10, 3),
(421, 1, 3),
(421, 2, 3),
(421, 3, 3),
(421, 10, 3),
(422, 2, 6),
(422, 3, 12),
(422, 7, 3),
(423, 1, 3),
(423, 2, 9),
(423, 3, 3),
(423, 7, 3),
(424, 2, 6),
(424, 3, 6),
(424, 7, 3),
(425, 2, 9),
(425, 3, 3),
(425, 9, 3),
(426, 2, 6),
(426, 3, 9),
(426, 8, 3),
(427, 2, 6),
(427, 3, 3),
(427, 8, 6),
(427, 10, 3),
(428, 2, 6),
(428, 3, 6),
(428, 10, 3),
(429, 1, 3),
(429, 2, 3),
(429, 3, 3),
(429, 10, 3),
(430, 2, 6),
(430, 3, 12),
(430, 8, 3),
(431, 2, 6),
(431, 3, 3),
(431, 8, 3),
(432, 1, 3),
(432, 2, 6),
(432, 3, 6),
(433, 1, 3),
(433, 2, 6),
(433, 3, 3),
(433, 8, 3),
(433, 10, 3),
(434, 2, 6),
(434, 3, 3),
(434, 10, 6),
(435, 1, 3),
(435, 2, 3),
(435, 3, 3),
(435, 8, 3),
(435, 10, 3),
(436, 1, 3),
(436, 2, 3),
(436, 3, 6),
(436, 8, 3),
(436, 10, 3),
(437, 2, 6),
(437, 3, 3),
(437, 8, 6),
(438, 2, 9),
(438, 3, 6),
(439, 2, 3),
(439, 3, 6),
(439, 8, 9),
(440, 2, 3),
(440, 3, 3),
(440, 10, 3),
(441, 2, 9),
(441, 3, 6),
(442, 2, 6),
(442, 3, 6),
(442, 8, 3),
(443, 1, 3),
(443, 2, 6),
(443, 3, 6),
(443, 8, 3),
(444, 2, 6),
(444, 3, 6),
(444, 8, 3),
(445, 2, 12),
(445, 3, 3),
(445, 8, 3),
(446, 2, 6),
(446, 3, 3),
(446, 10, 3),
(447, 2, 9),
(447, 3, 6),
(447, 8, 3),
(448, 2, 6),
(448, 3, 9),
(448, 8, 3),
(449, 2, 12),
(449, 3, 6),
(449, 8, 6),
(450, 1, 3),
(450, 2, 9),
(450, 3, 6),
(451, 2, 6),
(451, 3, 9),
(451, 8, 6),
(452, 1, 3),
(452, 2, 3),
(452, 3, 6),
(452, 10, 3),
(453, 2, 6),
(453, 3, 6),
(453, 8, 3),
(454, 1, 3),
(454, 2, 6),
(454, 3, 6),
(454, 8, 3),
(455, 1, 3),
(455, 2, 12),
(455, 7, 3),
(456, 2, 6),
(456, 3, 3),
(456, 8, 3),
(457, 1, 3),
(457, 2, 9),
(457, 3, 3),
(457, 8, 6),
(458, 2, 6),
(458, 3, 3),
(458, 8, 3),
(459, 1, 3),
(459, 2, 9),
(459, 3, 3),
(460, 2, 6),
(460, 3, 9),
(460, 8, 3),
(461, 2, 6),
(461, 3, 6),
(461, 8, 3),
(462, 1, 3),
(462, 2, 6),
(462, 3, 9),
(462, 8, 3),
(463, 2, 3),
(463, 8, 3),
(464, 2, 6),
(464, 3, 6),
(464, 8, 3),
(465, 2, 3),
(465, 3, 3),
(466, 2, 6),
(466, 3, 6),
(466, 8, 3),
(467, 2, 12),
(467, 3, 3),
(467, 8, 3),
(468, 2, 9),
(468, 3, 6),
(468, 8, 6),
(469, 2, 6),
(469, 3, 3),
(469, 8, 3),
(470, 2, 6),
(470, 3, 3),
(470, 8, 3),
(471, 1, 3),
(471, 2, 3),
(471, 3, 3),
(471, 8, 6),
(472, 2, 4),
(472, 3, 7),
(472, 8, 3),
(473, 2, 6),
(473, 3, 4),
(473, 8, 3),
(474, 2, 3),
(474, 3, 8),
(474, 8, 3),
(475, 2, 4),
(475, 3, 4),
(475, 8, 6),
(476, 1, 3),
(476, 2, 4),
(476, 3, 4),
(476, 8, 3),
(477, 1, 3),
(477, 2, 6),
(477, 3, 3),
(477, 8, 6),
(478, 2, 2),
(478, 3, 5),
(478, 8, 6),
(479, 1, 3),
(479, 2, 9),
(479, 3, 6),
(479, 8, 3),
(480, 2, 4),
(480, 3, 6),
(480, 8, 3),
(481, 2, 4),
(481, 3, 6),
(481, 8, 3),
(482, 1, 3),
(482, 2, 3),
(482, 3, 3),
(482, 8, 6),
(483, 2, 8),
(483, 3, 4),
(483, 8, 6),
(484, 2, 8),
(484, 3, 2),
(484, 8, 6),
(485, 2, 3),
(485, 3, 3),
(486, 1, 3),
(486, 2, 6),
(486, 3, 4),
(486, 8, 6),
(487, 2, 2),
(487, 3, 5),
(487, 8, 3),
(488, 1, 3),
(488, 2, 6),
(488, 3, 4),
(488, 8, 3),
(489, 2, 7),
(489, 3, 4),
(489, 8, 3),
(490, 2, 7),
(490, 3, 6),
(490, 8, 6),
(491, 2, 4),
(491, 3, 4),
(491, 8, 3),
(492, 1, 2),
(492, 2, 4),
(492, 3, 5),
(492, 8, 3),
(493, 2, 4),
(493, 3, 4),
(493, 8, 6),
(494, 2, 6),
(494, 3, 4),
(494, 8, 3),
(494, 9, 3),
(495, 1, 2),
(495, 2, 6),
(495, 3, 6),
(496, 1, 2),
(496, 2, 8),
(496, 3, 4),
(496, 8, 3),
(497, 2, 7),
(497, 3, 4),
(497, 8, 3),
(498, 2, 4),
(498, 3, 4),
(498, 10, 3),
(499, 1, 2),
(499, 2, 4),
(499, 3, 6),
(499, 8, 3),
(500, 1, 3),
(500, 2, 7),
(500, 3, 6),
(500, 8, 3),
(501, 2, 2),
(501, 3, 4),
(501, 10, 3),
(502, 1, 2),
(502, 2, 10),
(502, 3, 2),
(502, 8, 3),
(503, 2, 6),
(503, 3, 4),
(503, 8, 3),
(504, 2, 6),
(504, 3, 4),
(504, 8, 3),
(505, 2, 4),
(505, 3, 6),
(505, 8, 3),
(506, 2, 6),
(506, 3, 4),
(506, 8, 3),
(506, 10, 3),
(507, 1, 2),
(507, 2, 4),
(507, 3, 4),
(507, 8, 3),
(507, 10, 3),
(508, 2, 7.5),
(508, 3, 5),
(508, 8, 3),
(509, 1, 2.5),
(509, 2, 5),
(509, 3, 2.5),
(509, 10, 3),
(510, 2, 2),
(510, 3, 4),
(510, 8, 3),
(510, 10, 3),
(511, 2, 4),
(511, 3, 4),
(511, 8, 3),
(512, 2, 6),
(512, 3, 6),
(512, 10, 3),
(513, 1, 2),
(513, 2, 2),
(513, 3, 2),
(514, 2, 4),
(514, 3, 2),
(514, 8, 6),
(515, 1, 2),
(515, 2, 8),
(515, 3, 2),
(515, 8, 3),
(516, 1, 2),
(516, 2, 6),
(516, 3, 6),
(516, 8, 3),
(517, 2, 4),
(517, 3, 4),
(517, 8, 3),
(517, 10, 3),
(518, 2, 4),
(518, 3, 4),
(518, 8, 3),
(518, 10, 3),
(519, 2, 5),
(519, 3, 5),
(520, 2, 7.5),
(520, 3, 5),
(520, 10, 3);

-- --------------------------------------------------------

--
-- Структура таблицы `settings`
--

CREATE TABLE IF NOT EXISTS `settings` (
  `id` int(10) UNSIGNED NOT NULL AUTO_INCREMENT,
  `name` varchar(255) NOT NULL,
  `value` text,
  `code` varchar(50) NOT NULL,
  `sort` int(11) NOT NULL DEFAULT '9999',
  PRIMARY KEY (`id`)
) ENGINE=InnoDB AUTO_INCREMENT=6 DEFAULT CHARSET=utf8;

--
-- Дамп данных таблицы `settings`
--

INSERT INTO `settings` (`id`, `name`, `value`, `code`, `sort`) VALUES
(4, 'Активность парсинга', 'on', 'TOGGLE', 9999),
(5, 'Время последнего действия парсинга', '1486321792', 'TIME', 9999);

-- --------------------------------------------------------

--
-- Структура таблицы `species`
--

CREATE TABLE IF NOT EXISTS `species` (
  `id` tinyint(3) UNSIGNED NOT NULL AUTO_INCREMENT,
  `name` varchar(32) NOT NULL,
  PRIMARY KEY (`id`)
) ENGINE=InnoDB AUTO_INCREMENT=3 DEFAULT CHARSET=utf8;

--
-- Дамп данных таблицы `species`
--

INSERT INTO `species` (`id`, `name`) VALUES
(1, 'Береза'),
(2, 'Ель, пихта, сосна');

-- --------------------------------------------------------

--
-- Структура таблицы `stamp_type`
--

CREATE TABLE IF NOT EXISTS `stamp_type` (
  `id` smallint(5) UNSIGNED NOT NULL AUTO_INCREMENT,
  `name` varchar(64) NOT NULL,
  PRIMARY KEY (`id`)
) ENGINE=InnoDB AUTO_INCREMENT=6 DEFAULT CHARSET=utf8;

--
-- Дамп данных таблицы `stamp_type`
--

INSERT INTO `stamp_type` (`id`, `name`) VALUES
(3, 'Клещ 60 СЦ'),
(4, 'ВОХР'),
(5, 'ЛАВР и К РЖД');

-- --------------------------------------------------------

--
-- Структура таблицы `station`
--

CREATE TABLE IF NOT EXISTS `station` (
  `id` tinyint(3) UNSIGNED NOT NULL AUTO_INCREMENT,
  `name` varchar(64) NOT NULL,
  `branch_id` tinyint(3) UNSIGNED NOT NULL,
  PRIMARY KEY (`id`)
) ENGINE=InnoDB AUTO_INCREMENT=18 DEFAULT CHARSET=utf8;

--
-- Дамп данных таблицы `station`
--

INSERT INTO `station` (`id`, `name`, `branch_id`) VALUES
(1, 'Клещиха', 1),
(2, 'Томск-Грузовой', 1),
(3, 'Базаиха', 3),
(4, 'Иня-Восточная', 1),
(5, 'Новосибирск-Восточный', 1),
(11, 'Тальцы', 4),
(12, 'Батарейная', 5),
(13, 'Абакан', 6),
(14, 'Лесосибирск', 8),
(15, 'Братск', 7),
(16, 'Красноярск', 3),
(17, 'Карабула', 9);

-- --------------------------------------------------------

--
-- Структура таблицы `station_dest`
--

CREATE TABLE IF NOT EXISTS `station_dest` (
  `id` smallint(5) UNSIGNED NOT NULL AUTO_INCREMENT,
  `name` varchar(128) NOT NULL,
  PRIMARY KEY (`id`)
) ENGINE=InnoDB AUTO_INCREMENT=3 DEFAULT CHARSET=utf8;

--
-- Дамп данных таблицы `station_dest`
--

INSERT INTO `station_dest` (`id`, `name`) VALUES
(1, 'Синьчжу'),
(2, 'Маньчжурия');

-- --------------------------------------------------------

--
-- Структура таблицы `user`
--

CREATE TABLE IF NOT EXISTS `user` (
  `id` int(11) NOT NULL AUTO_INCREMENT,
  `login` varchar(128) NOT NULL,
  `password` varchar(128) NOT NULL,
  `name` varchar(255) NOT NULL,
  `email` varchar(128) NOT NULL,
  `surname` varchar(100) DEFAULT NULL,
  `active` tinyint(1) NOT NULL DEFAULT '1',
  `token` varchar(100) DEFAULT NULL,
  PRIMARY KEY (`id`)
) ENGINE=InnoDB AUTO_INCREMENT=22 DEFAULT CHARSET=utf8;

--
-- Дамп данных таблицы `user`
--

INSERT INTO `user` (`id`, `login`, `password`, `name`, `email`, `surname`, `active`, `token`) VALUES
(1, 'root', '85676905d35fb12da70e8cb8bc8cebb0', 'Михаил', 'beatbox787@gmail.com', 'Китаев', 1, '65d65cc279793a81d4b72294f66138c4'),
(4, 'van', '85676905d35fb12da70e8cb8bc8cebb0', 'Андрей', 'test@test.ru', 'Ван', 1, NULL),
(5, 'lera', '79cdbd83c1d2845f4ca5289b530c9722', 'Лера', 'test@test.ru', '', 1, NULL),
(6, 'alina', '57eba7a5594374b2d91066eb9e76af3b', 'Алина', 'lol', '', 1, NULL),
(8, 'lesofond.e.r@mail.ru', 'c08a6688a6695bab4d533c330c92edf6', 'Рамазанова Е.Г.', 'lesofond.e.r@mail.ru', '', 1, NULL),
(9, 'lesofond.tm@mail.ru', '268952003ce56fb515b5ac8f3b66f4ea', 'Тесман М.', 'lesofond.tm@mail.ru', '', 1, NULL),
(10, 'lesofond.vb@mail.ru', '68fa3f16ee2aca0a9cda29644f109711', 'Баранкова В.', 'lesofond.vb@mail.ru', '', 1, NULL),
(11, 'lesofond.lr@mail.ru', '0dc89e955be834270abcf82a67b78841', 'Лобач Р.А.', 'lesofond.lr@mail.ru', '', 1, NULL),
(12, 'alekseenko.tlt@mail.ru', '4e88fd5de0b7de931225171c03faa260', 'Алексеенко М.И.', 'alekseenko.tlt@mail.ru', '', 1, NULL),
(13, 'lesofond.ga@mail.ru', '9818bac8e3506e34de42ee437843352e', 'Громовая А.Н.', 'lesofond.ga@mail.ru', '', 1, NULL),
(14, 'lesofond.vz@mail.ru', 'cd60aa4fe7a9cea115515e438eeba813', 'Заковряшин В.А.', 'lesofond.vz@mail.ru', '', 1, NULL),
(15, 'lesofond.bd@mail.ru', 'c6d2e7076e78c29e3afe33da072ad2d6', 'Бодров Д.В.', 'lesofond.bd@mail.ru', '', 1, NULL),
(16, 'lesofond.yo@mail.ru', '7f8e49d49e6bbbb46f6f6c85ffd7db72', 'Урядникова О.И.', 'lesofond.yo@mail.ru', '', 1, NULL),
(18, 'lesofond.vm@mail.ru', '8c58078b96990bc11f7eb32964a5671c', 'Малуша В. А.', 'lesofond.vm@mail.ru', '', 1, NULL),
(19, 'og@lesofond.ru', 'b547f4a37f04323164386a2baf575ba5', 'Гершман О.', 'og@lesofond.ru', NULL, 1, NULL),
(20, 'minasyans@lesofond.ru', '421eec0b61906ec8908c6425c2589ad8', 'Минасян С.', 'minasyans@lesofond.ru', NULL, 1, NULL),
(21, 'o.kopylova.lesofond@mail.ru', 'f677bbe4a70d80136d9b30273c8a1bcf', 'Копылова О.', 'o.kopylova.lesofond@mail.ru', NULL, 1, NULL);

-- --------------------------------------------------------

--
-- Структура таблицы `user_branch`
--

CREATE TABLE IF NOT EXISTS `user_branch` (
  `user_id` int(10) UNSIGNED NOT NULL,
  `branch_id` tinyint(3) UNSIGNED NOT NULL,
  `w` tinyint(1) NOT NULL DEFAULT '0',
  PRIMARY KEY (`user_id`,`branch_id`)
) ENGINE=InnoDB DEFAULT CHARSET=utf8;

--
-- Дамп данных таблицы `user_branch`
--

INSERT INTO `user_branch` (`user_id`, `branch_id`, `w`) VALUES
(1, 1, 1),
(1, 3, 1),
(1, 4, 1),
(1, 5, 1),
(1, 6, 1),
(1, 7, 1),
(1, 8, 1),
(1, 9, 1),
(7, 1, 1),
(7, 3, 1),
(7, 4, 1),
(8, 1, 1),
(8, 3, 1),
(8, 4, 1),
(8, 5, 1),
(8, 6, 1),
(8, 7, 1),
(8, 8, 1),
(8, 9, 1),
(9, 3, 1),
(10, 3, 1),
(11, 1, 1),
(12, 1, 1),
(13, 1, 1),
(13, 3, 1),
(13, 4, 1),
(13, 5, 1),
(13, 6, 1),
(13, 7, 1),
(13, 8, 1),
(13, 9, 1),
(14, 1, 0),
(14, 3, 0),
(14, 4, 0),
(14, 5, 0),
(14, 6, 0),
(14, 7, 0),
(14, 8, 0),
(14, 9, 0),
(15, 4, 1),
(16, 5, 1),
(16, 7, 1),
(17, 1, 0),
(17, 3, 0),
(17, 4, 0),
(17, 5, 1),
(17, 6, 1),
(17, 7, 1),
(18, 1, 1),
(18, 3, 1),
(18, 4, 1),
(18, 5, 1),
(18, 6, 1),
(18, 7, 1),
(18, 8, 1),
(18, 9, 1),
(19, 1, 1),
(19, 3, 1),
(19, 4, 1),
(19, 5, 1),
(19, 6, 1),
(19, 7, 1),
(19, 8, 1),
(19, 9, 1),
(20, 1, 1),
(20, 3, 1),
(20, 4, 1),
(20, 5, 1),
(20, 6, 1),
(20, 7, 1),
(20, 8, 1),
(20, 9, 1),
(21, 6, 1),
(21, 8, 1),
(21, 9, 1);

-- --------------------------------------------------------

--
-- Структура таблицы `user_role`
--

CREATE TABLE IF NOT EXISTS `user_role` (
  `user_id` int(10) UNSIGNED NOT NULL,
  `role_id` int(10) UNSIGNED NOT NULL,
  PRIMARY KEY (`user_id`,`role_id`)
) ENGINE=InnoDB DEFAULT CHARSET=utf8;

--
-- Дамп данных таблицы `user_role`
--

INSERT INTO `user_role` (`user_id`, `role_id`) VALUES
(1, 1),
(4, 2),
(5, 4),
(5, 5),
(5, 6),
(5, 7),
(5, 8),
(5, 9),
(5, 10),
(6, 12),
(7, 13),
(8, 14),
(8, 15),
(9, 15),
(10, 15),
(11, 15),
(12, 15),
(13, 15),
(15, 15),
(16, 15),
(18, 14),
(18, 15),
(19, 15),
(20, 15),
(21, 15);

-- --------------------------------------------------------

--
-- Структура таблицы `user_settings`
--

CREATE TABLE IF NOT EXISTS `user_settings` (
  `user_id` int(10) UNSIGNED NOT NULL,
  `code` varchar(20) NOT NULL,
  `value` varchar(1000) NOT NULL,
  PRIMARY KEY (`user_id`,`code`)
) ENGINE=MyISAM DEFAULT CHARSET=utf8;

--
-- Дамп данных таблицы `user_settings`
--

INSERT INTO `user_settings` (`user_id`, `code`, `value`) VALUES
(1, 'CONTAINER_VIEW', '[\"issue_date\",\"number\",\"location\",\"exporter_group_id\",\"exporter_id\",\"station_id\",\"way_id\",\"dt\",\"container_place\",\"carrier_id\",\"weight\"]'),
(10, 'CONTAINER_VIEW', '[\"location\",\"exporter_group_id\",\"exporter_id\",\"station_id\",\"way_id\",\"station_dest_id\",\"destination_id\"]'),
(9, 'CONTAINER_VIEW', '[\"location\",\"exporter_group_id\",\"exporter_id\",\"station_id\",\"way_id\",\"station_dest_id\"]'),
(8, 'CONTAINER_VIEW', '[\"number\",\"location\",\"exporter_group_id\",\"exporter_id\",\"station_id\",\"way_id\",\"station_dest_id\",\"destination_id\",\"cargo\",\"owner_id\",\"stamp_type_id\",\"stamp_num\",\"loading_date\",\"loading_place_id\",\"weight\",\"dt\",\"shipment_num\",\"railway_num\",\"issue_date\",\"consignee_id\",\"custom_date\",\"border_date\",\"container_place\",\"kc\",\"st\",\"dhl_st\",\"dhl_fit\"]'),
(7, 'CONTAINER_VIEW', '[\"location\",\"exporter_group_id\",\"exporter_id\",\"station_id\",\"way_id\",\"station_dest_id\",\"destination_id\",\"stamp_num\",\"loading_date\"]'),
(1, 'CONTAINER_BRANCH_ID', '\"8\"'),
(1, 'CONTAINER_FILTER', '{\"date_from\":\"\",\"date_to\":\"\",\"number\":\"\",\"exporter_id\":\"\",\"station_id\":\"\",\"way_id\":\"\",\"dt\":\"\",\"carrier_id\":\"\"}'),
(8, 'CONTAINER_BRANCH_ID', '\"5\"'),
(8, 'CONTAINER_FILTER', '{\"number\":\"\",\"exporter_group_id\":\"\",\"exporter_id\":\"\",\"station_id\":\"\",\"way_id\":\"\",\"station_dest_id\":\"\",\"destination_id\":\"\",\"owner_id\":\"\",\"stamp_type_id\":\"\",\"stamp_num\":\"\",\"loading_place_id\":\"\",\"dt\":\"\",\"shipment_num\":\"\",\"railway_num\":\"\",\"consignee_id\":\"\",\"kc\":\"\",\"st\":\"\",\"dhl_st\":\"\",\"dhl_fit\":\"\"}'),
(14, 'CONTAINER_BRANCH_ID', '\"5\"'),
(14, 'CONTAINER_FILTER', '{\"number\":\"\",\"exporter_id\":\"\",\"station_id\":\"\"}'),
(14, 'CONTAINER_VIEW', '[\"number\",\"exporter_id\",\"station_id\",\"loading_date\",\"issue_date\",\"location\"]'),
(10, 'CONTAINER_BRANCH_ID', '\"3\"'),
(10, 'CONTAINER_FILTER', '{\"exporter_group_id\":\"\",\"exporter_id\":\"\",\"station_id\":\"\",\"way_id\":\"\",\"station_dest_id\":\"\",\"destination_id\":\"\",\"number\":\"\"}'),
(16, 'CONTAINER_BRANCH_ID', '\"5\"'),
(16, 'CONTAINER_FILTER', '{\"number\":\"\",\"exporter_id\":\"\",\"stamp_num\":\"\",\"dt\":\"\",\"shipment_num\":\"\"}'),
(16, 'CONTAINER_VIEW', '[\"number\",\"exporter_id\",\"stamp_num\",\"loading_date\",\"cargo\",\"dt\",\"shipment_num\"]'),
(17, 'CONTAINER_BRANCH_ID', '\"5\"'),
(17, 'CONTAINER_FILTER', '{\"number\":\"\",\"exporter_id\":\"\",\"station_id\":\"\",\"way_id\":\"\",\"station_dest_id\":\"\",\"destination_id\":\"\",\"owner_id\":\"\"}'),
(17, 'CONTAINER_VIEW', '[\"number\",\"exporter_id\",\"station_id\",\"way_id\",\"station_dest_id\",\"destination_id\",\"cargo\",\"owner_id\"]'),
(18, 'CONTAINER_FILTER', '{\"number\":\"\",\"exporter_id\":\"\",\"station_id\":\"\",\"way_id\":\"\",\"station_dest_id\":\"\",\"destination_id\":\"\",\"owner_id\":\"\"}'),
(18, 'CONTAINER_VIEW', '[\"number\",\"exporter_id\",\"station_id\",\"way_id\",\"station_dest_id\",\"destination_id\",\"owner_id\",\"loading_date\",\"loading_place_id\",\"carrier_id\",\"issue_date\",\"delivery_condition_id\"]'),
(18, 'CONTAINER_BRANCH_ID', '\"5\"'),
(20, 'CONTAINER_BRANCH_ID', '\"5\"'),
(20, 'CONTAINER_VIEW', '[\"number\",\"exporter_id\",\"station_id\",\"way_id\",\"station_dest_id\",\"destination_id\",\"issue_date\"]'),
(20, 'CONTAINER5_FILTER', '{\"number\":\"\",\"exporter_id\":\"\",\"station_id\":\"\",\"way_id\":\"\",\"station_dest_id\":\"\",\"destination_id\":\"\",\"date_from\":\"01.01.2018\",\"date_to\":\"\"}'),
(13, 'CONTAINER_BRANCH_ID', '\"5\"'),
(9, 'CONTAINER_BRANCH_ID', '\"3\"'),
(11, 'CONTAINER_BRANCH_ID', '\"1\"'),
(12, 'CONTAINER_BRANCH_ID', '\"1\"'),
(21, 'CONTAINER_BRANCH_ID', '\"8\"'),
(15, 'CONTAINER_BRANCH_ID', '\"4\"'),
(19, 'CONTAINER_BRANCH_ID', '\"5\"'),
(13, 'CONTAINER_VIEW', '[\"number\",\"exporter_id\",\"station_id\",\"way_id\",\"station_dest_id\",\"destination_id\",\"cargo\",\"owner_id\",\"issue_date\"]'),
(11, 'CONTAINER_VIEW', '[\"number\",\"exporter_id\",\"station_id\",\"way_id\",\"station_dest_id\",\"destination_id\",\"cargo\",\"owner_id\",\"stamp_type_id\",\"issue_date\"]');

-- --------------------------------------------------------

--
-- Структура таблицы `user_widget`
--

CREATE TABLE IF NOT EXISTS `user_widget` (
  `user_id` int(10) UNSIGNED NOT NULL,
  `widget_id` smallint(5) UNSIGNED NOT NULL,
  PRIMARY KEY (`user_id`,`widget_id`)
) ENGINE=InnoDB DEFAULT CHARSET=utf8;

--
-- Дамп данных таблицы `user_widget`
--

INSERT INTO `user_widget` (`user_id`, `widget_id`) VALUES
(1, 1),
(4, 1),
(5, 1);

-- --------------------------------------------------------

--
-- Структура таблицы `way`
--

CREATE TABLE IF NOT EXISTS `way` (
  `id` smallint(5) UNSIGNED NOT NULL AUTO_INCREMENT,
  `name` varchar(128) NOT NULL,
  PRIMARY KEY (`id`)
) ENGINE=InnoDB AUTO_INCREMENT=8 DEFAULT CHARSET=utf8;

--
-- Дамп данных таблицы `way`
--

INSERT INTO `way` (`id`, `name`) VALUES
(3, 'Наушки-эксп.'),
(4, 'Забайкальск-эксп.'),
(5, 'Мыс-Чуркин (эксп.)'),
(6, 'Владивосток-эксп.'),
(7, 'Гайдамак-экс.');

-- --------------------------------------------------------

--
-- Структура таблицы `widget`
--

CREATE TABLE IF NOT EXISTS `widget` (
  `id` smallint(5) UNSIGNED NOT NULL AUTO_INCREMENT,
  `code` varchar(20) NOT NULL,
  `name` varchar(50) NOT NULL,
  PRIMARY KEY (`id`)
) ENGINE=InnoDB AUTO_INCREMENT=2 DEFAULT CHARSET=utf8;

--
-- Дамп данных таблицы `widget`
--

INSERT INTO `widget` (`id`, `code`, `name`) VALUES
(1, 'widgetStats', 'Статистика');

-- --------------------------------------------------------

--
-- Структура таблицы `wood`
--

CREATE TABLE IF NOT EXISTS `wood` (
  `id` int(10) UNSIGNED NOT NULL AUTO_INCREMENT,
  `date` timestamp NOT NULL DEFAULT CURRENT_TIMESTAMP,
  `provider_id` int(10) UNSIGNED DEFAULT NULL,
  `cubage` float NOT NULL,
  `price` float NOT NULL,
  `sum` float NOT NULL DEFAULT '0',
  `payment_id` tinyint(4) NOT NULL DEFAULT '0',
  `car` varchar(10) NOT NULL,
  `who` varchar(128) DEFAULT NULL,
  `paid` tinyint(1) DEFAULT NULL,
  `comment` varchar(256) NOT NULL,
  `species_id` tinyint(3) UNSIGNED NOT NULL,
  `group_id` tinyint(3) UNSIGNED NOT NULL DEFAULT '1',
  PRIMARY KEY (`id`)
) ENGINE=InnoDB AUTO_INCREMENT=359 DEFAULT CHARSET=utf8;

--
-- Дамп данных таблицы `wood`
--

INSERT INTO `wood` (`id`, `date`, `provider_id`, `cubage`, `price`, `sum`, `payment_id`, `car`, `who`, `paid`, `comment`, `species_id`, `group_id`) VALUES
(5, '2018-01-04 21:00:00', NULL, 13, 3200, 41600, 1, 'Е962ТК', '', NULL, 'Лебедев', 1, 1),
(6, '2018-01-04 21:00:00', NULL, 14, 2600, 36400, 1, 'Е962ТК', '', NULL, 'Лебедев', 1, 1),
(7, '2018-01-04 21:00:00', NULL, 12.8, 3200, 40960, 1, 'Е718СХ', '', NULL, 'Лебедев', 1, 1),
(8, '2018-01-04 21:00:00', NULL, 13.2, 2600, 34320, 1, 'Е718СХ', '', NULL, 'Лебедев', 1, 1),
(9, '2018-01-04 21:00:00', NULL, 12.9, 3200, 41280, 1, 'С734ВН', '', NULL, 'Лебедев', 1, 1),
(10, '2018-01-04 21:00:00', NULL, 9.554, 2600, 24840.4, 1, 'С734ВН', '', NULL, 'Лебедев', 1, 1),
(11, '2018-01-05 21:00:00', NULL, 20.5, 3300, 67500, 1, 'У963ВС', '', NULL, '', 1, 1),
(12, '2018-01-05 21:00:00', NULL, 6, 3000, 18000, 1, 'Е609РУ', '', NULL, '', 1, 1),
(13, '2018-01-06 21:00:00', NULL, 9, 2900, 26000, 1, 'м086кк', '', NULL, '', 1, 1),
(14, '2018-01-06 21:00:00', NULL, 11, 3000, 33000, 1, 'Е969КЕ', '', NULL, '', 1, 1),
(15, '2018-01-06 21:00:00', NULL, 5, 3000, 15000, 1, 'Е148ММ', '', NULL, '', 1, 1),
(16, '2018-01-06 21:00:00', NULL, 9, 2900, 26000, 1, 'м086кк', '', NULL, '', 1, 1),
(17, '2018-01-07 21:00:00', NULL, 5.7, 3000, 17000, 1, 'Е609РУ', '', NULL, '', 1, 1),
(18, '2018-01-07 21:00:00', NULL, 4, 3000, 12000, 1, 'Е148ММ', '', NULL, '', 1, 1),
(19, '2018-01-07 21:00:00', NULL, 6, 3000, 18000, 1, 'Е148ММ', '', NULL, '', 1, 1),
(20, '2018-01-08 21:00:00', NULL, 21, 3300, 69300, 1, 'У963ВС', '', NULL, '', 1, 1),
(21, '2018-01-08 21:00:00', NULL, 26, 3000, 78000, 1, 'р955сх', '', NULL, '', 1, 1),
(22, '2018-01-08 21:00:00', NULL, 26, 3100, 80500, 1, 'к537нр', '', NULL, '', 1, 1),
(23, '2018-01-08 21:00:00', NULL, 6.3, 3000, 19000, 1, 'Е148ММ', '', NULL, '', 1, 1),
(24, '2018-01-09 21:00:00', NULL, 20, 3300, 66000, 1, 'У963ВС', '', NULL, '', 1, 1),
(25, '2018-01-09 21:00:00', NULL, 19, 2800, 53200, 1, 'Е383ТК', '', NULL, '', 1, 1),
(26, '2018-01-09 21:00:00', NULL, 25.5, 3100, 79000, 1, 'к537нр', '', NULL, '', 1, 1),
(27, '2018-01-09 21:00:00', NULL, 10, 3000, 30000, 1, 'о782см', '', NULL, '', 1, 1),
(28, '2018-01-09 21:00:00', NULL, 9, 3000, 27000, 1, 'в785тн', '', NULL, '', 1, 1),
(29, '2018-01-10 21:00:00', NULL, 10, 3000, 30000, 1, 'Е434МО', '', NULL, '', 1, 1),
(30, '2018-01-10 21:00:00', NULL, 21, 3000, 63000, 1, 'Е240ОТ', '', NULL, '', 1, 1),
(31, '2018-01-10 21:00:00', NULL, 25, 3000, 75000, 1, 'М535ХТ', '', NULL, '', 1, 1),
(32, '2018-01-11 21:00:00', NULL, 26, 3000, 78000, 1, 'М230СТ', '', NULL, '', 1, 1),
(33, '2018-01-11 21:00:00', NULL, 27, 3000, 81000, 1, 'В863ХВ', '', NULL, '', 1, 1),
(34, '2018-01-11 21:00:00', NULL, 30.5, 3100, 94550, 1, 'к537нр', '', NULL, '', 1, 1),
(35, '2018-01-11 21:00:00', NULL, 7, 3000, 21000, 1, 'Е609РУ', '', NULL, '', 1, 1),
(36, '2018-01-11 21:00:00', NULL, 8, 3000, 24000, 1, 'Е907СУ', '', NULL, '', 1, 1),
(37, '2018-01-11 21:00:00', NULL, 11, 3000, 33000, 1, 'Е240ОТ', '', NULL, '', 1, 1),
(38, '2018-01-11 21:00:00', NULL, 10, 3000, 30000, 1, 'Е434МО', '', NULL, '', 1, 1),
(39, '2018-01-11 21:00:00', NULL, 6, 3000, 18000, 1, 'Е148ММ', '', NULL, '', 1, 1),
(40, '2018-01-12 21:00:00', NULL, 11.5, 3000, 34500, 1, 'Е969КЕ', '', NULL, '', 1, 1),
(41, '2018-01-12 21:00:00', NULL, 24, 2800, 67200, 1, 'Е383ТК', '', NULL, '', 1, 1),
(42, '2018-01-12 21:00:00', NULL, 24, 2800, 67200, 1, 'н336ос', '', NULL, '', 1, 1),
(43, '2018-01-14 21:00:00', NULL, 13, 3100, 40300, 1, 'р700нр', '', NULL, '', 1, 1),
(44, '2018-01-14 21:00:00', NULL, 27, 3000, 81000, 1, 'М230СТ', '', NULL, '', 1, 1),
(45, '2018-01-14 21:00:00', NULL, 28, 3000, 84000, 1, 'В863ХВ', '', NULL, '', 1, 1),
(46, '2018-01-15 21:00:00', NULL, 13, 3100, 40300, 1, 'Е700РХ', '', NULL, '', 1, 1),
(47, '2018-01-16 21:00:00', NULL, 13, 3100, 40300, 1, 'Е700РХ', '', NULL, '', 1, 1),
(48, '2018-01-16 21:00:00', NULL, 6, 3000, 18000, 1, 'Е148ММ', '', NULL, '', 1, 1),
(49, '2018-01-16 21:00:00', NULL, 6.5, 3000, 19500, 1, 'Е907СУ', '', NULL, '', 1, 1),
(50, '2018-01-16 21:00:00', NULL, 13, 3100, 40300, 1, 'Е700РХ', '', NULL, '', 1, 1),
(51, '2018-01-16 21:00:00', NULL, 7, 2800, 19600, 1, 'Е907СУ', '', NULL, '', 1, 1),
(52, '2018-01-17 21:00:00', NULL, 13, 3100, 40300, 1, 'Е700РХ', '', NULL, '', 1, 1),
(53, '2018-01-17 21:00:00', NULL, 13, 3100, 40300, 1, 'Е700РХ', '', NULL, '', 1, 1),
(54, '2018-01-18 21:00:00', NULL, 26.5, 3000, 79500, 1, 'о396ее', '', NULL, '', 1, 1),
(55, '2018-01-24 21:00:00', NULL, 12, 3100, 37200, 1, 'Е700РХ', '', NULL, '', 1, 1),
(56, '2018-01-08 21:00:00', NULL, 39.4, 3100, 122140, 1, 'М224ЕС', '', NULL, '', 2, 1),
(57, '2018-01-08 21:00:00', NULL, 30.4, 3100, 94240, 1, 'В307ВМ', '', NULL, '', 2, 1),
(58, '2018-01-08 21:00:00', NULL, 35.8, 3100, 110980, 1, 'О314РК', '', NULL, '', 2, 1),
(59, '2018-01-08 21:00:00', NULL, 31.8, 3100, 98580, 1, 'С424УА', '', NULL, '', 2, 1),
(60, '2018-01-15 21:00:00', NULL, 30.6, 2900, 88740, 1, 'В404РА', '', NULL, '', 2, 1),
(61, '2018-01-15 21:00:00', NULL, 32.8, 2900, 95120, 1, 'В307ВМ', '', NULL, '', 2, 1),
(62, '2018-01-15 21:00:00', NULL, 34.8, 2900, 100920, 1, 'О314РК', '', NULL, '', 2, 1),
(63, '2018-01-09 21:00:00', 12, 22, 2800, 61600, 2, 'А564ОО', NULL, NULL, '', 1, 1),
(64, '2018-01-09 21:00:00', 12, 23.8, 2800, 66640, 2, 'О514МЕ', NULL, NULL, '', 1, 1),
(65, '2018-01-09 21:00:00', 12, 23.9, 2800, 66920, 2, 'Н165ЕР', NULL, NULL, '', 1, 1),
(66, '2018-01-04 21:00:00', 13, 4.546, 2600, 11819.6, 2, 'С734 ВН', NULL, NULL, '40%-60%', 1, 1),
(67, '2018-01-04 21:00:00', 13, 13.5, 3200, 43200, 2, 'М650РУ', NULL, NULL, '0%-40%', 1, 1),
(68, '2018-01-04 21:00:00', 13, 14.9, 2600, 38740, 2, 'М650РУ', NULL, NULL, '40%-60%', 1, 1),
(69, '2018-01-05 21:00:00', 13, 12.4, 3200, 39680, 2, 'Е718СХ', NULL, NULL, '0%-40%', 1, 1),
(70, '2018-01-05 21:00:00', 13, 14.3, 2600, 37180, 2, 'Е718СХ', NULL, NULL, '40%-60%', 1, 1),
(71, '2018-01-05 21:00:00', 13, 12.7, 3200, 40640, 2, 'Е962ТК', NULL, NULL, '0%-40%', 1, 1),
(72, '2018-01-05 21:00:00', 13, 14.3, 2600, 37180, 2, 'Е962ТК', NULL, NULL, '40%-60%', 1, 1),
(73, '2018-01-07 21:00:00', 13, 12.7, 3200, 40640, 2, 'Е962ТК', NULL, NULL, '0%-40%', 1, 1),
(74, '2018-01-07 21:00:00', 13, 14.3, 2600, 37180, 2, 'Е962ТК', NULL, NULL, '40%-60%', 1, 1),
(75, '2018-01-08 21:00:00', 13, 12.7, 3200, 40640, 2, 'Е718СХ', NULL, NULL, '0%-40%', 1, 1),
(76, '2018-01-08 21:00:00', 13, 14.3, 2600, 37180, 2, 'Е718СХ', NULL, NULL, '40%-60%', 1, 1),
(77, '2018-01-11 21:00:00', NULL, 35.132, 0, 0, 1, 'О282ТК', '', NULL, 'инкино', 1, 2),
(78, '2018-01-11 21:00:00', NULL, 35.312, 0, 0, 1, 'О060КА', '', NULL, 'инкино', 1, 2),
(79, '2018-01-11 21:00:00', NULL, 35.213, 0, 0, 1, 'Т200МТ', '', NULL, 'инкино', 1, 2),
(80, '2018-01-11 21:00:00', NULL, 35.132, 0, 0, 1, 'Е990КХ', '', NULL, 'инкино', 1, 2),
(81, '2018-01-11 21:00:00', NULL, 35.132, 0, 0, 1, 'С494ЕТ', '', NULL, 'инкино', 1, 2),
(82, '2018-01-12 21:00:00', NULL, 35.312, 0, 0, 1, 'О600РС', '', NULL, 'инкино', 1, 2),
(83, '2018-01-12 21:00:00', NULL, 35.413, 0, 0, 1, 'О454ЕЕ', '', NULL, 'инкино', 1, 2),
(84, '2018-01-25 21:00:00', NULL, 43.5, 3400, 147900, 1, 'К720КР', '', NULL, '28,12,2017', 2, 1),
(85, '2018-01-25 21:00:00', NULL, 43.3, 3400, 147220, 1, 'К732КР', '', NULL, '29,12,2017', 2, 1),
(86, '2018-01-25 21:00:00', NULL, 44, 3400, 149600, 1, 'К741КР', '', NULL, '29,12,2017', 2, 1),
(87, '2018-01-25 21:00:00', NULL, 43.6, 3400, 148240, 1, 'К732КР', '', NULL, '29,12,2017', 2, 1),
(88, '2018-01-25 21:00:00', NULL, 43.6, 3400, 148240, 1, 'К732КР', '', NULL, '18,01,2018', 2, 1),
(89, '2018-01-13 21:00:00', NULL, 33.132, 0, 0, 1, 'О282ТК', '', NULL, 'инкино', 1, 2),
(90, '2018-01-14 21:00:00', NULL, 35.132, 0, 0, 1, 'Е200МТ', '', NULL, 'инкино', 1, 2),
(91, '2018-01-14 21:00:00', NULL, 35.312, 0, 0, 1, 'С060КМ', '', NULL, 'инкино', 1, 2),
(92, '2018-01-15 21:00:00', NULL, 35.132, 0, 0, 1, 'О500АТ', '', NULL, 'инкино', 1, 2),
(93, '2018-01-15 21:00:00', NULL, 35.432, 0, 0, 1, 'Е990КХ', '', NULL, 'инкино', 1, 2),
(94, '2018-01-15 21:00:00', NULL, 37.132, 0, 40000, 1, 'К333ВВ', '', NULL, 'инкино', 1, 2),
(95, '2018-01-16 21:00:00', NULL, 35.431, 0, 0, 1, 'С060КМ', '', NULL, 'инкино', 1, 2),
(96, '2018-01-16 21:00:00', NULL, 35.321, 0, 0, 1, 'Е200МТ', '', NULL, 'инкино', 1, 2),
(97, '2018-01-16 21:00:00', NULL, 35.421, 0, 0, 1, 'Е990КХ', '', NULL, 'инкино', 1, 2),
(98, '2018-01-16 21:00:00', NULL, 35.313, 0, 0, 1, 'О600РС', '', NULL, 'инкино', 1, 2),
(99, '2018-01-17 21:00:00', NULL, 34.312, 0, 0, 1, 'О500АТ', '', NULL, 'инкино', 1, 2),
(100, '2018-01-18 21:00:00', NULL, 38.4, 0, 0, 1, 'к333вв', '', NULL, 'Бундюр (Кибиш)', 2, 3),
(101, '2018-01-18 21:00:00', NULL, 40.5, 0, 0, 1, 'а253оо', '', NULL, 'Бундюр (Кибиш)', 2, 3),
(102, '2018-01-18 21:00:00', 11, 29, 2500, 72500, 2, 'М230СТ', NULL, NULL, '', 1, 1),
(103, '2018-01-26 21:00:00', NULL, 45.138, 0, 0, 1, 'а253оо', '', NULL, 'Бундюр (Кибиш)', 2, 3),
(104, '2018-01-27 21:00:00', NULL, 45, 0, 0, 1, 'А253ОО', '', NULL, 'Бундюр (Кибиш)', 2, 3),
(105, '2018-01-27 21:00:00', 11, 28, 2500, 70000, 2, 'в863хв', NULL, NULL, '', 1, 1),
(106, '2018-01-27 21:00:00', 11, 28, 2500, 70000, 2, 'м230ст', NULL, NULL, '', 1, 1),
(107, '2018-01-27 21:00:00', NULL, 11.5, 3100, 35650, 1, 'Е700РХ', '', NULL, '', 1, 1),
(108, '2018-01-28 21:00:00', NULL, 45, 0, 0, 1, 'а253оо', '', NULL, '', 2, 3),
(109, '2018-01-28 21:00:00', NULL, 28, 3000, 84000, 1, 'В863ХВ', '', NULL, '', 1, 1),
(110, '2018-01-28 21:00:00', 11, 25, 2500, 62500, 2, 'М230СТ', NULL, NULL, '', 1, 1),
(111, '2018-01-28 21:00:00', NULL, 13, 3100, 40300, 1, 'Е700РХ', '', NULL, '', 1, 1),
(112, '2018-01-28 21:00:00', NULL, 35.312, 0, 0, 1, 'О600РС', '', NULL, '', 1, 2),
(113, '2018-01-28 21:00:00', NULL, 35.213, 0, 0, 1, 'Е011ММ', '', NULL, '', 1, 2),
(114, '2018-01-28 21:00:00', NULL, 35.312, 0, 0, 1, 'Е990КХ', '', NULL, '', 1, 2),
(115, '2018-01-28 21:00:00', NULL, 35.213, 0, 0, 1, 'С060КМ', '', NULL, '', 1, 2),
(116, '2018-01-28 21:00:00', NULL, 35.313, 0, 0, 1, 'Е200МТ', '', NULL, '', 1, 2),
(117, '2018-01-29 21:00:00', NULL, 45, 0, 0, 1, 'К333ВВ', '', NULL, '', 2, 3),
(118, '2018-01-29 21:00:00', NULL, 35.213, 0, 0, 1, 'О282ТК', '', NULL, '', 1, 2),
(119, '2018-01-29 21:00:00', 16, 5.75, 3500, 20125, 2, 'Е295КЕ', NULL, NULL, 'Хороший', 1, 1),
(120, '2018-01-29 21:00:00', 16, 26.86, 2800, 75208, 2, 'Е295КЕ', NULL, NULL, 'плохой', 1, 1),
(121, '2018-01-29 21:00:00', NULL, 21.651, 3100, 67118.1, 1, 'О314РК', '', NULL, '', 2, 1),
(122, '2018-01-29 21:00:00', NULL, 18.477, 3100, 57278.7, 1, 'В307ВМ', '', NULL, '', 2, 1),
(123, '2018-01-29 21:00:00', NULL, 35.132, 0, 0, 1, 'в373нр', '', NULL, '', 1, 2),
(124, '2018-01-29 21:00:00', NULL, 35.232, 0, 0, 1, 'Е200МТ', '', NULL, '', 1, 2),
(125, '2018-01-29 21:00:00', NULL, 35.312, 0, 0, 1, 'С060КМ', '', NULL, '', 1, 2),
(126, '2018-01-29 21:00:00', NULL, 6.6, 3000, 19800, 1, 'Е907СУ', '', NULL, '', 1, 1),
(127, '2018-01-29 21:00:00', NULL, 6.7, 3000, 20100, 1, 'Е907СУ', '', NULL, '', 1, 1),
(128, '2018-01-29 21:00:00', NULL, 35.132, 0, 0, 1, 'Е211ММ', '', NULL, '', 1, 2),
(129, '2018-01-29 21:00:00', NULL, 35.312, 0, 0, 1, 'О600РС', '', NULL, '', 1, 2),
(130, '2018-01-29 21:00:00', NULL, 35.312, 0, 30400, 1, 'М560КН', '', NULL, '38*800=30400', 1, 2),
(131, '2018-01-30 21:00:00', NULL, 35.132, 0, 30400, 1, 'К404ОУ', '', NULL, '38*800=30400', 1, 2),
(132, '2018-01-30 21:00:00', NULL, 45, 0, 0, 1, 'К333ВВ', '', NULL, '', 2, 3),
(133, '2018-01-30 21:00:00', NULL, 45, 0, 0, 1, 'а253оо', '', NULL, '', 2, 3),
(134, '2018-01-30 21:00:00', NULL, 13, 3000, 39000, 1, 'К675ТХ', '', NULL, '', 1, 1),
(135, '2018-01-30 21:00:00', NULL, 28.5, 3000, 85500, 1, 'О193МН', '', NULL, '', 1, 1),
(136, '2018-01-30 21:00:00', NULL, 32.312, 0, 30000, 1, 'Е031ОН', '', NULL, '37,5*800=30000', 1, 2),
(137, '2018-01-30 21:00:00', NULL, 35.312, 0, 0, 1, 'Е200МТ', '', NULL, '', 1, 2),
(138, '2018-01-30 21:00:00', NULL, 35.211, 0, 0, 1, 'С060КМ', '', NULL, '', 1, 2),
(139, '2018-01-30 21:00:00', NULL, 6, 3000, 18000, 1, 'Е907СУ', '', NULL, '', 1, 1),
(140, '2018-01-30 21:00:00', NULL, 11, 3000, 33000, 1, 'Е240ОТ', '', NULL, '', 1, 1),
(141, '2018-01-30 21:00:00', NULL, 10, 3000, 30000, 1, 'Е434МО', '', NULL, '', 1, 1),
(142, '2018-01-30 21:00:00', NULL, 9.5, 3000, 28500, 1, 'К781ТА', '', NULL, '', 1, 1),
(143, '2018-01-30 21:00:00', NULL, 34.132, 0, 30400, 1, 'М560КН', '', NULL, '38*800=30400', 1, 2),
(144, '2018-01-30 21:00:00', NULL, 34.132, 0, 0, 1, 'Е990КХ', '', NULL, '', 1, 2),
(145, '2018-01-30 21:00:00', NULL, 34.234, 0, 0, 1, 'О600РС', '', NULL, '', 1, 2),
(146, '2018-01-30 21:00:00', NULL, 33.872, 0, 0, 1, 'О454ЕЕ', '', NULL, '', 1, 2),
(147, '2018-01-30 21:00:00', NULL, 33.732, 0, 0, 1, 'Е011ММ', '', NULL, '', 1, 2),
(148, '2018-01-30 21:00:00', NULL, 33.132, 0, 30400, 1, 'В867ТМ', '', NULL, '38*800=30400', 1, 2),
(149, '2018-01-30 21:00:00', NULL, 33.312, 0, 30400, 1, 'М808РА', '', NULL, '38*800=30400', 1, 2),
(150, '2018-01-30 21:00:00', NULL, 33.135, 0, 30400, 1, 'К404ОУ', '', NULL, '38*800=30400', 1, 2),
(151, '2018-01-31 21:00:00', NULL, 33.132, 0, 30400, 1, 'О193МН', '', NULL, '38*800=30400', 1, 2),
(152, '2018-01-31 21:00:00', NULL, 33.321, 0, 30400, 1, 'Е187ММ', '', NULL, '38*800=30400', 1, 2),
(153, '2018-01-31 21:00:00', NULL, 23, 3000, 69000, 1, 'М535ХТ', '', NULL, '', 1, 1),
(154, '2018-01-31 21:00:00', NULL, 25, 3000, 75000, 1, 'С936ТХ', '', NULL, '', 1, 1),
(155, '2018-01-31 21:00:00', NULL, 32.132, 0, 30400, 1, 'В307ВМ', '', NULL, '38*800=30400', 1, 2),
(156, '2018-01-31 21:00:00', NULL, 32.132, 0, 30400, 1, 'О314РК', '', NULL, '38*800=30400', 1, 2),
(159, '2018-01-31 21:00:00', 6, 38.5, 1500, 57750, 2, 'Е164МТ', NULL, NULL, '', 1, 1),
(160, '2018-01-31 21:00:00', NULL, 32.138, 0, 30400, 1, 'Е207ОВ', '', NULL, '38*800=30400', 1, 2),
(161, '2018-01-31 21:00:00', NULL, 32.531, 0, 30400, 1, 'Н386ЕВ', '', NULL, '38*800=30400', 1, 2),
(162, '2018-01-31 21:00:00', 6, 38, 1500, 57000, 2, 'Е500ЕС', NULL, NULL, '', 1, 1),
(163, '2018-01-31 21:00:00', 9, 27, 2300, 62100, 2, 'К274ЕМ', NULL, NULL, '', 1, 1),
(164, '2018-01-31 21:00:00', 15, 28, 1500, 42000, 2, 'Е434МО', NULL, NULL, '', 1, 1),
(165, '2018-01-31 21:00:00', 16, 6.55, 3500, 22925, 2, 'Е500ЕС', NULL, NULL, '1-2 СОРТ', 1, 1),
(166, '2018-01-31 21:00:00', 16, 31.16, 2800, 87248, 2, 'Е500ЕС', NULL, NULL, '3 СОРТ', 1, 1),
(167, '2018-01-31 21:00:00', NULL, 32.132, 0, 30400, 1, 'К404ОУ', '', NULL, '38*800=30400', 1, 2),
(168, '2018-01-31 21:00:00', NULL, 45, 0, 0, 1, 'К333ВВ', '', NULL, '', 2, 3),
(169, '2018-01-31 21:00:00', NULL, 7, 3000, 21000, 1, 'Е907СУ', '', NULL, '', 1, 1),
(170, '2018-01-31 21:00:00', NULL, 12, 3000, 36000, 1, 'Е240ОТ', '', NULL, '', 1, 1),
(171, '2018-01-31 21:00:00', NULL, 11, 3000, 33000, 1, 'Е439МО', '', NULL, '', 1, 1),
(172, '2018-02-01 21:00:00', NULL, 35.132, 0, 0, 1, 'Е011ММ', '', NULL, '', 1, 2),
(173, '2018-02-01 21:00:00', NULL, 35.132, 0, 0, 1, 'О600РС', '', NULL, '', 1, 2),
(174, '2018-02-01 21:00:00', NULL, 32.132, 0, 30400, 1, 'Е592ХР', '', NULL, '38*800=30400', 1, 2),
(175, '2018-02-01 21:00:00', NULL, 28, 3000, 84000, 1, 'К675ТХ', '', NULL, '', 1, 1),
(176, '2018-02-01 21:00:00', NULL, 28, 3000, 84000, 1, 'Е295ТК', '', NULL, '', 1, 1),
(177, '2018-02-01 21:00:00', NULL, 45, 0, 0, 1, 'К333ВВ', '', NULL, '', 2, 3),
(178, '2018-02-01 21:00:00', NULL, 12, 0, 12000, 1, 'О031КЕ', '', NULL, '15*800=12000', 1, 2),
(179, '2018-02-01 21:00:00', 6, 38.5, 1500, 57750, 2, 'Е500ЕС', NULL, NULL, '', 1, 1),
(180, '2018-02-01 21:00:00', NULL, 5, 0, 4000, 1, 'О193МН', '', NULL, '5*800=4000', 1, 2),
(181, '2018-02-01 21:00:00', NULL, 32.132, 0, 30400, 1, 'е608су', '', NULL, '38*800=30400', 1, 2),
(182, '2018-02-01 21:00:00', NULL, 29.1, 3300, 96030, 1, 'Е394РХ', '', NULL, '', 1, 1),
(183, '2018-02-01 21:00:00', NULL, 28, 3000, 84000, 1, 'Е295ТК', '', NULL, '', 1, 1),
(184, '2018-02-01 21:00:00', NULL, 25, 3100, 77500, 1, 'к537нр', '', NULL, '', 1, 1),
(185, '2018-02-01 21:00:00', NULL, 45, 0, 0, 1, 'К333ВВ', '', NULL, '', 2, 3),
(186, '2018-02-02 21:00:00', NULL, 22, 3000, 66000, 1, 'К564ОО', '', NULL, '', 1, 1),
(187, '2018-02-02 21:00:00', NULL, 45, 0, 0, 1, 'К333ВВ', '', NULL, '', 2, 3),
(188, '2018-02-03 21:00:00', NULL, 27, 3000, 81000, 1, 'Е491ТК', '', NULL, '', 1, 1),
(189, '2018-02-03 21:00:00', NULL, 28, 3000, 84000, 1, 'Е295ТК', '', NULL, '', 1, 1),
(190, '2018-02-03 21:00:00', NULL, 44, 0, 0, 1, 'К333ВВ', '', NULL, '', 2, 3),
(191, '2018-02-03 21:00:00', NULL, 26, 3300, 85800, 1, 'Е394РХ', '', NULL, '', 1, 1),
(192, '2018-02-03 21:00:00', NULL, 15, 3000, 45000, 1, 'К675ТХ', '', NULL, '', 1, 1),
(193, '2018-02-03 21:00:00', NULL, 9, 3000, 27000, 1, 'н948ес', '', NULL, '', 1, 1),
(194, '2018-02-03 21:00:00', NULL, 45, 0, 0, 1, 'К333ВВ', '', NULL, '', 2, 3),
(195, '2018-02-04 21:00:00', NULL, 35, 0, 0, 1, 'С465ЕС', '', NULL, '', 2, 3),
(196, '2018-02-04 21:00:00', NULL, 14, 3000, 42000, 1, 'Е969КЕ', '', NULL, '', 1, 1),
(197, '2018-02-04 21:00:00', NULL, 28, 3000, 84000, 1, 'Е295ТК', '', NULL, '', 1, 1),
(198, '2018-02-05 21:00:00', NULL, 28.115, 0, 0, 1, 'С465ЕР', '', NULL, '', 2, 3),
(199, '2018-02-05 21:00:00', 16, 7.202, 3500, 25207, 2, 'О139МЕ', NULL, NULL, '1-2 СОРТ', 1, 1),
(200, '2018-02-05 21:00:00', NULL, 0.857, 3500, 2999.5, 1, 'О139МЕ', '', NULL, 'Латат', 1, 1),
(201, '2018-02-05 21:00:00', 16, 21.875, 2800, 61250, 2, 'О139МЕ', NULL, NULL, '3 СОРТ', 1, 1),
(202, '2018-02-05 21:00:00', 11, 21.762, 2500, 54405, 2, 'Е987МВ', NULL, NULL, '', 1, 1),
(203, '2018-02-05 21:00:00', 6, 31.312, 1500, 46968, 2, 'М122РЕ', NULL, NULL, '', 1, 1),
(204, '2018-02-05 21:00:00', NULL, 28, 3000, 84000, 1, 'Е295ТК', '', NULL, '', 1, 1),
(205, '2018-02-05 21:00:00', NULL, 0.714, 3500, 2499, 1, 'О139МЕ', '', NULL, 'Латат', 1, 1),
(206, '2018-02-05 21:00:00', 16, 4.615, 3500, 16152.5, 2, 'О139МЕ', NULL, NULL, '1-2 СОРТ', 1, 1),
(207, '2018-02-05 21:00:00', 16, 21.91, 2800, 61348, 2, 'О139МЕ', NULL, NULL, '3 СОРТ', 1, 1),
(208, '2018-02-05 21:00:00', NULL, 12, 3100, 37200, 1, 'Е700РХ', '', NULL, '', 1, 1),
(209, '2018-02-06 21:00:00', NULL, 7, 3000, 21000, 1, 'Е907СУ', '', NULL, '', 1, 1),
(210, '2018-02-06 21:00:00', 17, 28, 2000, 56000, 2, 'К185ЕР', NULL, NULL, '', 1, 1),
(211, '2018-02-06 21:00:00', NULL, 0, 0, 36400, 1, 'К185ЕР', '', NULL, 'Сатурн 28*1300', 1, 1),
(212, '2018-02-06 21:00:00', NULL, 0, 0, 39000, 1, 'К228ЕЕ', '', NULL, 'Сатурн 30*1300', 1, 1),
(213, '2018-02-06 21:00:00', 17, 30, 2000, 60000, 2, 'К228ЕЕ', NULL, NULL, '', 1, 1),
(214, '2018-02-06 21:00:00', NULL, 28, 3000, 84000, 1, 'Е295ТК', '', NULL, '', 1, 1),
(215, '2018-02-06 21:00:00', 11, 28, 2500, 70000, 2, 'К404ОУ', NULL, NULL, '', 1, 1),
(216, '2018-02-06 21:00:00', NULL, 10, 3000, 30000, 1, 'Е439МО', '', NULL, '', 1, 1),
(217, '2018-02-06 21:00:00', NULL, 10, 3000, 30000, 1, 'Е240ОТ', '', NULL, '', 1, 1),
(218, '2018-02-06 21:00:00', NULL, 28, 3000, 84000, 1, 'Е207ОВ', '', NULL, '', 1, 1),
(219, '2018-02-06 21:00:00', NULL, 7, 3000, 21000, 1, 'Е907СУ', '', NULL, '', 1, 1),
(220, '2018-02-06 21:00:00', NULL, 28, 3000, 84000, 1, 'О193МН', '', NULL, '', 1, 1),
(221, '2018-02-06 21:00:00', 6, 38.8, 1500, 58200, 2, 'Е295КЕ', NULL, NULL, '', 1, 1),
(222, '2018-02-07 21:00:00', 18, 34.462, 2400, 82708.8, 2, 'К566КЕ', NULL, NULL, '', 1, 1),
(223, '2018-02-07 21:00:00', 18, 34.185, 2400, 82044, 2, 'С042КН', NULL, NULL, '', 1, 1),
(224, '2018-01-29 21:00:00', 19, 11.909, 3100, 36917.9, 2, 'О314РК', NULL, NULL, '', 2, 1),
(225, '2018-01-29 21:00:00', 19, 10.163, 3100, 31505.3, 2, 'В307ВМ', NULL, NULL, '', 2, 1),
(226, '2018-02-07 21:00:00', 18, 35.013, 2400, 84031.2, 2, 'к566ке', NULL, NULL, '', 1, 1),
(227, '2018-02-07 21:00:00', 18, 32.026, 2400, 76862.4, 2, 'С042КН', NULL, NULL, '', 1, 1),
(228, '2018-02-07 21:00:00', 20, 36.661, 2800, 102651, 2, '922', NULL, NULL, '', 1, 1),
(229, '2018-02-07 21:00:00', 20, 36.624, 2800, 102547, 2, 'к773рн', NULL, NULL, '', 1, 1),
(230, '2018-02-07 21:00:00', 17, 25, 2000, 50000, 2, 'К185ЕР', NULL, NULL, '', 1, 1),
(231, '2018-02-07 21:00:00', 17, 25, 2000, 50000, 2, 'К228ЕЕ', NULL, NULL, '', 1, 1),
(232, '2018-02-07 21:00:00', 11, 26, 2500, 65000, 2, 'К404ОУ', NULL, NULL, '', 1, 1),
(233, '2018-02-07 21:00:00', 6, 38.8, 1500, 58200, 2, 'Е295КЕ', NULL, NULL, '', 1, 1),
(234, '2018-02-07 21:00:00', NULL, 0, 0, 32500, 1, 'К185ЕР', '', NULL, 'Сатурн 25*1300', 1, 1),
(235, '2018-02-07 21:00:00', NULL, 0, 0, 32500, 1, 'К228ЕЕ', '', NULL, 'Сатурн 25*1300', 1, 1),
(236, '2018-02-07 21:00:00', NULL, 28, 3000, 84000, 1, 'Е295ТК', '', NULL, '', 1, 1),
(237, '2018-02-07 21:00:00', NULL, 13, 3100, 40300, 1, 'Е700РХ', '', NULL, '', 1, 1),
(238, '2018-02-07 21:00:00', NULL, 12, 3000, 36000, 1, 'м736ру', '', NULL, '', 1, 1),
(239, '2018-02-07 21:00:00', 15, 27, 1500, 40500, 2, 'к469ен', NULL, NULL, '', 1, 1),
(240, '2018-02-07 21:00:00', NULL, 45, 0, 0, 1, 'К333ВВ', '', NULL, '', 2, 3),
(241, '2018-02-07 21:00:00', NULL, 0, 0, 35100, 1, 'О193МН', '', NULL, 'Сатурн 27*1300', 1, 1),
(242, '2018-02-07 21:00:00', 17, 27, 2000, 54000, 2, 'О193МН', NULL, NULL, '', 1, 1),
(243, '2018-02-07 21:00:00', NULL, 9, 3000, 27000, 1, 'е478оо', '', NULL, '', 1, 1),
(244, '2018-02-07 21:00:00', 20, 51.713, 2800, 144796, 2, 'к566кс', NULL, NULL, '', 1, 1),
(245, '2018-02-07 21:00:00', 20, 35.327, 2800, 98915.6, 2, 'к773рн', NULL, NULL, '', 1, 1),
(246, '2018-02-07 21:00:00', 20, 47.832, 2800, 133930, 2, 'с042кн', NULL, NULL, '', 1, 1),
(247, '2018-02-07 21:00:00', 20, 46.312, 2800, 129674, 2, 'е809еу', NULL, NULL, '', 1, 1),
(248, '2018-02-07 21:00:00', 20, 49.945, 2800, 139846, 2, '825', NULL, NULL, '', 1, 1),
(249, '2018-02-08 21:00:00', NULL, 45, 0, 0, 1, 'К333ВВ', '', NULL, '', 2, 3),
(250, '2018-02-08 21:00:00', 6, 38.8, 1500, 58200, 2, 'Е295КЕ', NULL, NULL, '', 1, 1),
(251, '2018-02-08 21:00:00', NULL, 16.5, 3000, 49500, 1, 'е357ее', '', NULL, '', 1, 1),
(252, '2018-02-08 21:00:00', NULL, 15.5, 3000, 46500, 1, 'е699су', '', NULL, '', 1, 1),
(253, '2018-02-08 21:00:00', NULL, 7, 3200, 22400, 1, 'Е148ММ', '', NULL, '', 1, 1),
(254, '2018-02-08 21:00:00', NULL, 13.1, 3100, 40610, 1, 'Е700РХ', '', NULL, '', 1, 1),
(255, '2018-02-08 21:00:00', 20, 38.211, 2800, 106991, 2, 'к733рн', NULL, NULL, '', 1, 1),
(256, '2018-02-08 21:00:00', 16, 6.117, 3500, 21409.5, 2, 'Т347ВВ', NULL, NULL, '1-2 СОРТ', 1, 1),
(257, '2018-02-08 21:00:00', 16, 22.8, 2800, 63840, 2, 'Т347ВВ', NULL, NULL, '3 СОРТ', 1, 1),
(258, '2018-02-08 21:00:00', 17, 29.5, 2000, 59000, 2, 'Е031ОН', NULL, NULL, '', 1, 1),
(259, '2018-02-08 21:00:00', NULL, 0, 0, 38250, 1, 'Е031ОН', '', NULL, 'Сатурн 29,5*1300', 1, 1),
(260, '2018-02-08 21:00:00', 16, 6.28, 3500, 21980, 2, 'Е687ХЕ', NULL, NULL, '1-2 СОРТ', 1, 1),
(261, '2018-02-08 21:00:00', 16, 25.995, 2800, 72786, 2, 'Е687ХЕ', NULL, NULL, '3 СОРТ', 1, 1),
(262, '2018-02-08 21:00:00', NULL, 10.5, 3000, 31500, 1, 'н948ес', '', NULL, '', 1, 1),
(263, '2018-02-08 21:00:00', NULL, 10, 3000, 30000, 1, 'Е439МО', '', NULL, '', 1, 1),
(264, '2018-02-08 21:00:00', NULL, 10.5, 3000, 31500, 1, 'Е240ОТ', '', NULL, '', 1, 1),
(265, '2018-02-08 21:00:00', 20, 54.882, 2800, 153670, 2, 'К566КЕ', NULL, NULL, '', 1, 1),
(266, '2018-02-08 21:00:00', 17, 26, 2000, 52000, 2, 'К185ЕР', NULL, NULL, '', 1, 1),
(267, '2018-02-08 21:00:00', NULL, 0, 0, 33800, 1, 'К185ЕР', '', NULL, 'Сатурн 26*1300', 1, 1),
(268, '2018-02-08 21:00:00', 17, 25, 2000, 50000, 2, 'К228ЕЕ', NULL, NULL, '', 1, 1),
(269, '2018-02-08 21:00:00', NULL, 0, 0, 32500, 1, 'К228ЕЕ', '', NULL, 'Сатурн 25*1300', 1, 1),
(270, '2018-02-08 21:00:00', NULL, 45, 0, 0, 1, 'К333ВВ', '', NULL, '', 2, 3),
(271, '2018-02-09 21:00:00', 6, 38.5, 1500, 57750, 2, 'Е295КЕ', NULL, NULL, '', 1, 1),
(272, '2018-02-09 21:00:00', 20, 43, 2800, 120400, 2, 'О041КН', NULL, NULL, '', 1, 1),
(273, '2018-02-09 21:00:00', NULL, 7.5, 3000, 22500, 1, 'М135КТ', '', NULL, '', 1, 1),
(274, '2018-02-09 21:00:00', NULL, 45, 0, 0, 1, 'К333ВВ', '', NULL, '', 2, 3),
(275, '2018-02-09 21:00:00', 9, 27, 2300, 62100, 2, 'К326НР', NULL, NULL, '', 1, 1),
(276, '2018-02-09 21:00:00', 17, 27, 2000, 54000, 2, 'Е394РХ', NULL, NULL, '', 1, 1),
(277, '2018-02-09 21:00:00', NULL, 0, 0, 35100, 1, 'Е394РХ', '', NULL, 'Сатурн 27*1300', 1, 1),
(278, '2018-02-09 21:00:00', 17, 28, 2000, 56000, 2, 'О993МН', NULL, NULL, '', 1, 1),
(279, '2018-02-09 21:00:00', NULL, 0, 0, 36400, 1, 'О993МН', '', NULL, 'Сатурн 28*1300', 1, 1),
(280, '2018-02-09 21:00:00', NULL, 12.5, 3000, 37500, 1, 'С666СУ', '', NULL, '', 1, 1),
(281, '2018-02-09 21:00:00', NULL, 12, 3100, 37200, 1, 'к537нр', '', NULL, '', 1, 1),
(282, '2018-02-09 21:00:00', NULL, 12.5, 3100, 38750, 1, 'Е700РХ', '', NULL, '', 1, 1),
(283, '2018-02-09 21:00:00', NULL, 10, 3000, 30000, 1, 'м736ру', '', NULL, '', 1, 1),
(284, '2018-02-09 21:00:00', NULL, 28, 3000, 84000, 1, 'м736ру', '', NULL, '', 1, 1),
(285, '2018-02-09 21:00:00', NULL, 0, 0, 36400, 1, 'Е394РХ', '', NULL, 'Сатурн 28*1300', 1, 1),
(286, '2018-02-09 21:00:00', NULL, 0, 0, 33800, 1, 'К228ЕЕ', '', NULL, 'Сатурн 26*1300', 1, 1),
(287, '2018-02-09 21:00:00', 17, 28, 2000, 56000, 2, 'Е394РХ', NULL, NULL, '', 1, 1),
(288, '2018-02-09 21:00:00', 17, 26, 2000, 52000, 2, 'К228ЕЕ', NULL, NULL, '', 1, 1),
(289, '2018-02-10 21:00:00', 17, 28.5, 2000, 57000, 2, 'К185ЕР', NULL, NULL, '', 1, 1),
(290, '2018-02-10 21:00:00', NULL, 0, 0, 37050, 1, 'К185ЕР', '', NULL, 'Сатурн 28,5*1300', 1, 1),
(291, '2018-02-10 21:00:00', NULL, 45, 0, 0, 1, 'К333ВВ', '', NULL, '', 2, 3),
(292, '2018-02-10 21:00:00', NULL, 0, 0, 33150, 1, 'О193МН', '', NULL, 'Сатурн 25.5*1300', 1, 1),
(293, '2018-02-10 21:00:00', 17, 25.5, 2000, 51000, 2, 'О193МН', NULL, NULL, '', 1, 1),
(294, '2018-02-10 21:00:00', NULL, 7, 3200, 22400, 1, 'Е148ММ', '', NULL, '', 1, 1),
(295, '2018-02-10 21:00:00', NULL, 13, 3000, 39000, 1, 'О245КМ', '', NULL, '', 1, 1),
(296, '2018-02-10 21:00:00', NULL, 24, 3000, 72000, 1, 'Е240ОТ', '', NULL, '', 1, 1),
(297, '2018-02-10 21:00:00', NULL, 45, 0, 0, 1, 'К333ВВ', '', NULL, '', 2, 3),
(298, '2018-02-10 21:00:00', NULL, 0, 0, 35750, 1, 'Е394РХ', '', NULL, 'Сатурн 27,5*1300', 1, 1),
(299, '2018-02-10 21:00:00', 17, 27.5, 2000, 55000, 2, 'Е394РХ', NULL, NULL, '', 1, 1),
(300, '2018-02-10 21:00:00', NULL, 13, 3000, 39000, 1, 'С666СУ', '', NULL, '', 1, 1),
(301, '2018-02-10 21:00:00', NULL, 14, 3000, 42000, 1, 'О245КМ', '', NULL, '', 1, 1),
(302, '2018-02-10 21:00:00', NULL, 10.3, 3100, 31900, 1, 'н948ес', '', NULL, '', 1, 1),
(303, '2018-02-11 21:00:00', NULL, 7, 3000, 21000, 1, 'М135КТ', '', NULL, '', 1, 1),
(304, '2018-02-11 21:00:00', NULL, 28, 3000, 84000, 1, 'Е295ТК', '', NULL, '', 1, 1),
(305, '2018-02-11 21:00:00', 9, 27, 2300, 62100, 2, 'К321НР', NULL, NULL, '', 1, 1),
(306, '2018-02-11 21:00:00', 9, 27, 2300, 62100, 2, 'К326НР', NULL, NULL, '', 1, 1),
(307, '2018-02-11 21:00:00', NULL, 0.914, 3500, 3199, 1, 'Е687ХЕ', '', NULL, 'Латат', 1, 1),
(308, '2018-02-11 21:00:00', NULL, 16.2, 3000, 48600, 1, 'е357ее', '', NULL, '', 1, 1),
(309, '2018-02-11 21:00:00', 16, 5.425, 3500, 18987.5, 2, 'Е687ХЕ', NULL, NULL, '1-2 СОРТ', 1, 1),
(310, '2018-02-11 21:00:00', 16, 25.36, 2800, 71008, 2, 'Е687ХЕ', NULL, NULL, '3 СОРТ', 1, 1),
(311, '2018-02-11 21:00:00', 9, 29, 2300, 66700, 2, 'к674тт', NULL, NULL, '', 1, 1),
(312, '2018-02-11 21:00:00', 6, 38.5, 1500, 57750, 2, 'Е295КЕ', NULL, NULL, '', 1, 1),
(313, '2018-02-11 21:00:00', NULL, 13, 3000, 39000, 1, 'О245КМ', '', NULL, '', 1, 1),
(314, '2018-02-11 21:00:00', NULL, 0, 0, 36400, 1, 'Е394РХ', '', NULL, 'Сатурн 28*1300', 1, 1),
(315, '2018-02-11 21:00:00', 17, 28, 2000, 56000, 2, 'Е394РХ', NULL, NULL, '', 1, 1),
(316, '2018-02-11 21:00:00', NULL, 0.9571, 3500, 3349.85, 1, 'Е687ХЕ', '', NULL, 'Латат', 1, 1),
(317, '2018-02-11 21:00:00', 16, 5.7428, 3500, 20099.8, 2, 'Е687ХЕ', NULL, NULL, '1-2 СОРТ', 1, 1),
(318, '2018-02-11 21:00:00', 16, 26.8, 2800, 75040, 2, 'Е687ХЕ', NULL, NULL, '3 СОРТ', 1, 1),
(319, '2018-02-11 21:00:00', 17, 25.5, 2000, 51000, 2, 'О193МН', NULL, NULL, '', 1, 1),
(320, '2018-02-11 21:00:00', NULL, 0, 0, 33150, 1, 'О193МН', '', NULL, 'Сатурн 25.5*1300', 1, 1),
(321, '2018-02-11 21:00:00', NULL, 12, 3100, 37200, 1, 'н948ес', '', NULL, '', 1, 1),
(322, '2018-02-11 21:00:00', NULL, 28, 3000, 84000, 1, 'Е295ТК', '', NULL, '', 1, 1),
(323, '2018-02-11 21:00:00', 9, 27, 2300, 62100, 2, 'К326НР', NULL, NULL, '', 1, 1),
(324, '2018-02-11 21:00:00', 9, 27, 2300, 62100, 2, 'К321НР', NULL, NULL, '', 1, 1),
(325, '2018-02-11 21:00:00', 9, 29, 2300, 66700, 2, 'К674ТТ', NULL, NULL, '', 1, 1),
(326, '2018-02-12 21:00:00', NULL, 0.9142, 3500, 3199.7, 1, 'Т347ВВ', '', NULL, 'Латат', 1, 1),
(327, '2018-02-12 21:00:00', 16, 5.5057, 3500, 19269.9, 2, 'Т347ВВ', NULL, NULL, '1-2 СОРТ', 1, 1),
(328, '2018-02-12 21:00:00', 16, 25.68, 2800, 71904, 2, 'Т347ВВ', NULL, NULL, '3 СОРТ', 1, 1),
(329, '2018-02-08 21:00:00', NULL, 0.857, 3500, 2999.5, 1, 'Т347ВВ', '', NULL, 'Латат', 1, 1),
(330, '2018-02-08 21:00:00', NULL, 0.942, 3500, 3297, 1, 'Е687ХЕ', '', NULL, 'Латат', 1, 1),
(331, '2018-02-12 21:00:00', NULL, 0.9714, 3500, 3399.9, 1, 'Е687ХЕ', '', NULL, 'Латат', 1, 1),
(332, '2018-02-12 21:00:00', 16, 5.9085, 3500, 20679.8, 2, 'Е687ХЕ', NULL, NULL, '1-2 СОРТ', 1, 1),
(333, '2018-02-12 21:00:00', 16, 27.52, 2800, 77056, 2, 'Е687ХЕ', NULL, NULL, '3 СОРТ', 1, 1),
(334, '2018-02-12 21:00:00', NULL, 0, 0, 35100, 1, 'Е394РХ', '', NULL, 'Сатурн 27*1300', 1, 1),
(335, '2018-02-12 21:00:00', 17, 27, 2000, 54000, 2, 'Е394РХ', NULL, NULL, '', 1, 1),
(336, '2018-02-12 21:00:00', 17, 26, 2000, 52000, 2, 'К228ЕЕ', NULL, NULL, '', 1, 1),
(337, '2018-02-12 21:00:00', NULL, 0, 0, 33800, 1, 'К228ЕЕ', '', NULL, 'Сатурн 26*1300', 1, 1),
(338, '2018-02-12 21:00:00', 20, 33.662, 2800, 94253.6, 2, 'К773РН', NULL, NULL, '', 1, 1),
(339, '2018-02-12 21:00:00', 20, 42.85, 2800, 119980, 2, 'К774НТ', NULL, NULL, '', 1, 1),
(340, '2018-02-12 21:00:00', 6, 38.6, 1500, 57900, 2, 'Е295КЕ', NULL, NULL, '', 1, 1),
(341, '2018-02-12 21:00:00', 9, 25.89, 2300, 59547, 2, 'К279ЕМ', NULL, NULL, '', 1, 1),
(342, '2018-02-12 21:00:00', 9, 24.1, 2300, 55430, 2, 'Е735ОЕ', NULL, NULL, '', 1, 1),
(343, '2018-02-12 21:00:00', 9, 23.92, 2300, 55016, 2, 'К321НР', NULL, NULL, '', 1, 1),
(344, '2018-02-12 21:00:00', 9, 30, 2300, 69000, 2, 'К674ТТ', NULL, NULL, '', 1, 1),
(345, '2018-02-12 21:00:00', NULL, 6.5, 3200, 20800, 1, 'Е148ММ', '', NULL, '', 1, 1),
(346, '2018-02-12 21:00:00', NULL, 29, 3000, 87000, 1, 'Е295ТК', '', NULL, '', 1, 1),
(347, '2018-02-12 21:00:00', NULL, 6.5, 3000, 19500, 1, 'Е907СУ', '', NULL, '', 1, 1),
(348, '2018-02-12 21:00:00', NULL, 12, 3000, 36000, 1, 'О245КМ', '', NULL, '', 1, 1),
(349, '2018-02-12 21:00:00', NULL, 13, 3100, 40300, 1, 'Е700РХ', '', NULL, '', 1, 1),
(350, '2018-02-12 21:00:00', NULL, 31, 3100, 96100, 1, 'к537нр', '', NULL, '', 1, 1),
(351, '2018-02-12 21:00:00', NULL, 0, 0, 32500, 1, 'О193МН', '', NULL, 'Сатурн 25*1300', 1, 1),
(352, '2018-02-12 21:00:00', 17, 25, 2000, 50000, 2, 'О193МН', NULL, NULL, '', 1, 1),
(353, '2018-02-12 21:00:00', 17, 25, 2000, 50000, 2, 'К228ЕЕ', NULL, NULL, '', 1, 1),
(354, '2018-02-12 21:00:00', NULL, 0, 0, 32500, 1, 'К228ЕЕ', '', NULL, 'Сатурн 25*1300', 1, 1),
(355, '2018-02-12 21:00:00', 17, 26, 2000, 52000, 2, 'Е394РХ', NULL, NULL, '', 1, 1),
(356, '2018-02-12 21:00:00', NULL, 0, 0, 33800, 1, 'Е394РХ', '', NULL, 'Сатурн 26*1300', 1, 1),
(357, '2018-02-13 21:00:00', 6, 38.5, 1500, 57750, 2, 'Е295КЕ', NULL, NULL, '', 1, 1),
(358, '2018-02-13 21:00:00', 20, 29.555, 2800, 82754, 2, 'к922ое', NULL, NULL, '', 1, 1);

-- --------------------------------------------------------

--
-- Структура таблицы `wood_group`
--

CREATE TABLE IF NOT EXISTS `wood_group` (
  `id` tinyint(3) UNSIGNED NOT NULL AUTO_INCREMENT,
  `name` varchar(32) NOT NULL,
  `sort` smallint(5) UNSIGNED NOT NULL DEFAULT '500',
  PRIMARY KEY (`id`)
) ENGINE=InnoDB AUTO_INCREMENT=4 DEFAULT CHARSET=utf8;

--
-- Дамп данных таблицы `wood_group`
--

INSERT INTO `wood_group` (`id`, `name`, `sort`) VALUES
(1, 'Общая', 100),
(2, 'Инкино', 200),
(3, 'Бундюр (Кибиш)', 300);

-- --------------------------------------------------------

--
-- Структура таблицы `worker`
--

CREATE TABLE IF NOT EXISTS `worker` (
  `id` smallint(10) UNSIGNED NOT NULL AUTO_INCREMENT,
  `name` varchar(80) NOT NULL,
  `post_id` tinyint(3) UNSIGNED NOT NULL,
  `salary` smallint(5) UNSIGNED NOT NULL,
  PRIMARY KEY (`id`)
) ENGINE=InnoDB AUTO_INCREMENT=8 DEFAULT CHARSET=utf8;

--
-- Дамп данных таблицы `worker`
--

INSERT INTO `worker` (`id`, `name`, `post_id`, `salary`) VALUES
(2, 'Федоров Петр Арсеньевич', 2, 500),
(3, 'Чехов Антон Павлович', 2, 600),
(4, 'Павлов Сергей Сергеевич', 2, 1000),
(5, 'Семенов Сергей Андреевич', 1, 0),
(6, 'Курносов Андрей Викторович', 1, 0),
(7, 'Пименов Владислав Михайлович', 1, 0);

/*!40101 SET CHARACTER_SET_CLIENT=@OLD_CHARACTER_SET_CLIENT */;
/*!40101 SET CHARACTER_SET_RESULTS=@OLD_CHARACTER_SET_RESULTS */;
/*!40101 SET COLLATION_CONNECTION=@OLD_COLLATION_CONNECTION */;
